step,time_s,person_id,x,y,evacuated,heading,risk,dose,conflict,exit_switch
0,0.0,0,1,1,False,,,,,
0,0.0,1,1,1,False,,,,,
0,0.0,2,1,1,False,,,,,
0,0.0,3,1,1,False,,,,,
0,0.0,4,1,1,False,,,,,
0,0.0,5,1,1,False,,,,,
0,0.0,6,1,1,False,,,,,
0,0.0,7,1,1,False,,,,,
0,0.0,8,1,1,False,,,,,
0,0.0,9,1,1,False,,,,,
0,0.0,10,1,1,False,,,,,
0,0.0,11,1,1,False,,,,,
0,0.0,12,1,1,False,,,,,
0,0.0,13,1,1,False,,,,,
0,0.0,14,1,1,False,,,,,
0,0.0,15,1,1,False,,,,,
0,0.0,16,1,1,False,,,,,
0,0.0,17,1,1,False,,,,,
0,0.0,18,1,1,False,,,,,
0,0.0,19,1,1,False,,,,,
0,0.0,20,1,1,False,,,,,
0,0.0,21,1,1,False,,,,,
0,0.0,22,1,1,False,,,,,
0,0.0,23,1,1,False,,,,,
0,0.0,24,1,1,False,,,,,
0,0.0,25,1,1,False,,,,,
0,0.0,26,1,1,False,,,,,
0,0.0,27,1,1,False,,,,,
0,0.0,28,1,1,False,,,,,
0,0.0,29,1,1,False,,,,,
0,0.0,30,1,1,False,,,,,
0,0.0,31,1,1,False,,,,,
0,0.0,32,1,1,False,,,,,
0,0.0,33,1,1,False,,,,,
0,0.0,34,1,1,False,,,,,
0,0.0,35,1,1,False,,,,,
0,0.0,36,1,1,False,,,,,
0,0.0,37,1,1,False,,,,,
0,0.0,38,1,1,False,,,,,
0,0.0,39,1,1,False,,,,,
1,0.5,0,1,2,False,,,,,
1,0.5,1,1,2,False,,,,,
1,0.5,2,1,2,False,,,,,
1,0.5,3,1,2,False,,,,,
1,0.5,4,1,2,False,,,,,
1,0.5,5,1,2,False,,,,,
1,0.5,6,1,2,False,,,,,
1,0.5,7,1,2,False,,,,,
1,0.5,8,1,2,False,,,,,
1,0.5,9,1,2,False,,,,,
1,0.5,10,1,2,False,,,,,
1,0.5,11,1,2,False,,,,,
1,0.5,12,1,2,False,,,,,
1,0.5,13,1,2,False,,,,,
1,0.5,14,1,2,False,,,,,
1,0.5,15,1,2,False,,,,,
1,0.5,16,1,2,False,,,,,
1,0.5,17,1,2,False,,,,,
1,0.5,18,1,2,False,,,,,
1,0.5,19,1,2,False,,,,,
1,0.5,20,1,2,False,,,,,
1,0.5,21,1,2,False,,,,,
1,0.5,22,1,2,False,,,,,
1,0.5,23,1,2,False,,,,,
1,0.5,24,1,2,False,,,,,
1,0.5,25,1,2,False,,,,,
1,0.5,26,1,2,False,,,,,
1,0.5,27,1,2,False,,,,,
1,0.5,28,1,2,False,,,,,
1,0.5,29,1,2,False,,,,,
1,0.5,30,1,2,False,,,,,
1,0.5,31,1,2,False,,,,,
1,0.5,32,1,2,False,,,,,
1,0.5,33,1,2,False,,,,,
1,0.5,34,1,2,False,,,,,
1,0.5,35,1,2,False,,,,,
1,0.5,36,1,2,False,,,,,
1,0.5,37,1,2,False,,,,,
1,0.5,38,1,2,False,,,,,
1,0.5,39,1,2,False,,,,,
2,1.0,0,1,1,False,,,,,
2,1.0,1,1,1,False,,,,,
2,1.0,2,1,1,False,,,,,
2,1.0,3,1,1,False,,,,,
2,1.0,4,1,1,False,,,,,
2,1.0,5,1,1,False,,,,,
2,1.0,6,1,1,False,,,,,
2,1.0,7,1,1,False,,,,,
2,1.0,8,1,1,False,,,,,
2,1.0,9,1,1,False,,,,,
2,1.0,10,1,1,False,,,,,
2,1.0,11,1,1,False,,,,,
2,1.0,12,1,1,False,,,,,
2,1.0,13,1,1,False,,,,,
2,1.0,14,1,1,False,,,,,
2,1.0,15,1,1,False,,,,,
2,1.0,16,1,1,False,,,,,
2,1.0,17,1,1,False,,,,,
2,1.0,18,1,1,False,,,,,
2,1.0,19,1,1,False,,,,,
2,1.0,20,1,1,False,,,,,
2,1.0,21,1,1,False,,,,,
2,1.0,22,1,1,False,,,,,
2,1.0,23,1,1,False,,,,,
2,1.0,24,1,1,False,,,,,
2,1.0,25,1,1,False,,,,,
2,1.0,26,1,1,False,,,,,
2,1.0,27,1,1,False,,,,,
2,1.0,28,1,1,False,,,,,
2,1.0,29,1,1,False,,,,,
2,1.0,30,1,1,False,,,,,
2,1.0,31,1,1,False,,,,,
2,1.0,32,1,1,False,,,,,
2,1.0,33,1,1,False,,,,,
2,1.0,34,1,1,False,,,,,
2,1.0,35,1,1,False,,,,,
2,1.0,36,1,1,False,,,,,
2,1.0,37,1,1,False,,,,,
2,1.0,38,1,1,False,,,,,
2,1.0,39,1,1,False,,,,,
3,1.5,0,1,2,False,,,,,
3,1.5,1,1,2,False,,,,,
3,1.5,2,1,2,False,,,,,
3,1.5,3,1,2,False,,,,,
3,1.5,4,1,2,False,,,,,
3,1.5,5,1,2,False,,,,,
3,1.5,6,1,2,False,,,,,
3,1.5,7,1,2,False,,,,,
3,1.5,8,1,2,False,,,,,
3,1.5,9,1,2,False,,,,,
3,1.5,10,1,2,False,,,,,
3,1.5,11,1,2,False,,,,,
3,1.5,12,1,2,False,,,,,
3,1.5,13,1,2,False,,,,,
3,1.5,14,1,2,False,,,,,
3,1.5,15,1,2,False,,,,,
3,1.5,16,1,2,False,,,,,
3,1.5,17,1,2,False,,,,,
3,1.5,18,1,2,False,,,,,
3,1.5,19,1,2,False,,,,,
3,1.5,20,1,2,False,,,,,
3,1.5,21,1,2,False,,,,,
3,1.5,22,1,2,False,,,,,
3,1.5,23,1,2,False,,,,,
3,1.5,24,1,2,False,,,,,
3,1.5,25,1,2,False,,,,,
3,1.5,26,1,2,False,,,,,
3,1.5,27,1,2,False,,,,,
3,1.5,28,1,2,False,,,,,
3,1.5,29,1,2,False,,,,,
3,1.5,30,1,2,False,,,,,
3,1.5,31,1,2,False,,,,,
3,1.5,32,1,2,False,,,,,
3,1.5,33,1,2,False,,,,,
3,1.5,34,1,2,False,,,,,
3,1.5,35,1,2,False,,,,,
3,1.5,36,1,2,False,,,,,
3,1.5,37,1,2,False,,,,,
3,1.5,38,1,2,False,,,,,
3,1.5,39,1,2,False,,,,,
4,2.0,0,1,1,False,,,,,
4,2.0,1,1,1,False,,,,,
4,2.0,2,1,1,False,,,,,
4,2.0,3,1,1,False,,,,,
4,2.0,4,1,1,False,,,,,
4,2.0,5,1,1,False,,,,,
4,2.0,6,1,1,False,,,,,
4,2.0,7,1,1,False,,,,,
4,2.0,8,1,1,False,,,,,
4,2.0,9,1,1,False,,,,,
4,2.0,10,1,1,False,,,,,
4,2.0,11,1,1,False,,,,,
4,2.0,12,1,1,False,,,,,
4,2.0,13,1,1,False,,,,,
4,2.0,14,1,1,False,,,,,
4,2.0,15,1,1,False,,,,,
4,2.0,16,1,1,False,,,,,
4,2.0,17,1,1,False,,,,,
4,2.0,18,1,1,False,,,,,
4,2.0,19,1,1,False,,,,,
4,2.0,20,1,1,False,,,,,
4,2.0,21,1,1,False,,,,,
4,2.0,22,1,1,False,,,,,
4,2.0,23,1,1,False,,,,,
4,2.0,24,1,1,False,,,,,
4,2.0,25,1,1,False,,,,,
4,2.0,26,1,1,False,,,,,
4,2.0,27,1,1,False,,,,,
4,2.0,28,1,1,False,,,,,
4,2.0,29,1,1,False,,,,,
4,2.0,30,1,1,False,,,,,
4,2.0,31,1,1,False,,,,,
4,2.0,32,1,1,False,,,,,
4,2.0,33,1,1,False,,,,,
4,2.0,34,1,1,False,,,,,
4,2.0,35,1,1,False,,,,,
4,2.0,36,1,1,False,,,,,
4,2.0,37,1,1,False,,,,,
4,2.0,38,1,1,False,,,,,
4,2.0,39,1,1,False,,,,,
5,2.5,0,1,2,False,,,,,
5,2.5,1,1,2,False,,,,,
5,2.5,2,1,2,False,,,,,
5,2.5,3,1,2,False,,,,,
5,2.5,4,1,2,False,,,,,
5,2.5,5,1,2,False,,,,,
5,2.5,6,1,2,False,,,,,
5,2.5,7,1,2,False,,,,,
5,2.5,8,1,2,False,,,,,
5,2.5,9,1,2,False,,,,,
5,2.5,10,1,2,False,,,,,
5,2.5,11,1,2,False,,,,,
5,2.5,12,1,2,False,,,,,
5,2.5,13,1,2,False,,,,,
5,2.5,14,1,2,False,,,,,
5,2.5,15,1,2,False,,,,,
5,2.5,16,1,2,False,,,,,
5,2.5,17,1,2,False,,,,,
5,2.5,18,1,2,False,,,,,
5,2.5,19,1,2,False,,,,,
5,2.5,20,1,2,False,,,,,
5,2.5,21,1,2,False,,,,,
5,2.5,22,1,2,False,,,,,
5,2.5,23,1,2,False,,,,,
5,2.5,24,1,2,False,,,,,
5,2.5,25,1,2,False,,,,,
5,2.5,26,1,2,False,,,,,
5,2.5,27,1,2,False,,,,,
5,2.5,28,1,2,False,,,,,
5,2.5,29,1,2,False,,,,,
5,2.5,30,1,2,False,,,,,
5,2.5,31,1,2,False,,,,,
5,2.5,32,1,2,False,,,,,
5,2.5,33,1,2,False,,,,,
5,2.5,34,1,2,False,,,,,
5,2.5,35,1,2,False,,,,,
5,2.5,36,1,2,False,,,,,
5,2.5,37,1,2,False,,,,,
5,2.5,38,1,2,False,,,,,
5,2.5,39,1,2,False,,,,,
6,3.0,0,1,1,False,,,,,
6,3.0,1,1,1,False,,,,,
6,3.0,2,1,1,False,,,,,
6,3.0,3,1,1,False,,,,,
6,3.0,4,1,1,False,,,,,
6,3.0,5,1,1,False,,,,,
6,3.0,6,1,1,False,,,,,
6,3.0,7,1,1,False,,,,,
6,3.0,8,1,1,False,,,,,
6,3.0,9,1,1,False,,,,,
6,3.0,10,1,1,False,,,,,
6,3.0,11,1,1,False,,,,,
6,3.0,12,1,1,False,,,,,
6,3.0,13,1,1,False,,,,,
6,3.0,14,1,1,False,,,,,
6,3.0,15,1,1,False,,,,,
6,3.0,16,1,1,False,,,,,
6,3.0,17,1,1,False,,,,,
6,3.0,18,1,1,False,,,,,
6,3.0,19,1,1,False,,,,,
6,3.0,20,1,1,False,,,,,
6,3.0,21,1,1,False,,,,,
6,3.0,22,1,1,False,,,,,
6,3.0,23,1,1,False,,,,,
6,3.0,24,1,1,False,,,,,
6,3.0,25,1,1,False,,,,,
6,3.0,26,1,1,False,,,,,
6,3.0,27,1,1,False,,,,,
6,3.0,28,1,1,False,,,,,
6,3.0,29,1,1,False,,,,,
6,3.0,30,1,1,False,,,,,
6,3.0,31,1,1,False,,,,,
6,3.0,32,1,1,False,,,,,
6,3.0,33,1,1,False,,,,,
6,3.0,34,1,1,False,,,,,
6,3.0,35,1,1,False,,,,,
6,3.0,36,1,1,False,,,,,
6,3.0,37,1,1,False,,,,,
6,3.0,38,1,1,False,,,,,
6,3.0,39,1,1,False,,,,,
7,3.5,0,1,2,False,,,,,
7,3.5,1,1,2,False,,,,,
7,3.5,2,1,2,False,,,,,
7,3.5,3,1,2,False,,,,,
7,3.5,4,1,2,False,,,,,
7,3.5,5,1,2,False,,,,,
7,3.5,6,1,2,False,,,,,
7,3.5,7,1,2,False,,,,,
7,3.5,8,1,2,False,,,,,
7,3.5,9,1,2,False,,,,,
7,3.5,10,1,2,False,,,,,
7,3.5,11,1,2,False,,,,,
7,3.5,12,1,2,False,,,,,
7,3.5,13,1,2,False,,,,,
7,3.5,14,1,2,False,,,,,
7,3.5,15,1,2,False,,,,,
7,3.5,16,1,2,False,,,,,
7,3.5,17,1,2,False,,,,,
7,3.5,18,1,2,False,,,,,
7,3.5,19,1,2,False,,,,,
7,3.5,20,1,2,False,,,,,
7,3.5,21,1,2,False,,,,,
7,3.5,22,1,2,False,,,,,
7,3.5,23,1,2,False,,,,,
7,3.5,24,1,2,False,,,,,
7,3.5,25,1,2,False,,,,,
7,3.5,26,1,2,False,,,,,
7,3.5,27,1,2,False,,,,,
7,3.5,28,1,2,False,,,,,
7,3.5,29,1,2,False,,,,,
7,3.5,30,1,2,False,,,,,
7,3.5,31,1,2,False,,,,,
7,3.5,32,1,2,False,,,,,
7,3.5,33,1,2,False,,,,,
7,3.5,34,1,2,False,,,,,
7,3.5,35,1,2,False,,,,,
7,3.5,36,1,2,False,,,,,
7,3.5,37,1,2,False,,,,,
7,3.5,38,1,2,False,,,,,
7,3.5,39,1,2,False,,,,,
8,4.0,0,1,1,False,,,,,
8,4.0,1,1,1,False,,,,,
8,4.0,2,1,1,False,,,,,
8,4.0,3,1,1,False,,,,,
8,4.0,4,1,1,False,,,,,
8,4.0,5,1,1,False,,,,,
8,4.0,6,1,1,False,,,,,
8,4.0,7,1,1,False,,,,,
8,4.0,8,1,1,False,,,,,
8,4.0,9,1,1,False,,,,,
8,4.0,10,1,1,False,,,,,
8,4.0,11,1,1,False,,,,,
8,4.0,12,1,1,False,,,,,
8,4.0,13,1,1,False,,,,,
8,4.0,14,1,1,False,,,,,
8,4.0,15,1,1,False,,,,,
8,4.0,16,1,1,False,,,,,
8,4.0,17,1,1,False,,,,,
8,4.0,18,1,1,False,,,,,
8,4.0,19,1,1,False,,,,,
8,4.0,20,1,1,False,,,,,
8,4.0,21,1,1,False,,,,,
8,4.0,22,1,1,False,,,,,
8,4.0,23,1,1,False,,,,,
8,4.0,24,1,1,False,,,,,
8,4.0,25,1,1,False,,,,,
8,4.0,26,1,1,False,,,,,
8,4.0,27,1,1,False,,,,,
8,4.0,28,1,1,False,,,,,
8,4.0,29,1,1,False,,,,,
8,4.0,30,1,1,False,,,,,
8,4.0,31,1,1,False,,,,,
8,4.0,32,1,1,False,,,,,
8,4.0,33,1,1,False,,,,,
8,4.0,34,1,1,False,,,,,
8,4.0,35,1,1,False,,,,,
8,4.0,36,1,1,False,,,,,
8,4.0,37,1,1,False,,,,,
8,4.0,38,1,1,False,,,,,
8,4.0,39,1,1,False,,,,,
9,4.5,0,1,2,False,,,,,
9,4.5,1,1,2,False,,,,,
9,4.5,2,1,2,False,,,,,
9,4.5,3,1,2,False,,,,,
9,4.5,4,1,2,False,,,,,
9,4.5,5,1,2,False,,,,,
9,4.5,6,1,2,False,,,,,
9,4.5,7,1,2,False,,,,,
9,4.5,8,1,2,False,,,,,
9,4.5,9,1,2,False,,,,,
9,4.5,10,1,2,False,,,,,
9,4.5,11,1,2,False,,,,,
9,4.5,12,1,2,False,,,,,
9,4.5,13,1,2,False,,,,,
9,4.5,14,1,2,False,,,,,
9,4.5,15,1,2,False,,,,,
9,4.5,16,1,2,False,,,,,
9,4.5,17,1,2,False,,,,,
9,4.5,18,1,2,False,,,,,
9,4.5,19,1,2,False,,,,,
9,4.5,20,1,2,False,,,,,
9,4.5,21,1,2,False,,,,,
9,4.5,22,1,2,False,,,,,
9,4.5,23,1,2,False,,,,,
9,4.5,24,1,2,False,,,,,
9,4.5,25,1,2,False,,,,,
9,4.5,26,1,2,False,,,,,
9,4.5,27,1,2,False,,,,,
9,4.5,28,1,2,False,,,,,
9,4.5,29,1,2,False,,,,,
9,4.5,30,1,2,False,,,,,
9,4.5,31,1,2,False,,,,,
9,4.5,32,1,2,False,,,,,
9,4.5,33,1,2,False,,,,,
9,4.5,34,1,2,False,,,,,
9,4.5,35,1,2,False,,,,,
9,4.5,36,1,2,False,,,,,
9,4.5,37,1,2,False,,,,,
9,4.5,38,1,2,False,,,,,
9,4.5,39,1,2,False,,,,,
10,5.0,0,1,1,False,,,,,
10,5.0,1,1,1,False,,,,,
10,5.0,2,1,1,False,,,,,
10,5.0,3,1,1,False,,,,,
10,5.0,4,1,1,False,,,,,
10,5.0,5,1,1,False,,,,,
10,5.0,6,1,1,False,,,,,
10,5.0,7,1,1,False,,,,,
10,5.0,8,1,1,False,,,,,
10,5.0,9,1,1,False,,,,,
10,5.0,10,1,1,False,,,,,
10,5.0,11,1,1,False,,,,,
10,5.0,12,1,1,False,,,,,
10,5.0,13,1,1,False,,,,,
10,5.0,14,1,1,False,,,,,
10,5.0,15,1,1,False,,,,,
10,5.0,16,1,1,False,,,,,
10,5.0,17,1,1,False,,,,,
10,5.0,18,1,1,False,,,,,
10,5.0,19,1,1,False,,,,,
10,5.0,20,1,1,False,,,,,
10,5.0,21,1,1,False,,,,,
10,5.0,22,1,1,False,,,,,
10,5.0,23,1,1,False,,,,,
10,5.0,24,1,1,False,,,,,
10,5.0,25,1,1,False,,,,,
10,5.0,26,1,1,False,,,,,
10,5.0,27,1,1,False,,,,,
10,5.0,28,1,1,False,,,,,
10,5.0,29,1,1,False,,,,,
10,5.0,30,1,1,False,,,,,
10,5.0,31,1,1,False,,,,,
10,5.0,32,1,1,False,,,,,
10,5.0,33,1,1,False,,,,,
10,5.0,34,1,1,False,,,,,
10,5.0,35,1,1,False,,,,,
10,5.0,36,1,1,False,,,,,
10,5.0,37,1,1,False,,,,,
10,5.0,38,1,1,False,,,,,
10,5.0,39,1,1,False,,,,,
11,5.5,0,1,2,False,,,,,
11,5.5,1,1,2,False,,,,,
11,5.5,2,1,2,False,,,,,
11,5.5,3,1,2,False,,,,,
11,5.5,4,1,2,False,,,,,
11,5.5,5,1,2,False,,,,,
11,5.5,6,1,2,False,,,,,
11,5.5,7,1,2,False,,,,,
11,5.5,8,1,2,False,,,,,
11,5.5,9,1,2,False,,,,,
11,5.5,10,1,2,False,,,,,
11,5.5,11,1,2,False,,,,,
11,5.5,12,1,2,False,,,,,
11,5.5,13,1,2,False,,,,,
11,5.5,14,1,2,False,,,,,
11,5.5,15,1,2,False,,,,,
11,5.5,16,1,2,False,,,,,
11,5.5,17,1,2,False,,,,,
11,5.5,18,1,2,False,,,,,
11,5.5,19,1,2,False,,,,,
11,5.5,20,1,2,False,,,,,
11,5.5,21,1,2,False,,,,,
11,5.5,22,1,2,False,,,,,
11,5.5,23,1,2,False,,,,,
11,5.5,24,1,2,False,,,,,
11,5.5,25,1,2,False,,,,,
11,5.5,26,1,2,False,,,,,
11,5.5,27,1,2,False,,,,,
11,5.5,28,1,2,False,,,,,
11,5.5,29,1,2,False,,,,,
11,5.5,30,1,2,False,,,,,
11,5.5,31,1,2,False,,,,,
11,5.5,32,1,2,False,,,,,
11,5.5,33,1,2,False,,,,,
11,5.5,34,1,2,False,,,,,
11,5.5,35,1,2,False,,,,,
11,5.5,36,1,2,False,,,,,
11,5.5,37,1,2,False,,,,,
11,5.5,38,1,2,False,,,,,
11,5.5,39,1,2,False,,,,,
12,6.0,0,1,1,False,,,,,
12,6.0,1,1,1,False,,,,,
12,6.0,2,1,1,False,,,,,
12,6.0,3,1,1,False,,,,,
12,6.0,4,1,1,False,,,,,
12,6.0,5,1,1,False,,,,,
12,6.0,6,1,1,False,,,,,
12,6.0,7,1,1,False,,,,,
12,6.0,8,1,1,False,,,,,
12,6.0,9,1,1,False,,,,,
12,6.0,10,1,1,False,,,,,
12,6.0,11,1,1,False,,,,,
12,6.0,12,1,1,False,,,,,
12,6.0,13,1,1,False,,,,,
12,6.0,14,1,1,False,,,,,
12,6.0,15,1,1,False,,,,,
12,6.0,16,1,1,False,,,,,
12,6.0,17,1,1,False,,,,,
12,6.0,18,1,1,False,,,,,
12,6.0,19,1,1,False,,,,,
12,6.0,20,1,1,False,,,,,
12,6.0,21,1,1,False,,,,,
12,6.0,22,1,1,False,,,,,
12,6.0,23,1,1,False,,,,,
12,6.0,24,1,1,False,,,,,
12,6.0,25,1,1,False,,,,,
12,6.0,26,1,1,False,,,,,
12,6.0,27,1,1,False,,,,,
12,6.0,28,1,1,False,,,,,
12,6.0,29,1,1,False,,,,,
12,6.0,30,1,1,False,,,,,
12,6.0,31,1,1,False,,,,,
12,6.0,32,1,1,False,,,,,
12,6.0,33,1,1,False,,,,,
12,6.0,34,1,1,False,,,,,
12,6.0,35,1,1,False,,,,,
12,6.0,36,1,1,False,,,,,
12,6.0,37,1,1,False,,,,,
12,6.0,38,1,1,False,,,,,
12,6.0,39,1,1,False,,,,,
13,6.5,0,1,1,False,,,,,
13,6.5,1,1,1,False,,,,,
13,6.5,2,1,1,False,,,,,
13,6.5,3,1,1,False,,,,,
13,6.5,4,1,1,False,,,,,
13,6.5,5,1,1,False,,,,,
13,6.5,6,1,1,False,,,,,
13,6.5,7,1,1,False,,,,,
13,6.5,8,1,1,False,,,,,
13,6.5,9,1,1,False,,,,,
13,6.5,10,1,1,False,,,,,
13,6.5,11,1,1,False,,,,,
13,6.5,12,1,1,False,,,,,
13,6.5,13,1,1,False,,,,,
13,6.5,14,1,1,False,,,,,
13,6.5,15,1,1,False,,,,,
13,6.5,16,1,1,False,,,,,
13,6.5,17,1,1,False,,,,,
13,6.5,18,1,1,False,,,,,
13,6.5,19,1,1,False,,,,,
13,6.5,20,1,1,False,,,,,
13,6.5,21,1,1,False,,,,,
13,6.5,22,1,1,False,,,,,
13,6.5,23,1,1,False,,,,,
13,6.5,24,1,1,False,,,,,
13,6.5,25,1,1,False,,,,,
13,6.5,26,1,1,False,,,,,
13,6.5,27,1,1,False,,,,,
13,6.5,28,1,1,False,,,,,
13,6.5,29,1,1,False,,,,,
13,6.5,30,1,1,False,,,,,
13,6.5,31,1,1,False,,,,,
13,6.5,32,1,1,False,,,,,
13,6.5,33,1,1,False,,,,,
13,6.5,34,1,1,False,,,,,
13,6.5,35,1,1,False,,,,,
13,6.5,36,1,1,False,,,,,
13,6.5,37,1,1,False,,,,,
13,6.5,38,1,1,False,,,,,
13,6.5,39,1,1,False,,,,,
14,7.0,0,1,1,False,,,,,
14,7.0,1,1,1,False,,,,,
14,7.0,2,1,1,False,,,,,
14,7.0,3,1,1,False,,,,,
14,7.0,4,1,1,False,,,,,
14,7.0,5,1,1,False,,,,,
14,7.0,6,1,1,False,,,,,
14,7.0,7,1,1,False,,,,,
14,7.0,8,1,1,False,,,,,
14,7.0,9,1,1,False,,,,,
14,7.0,10,1,1,False,,,,,
14,7.0,11,1,1,False,,,,,
14,7.0,12,1,1,False,,,,,
14,7.0,13,1,1,False,,,,,
14,7.0,14,1,1,False,,,,,
14,7.0,15,1,1,False,,,,,
14,7.0,16,1,1,False,,,,,
14,7.0,17,1,1,False,,,,,
14,7.0,18,1,1,False,,,,,
14,7.0,19,1,1,False,,,,,
14,7.0,20,1,1,False,,,,,
14,7.0,21,1,1,False,,,,,
14,7.0,22,1,1,False,,,,,
14,7.0,23,1,1,False,,,,,
14,7.0,24,1,1,False,,,,,
14,7.0,25,1,1,False,,,,,
14,7.0,26,1,1,False,,,,,
14,7.0,27,1,1,False,,,,,
14,7.0,28,1,1,False,,,,,
14,7.0,29,1,1,False,,,,,
14,7.0,30,1,1,False,,,,,
14,7.0,31,1,1,False,,,,,
14,7.0,32,1,1,False,,,,,
14,7.0,33,1,1,False,,,,,
14,7.0,34,1,1,False,,,,,
14,7.0,35,1,1,False,,,,,
14,7.0,36,1,1,False,,,,,
14,7.0,37,1,1,False,,,,,
14,7.0,38,1,1,False,,,,,
14,7.0,39,1,1,False,,,,,
15,7.5,0,1,1,False,,,,,
15,7.5,1,1,1,False,,,,,
15,7.5,2,1,1,False,,,,,
15,7.5,3,1,1,False,,,,,
15,7.5,4,1,1,False,,,,,
15,7.5,5,1,1,False,,,,,
15,7.5,6,1,1,False,,,,,
15,7.5,7,1,1,False,,,,,
15,7.5,8,1,1,False,,,,,
15,7.5,9,1,1,False,,,,,
15,7.5,10,1,1,False,,,,,
15,7.5,11,1,1,False,,,,,
15,7.5,12,1,1,False,,,,,
15,7.5,13,1,1,False,,,,,
15,7.5,14,1,1,False,,,,,
15,7.5,15,1,1,False,,,,,
15,7.5,16,1,1,False,,,,,
15,7.5,17,1,1,False,,,,,
15,7.5,18,1,1,False,,,,,
15,7.5,19,1,1,False,,,,,
15,7.5,20,1,1,False,,,,,
15,7.5,21,1,1,False,,,,,
15,7.5,22,1,1,False,,,,,
15,7.5,23,1,1,False,,,,,
15,7.5,24,1,1,False,,,,,
15,7.5,25,1,1,False,,,,,
15,7.5,26,1,1,False,,,,,
15,7.5,27,1,1,False,,,,,
15,7.5,28,1,1,False,,,,,
15,7.5,29,1,1,False,,,,,
15,7.5,30,1,1,False,,,,,
15,7.5,31,1,1,False,,,,,
15,7.5,32,1,1,False,,,,,
15,7.5,33,1,1,False,,,,,
15,7.5,34,1,1,False,,,,,
15,7.5,35,1,1,False,,,,,
15,7.5,36,1,1,False,,,,,
15,7.5,37,1,1,False,,,,,
15,7.5,38,1,1,False,,,,,
15,7.5,39,1,1,False,,,,,
16,8.0,0,1,1,False,,,,,
16,8.0,1,1,1,False,,,,,
16,8.0,2,1,1,False,,,,,
16,8.0,3,1,1,False,,,,,
16,8.0,4,1,1,False,,,,,
16,8.0,5,1,1,False,,,,,
16,8.0,6,1,1,False,,,,,
16,8.0,7,1,1,False,,,,,
16,8.0,8,1,1,False,,,,,
16,8.0,9,1,1,False,,,,,
16,8.0,10,1,1,False,,,,,
16,8.0,11,1,1,False,,,,,
16,8.0,12,1,1,False,,,,,
16,8.0,13,1,1,False,,,,,
16,8.0,14,1,1,False,,,,,
16,8.0,15,1,1,False,,,,,
16,8.0,16,1,1,False,,,,,
16,8.0,17,1,1,False,,,,,
16,8.0,18,1,1,False,,,,,
16,8.0,19,1,1,False,,,,,
16,8.0,20,1,1,False,,,,,
16,8.0,21,1,1,False,,,,,
16,8.0,22,1,1,False,,,,,
16,8.0,23,1,1,False,,,,,
16,8.0,24,1,1,False,,,,,
16,8.0,25,1,1,False,,,,,
16,8.0,26,1,1,False,,,,,
16,8.0,27,1,1,False,,,,,
16,8.0,28,1,1,False,,,,,
16,8.0,29,1,1,False,,,,,
16,8.0,30,1,1,False,,,,,
16,8.0,31,1,1,False,,,,,
16,8.0,32,1,1,False,,,,,
16,8.0,33,1,1,False,,,,,
16,8.0,34,1,1,False,,,,,
16,8.0,35,1,1,False,,,,,
16,8.0,36,1,1,False,,,,,
16,8.0,37,1,1,False,,,,,
16,8.0,38,1,1,False,,,,,
16,8.0,39,1,1,False,,,,,
17,8.5,0,1,1,False,,,,,
17,8.5,1,1,1,False,,,,,
17,8.5,2,1,1,False,,,,,
17,8.5,3,1,1,False,,,,,
17,8.5,4,1,1,False,,,,,
17,8.5,5,1,1,False,,,,,
17,8.5,6,1,1,False,,,,,
17,8.5,7,1,1,False,,,,,
17,8.5,8,1,1,False,,,,,
17,8.5,9,1,1,False,,,,,
17,8.5,10,1,1,False,,,,,
17,8.5,11,1,1,False,,,,,
17,8.5,12,1,1,False,,,,,
17,8.5,13,1,1,False,,,,,
17,8.5,14,1,1,False,,,,,
17,8.5,15,1,1,False,,,,,
17,8.5,16,1,1,False,,,,,
17,8.5,17,1,1,False,,,,,
17,8.5,18,1,1,False,,,,,
17,8.5,19,1,1,False,,,,,
17,8.5,20,1,1,False,,,,,
17,8.5,21,1,1,False,,,,,
17,8.5,22,1,1,False,,,,,
17,8.5,23,1,1,False,,,,,
17,8.5,24,1,1,False,,,,,
17,8.5,25,1,1,False,,,,,
17,8.5,26,1,1,False,,,,,
17,8.5,27,1,1,False,,,,,
17,8.5,28,1,1,False,,,,,
17,8.5,29,1,1,False,,,,,
17,8.5,30,1,1,False,,,,,
17,8.5,31,1,1,False,,,,,
17,8.5,32,1,1,False,,,,,
17,8.5,33,1,1,False,,,,,
17,8.5,34,1,1,False,,,,,
17,8.5,35,1,1,False,,,,,
17,8.5,36,1,1,False,,,,,
17,8.5,37,1,1,False,,,,,
17,8.5,38,1,1,False,,,,,
17,8.5,39,1,1,False,,,,,
18,9.0,0,1,1,False,,,,,
18,9.0,1,1,1,False,,,,,
18,9.0,2,1,1,False,,,,,
18,9.0,3,1,1,False,,,,,
18,9.0,4,1,1,False,,,,,
18,9.0,5,1,1,False,,,,,
18,9.0,6,1,1,False,,,,,
18,9.0,7,1,1,False,,,,,
18,9.0,8,1,1,False,,,,,
18,9.0,9,1,1,False,,,,,
18,9.0,10,1,1,False,,,,,
18,9.0,11,1,1,False,,,,,
18,9.0,12,1,1,False,,,,,
18,9.0,13,1,1,False,,,,,
18,9.0,14,1,1,False,,,,,
18,9.0,15,1,1,False,,,,,
18,9.0,16,1,1,False,,,,,
18,9.0,17,1,1,False,,,,,
18,9.0,18,1,1,False,,,,,
18,9.0,19,1,1,False,,,,,
18,9.0,20,1,1,False,,,,,
18,9.0,21,1,1,False,,,,,
18,9.0,22,1,1,False,,,,,
18,9.0,23,1,1,False,,,,,
18,9.0,24,1,1,False,,,,,
18,9.0,25,1,1,False,,,,,
18,9.0,26,1,1,False,,,,,
18,9.0,27,1,1,False,,,,,
18,9.0,28,1,1,False,,,,,
18,9.0,29,1,1,False,,,,,
18,9.0,30,1,1,False,,,,,
18,9.0,31,1,1,False,,,,,
18,9.0,32,1,1,False,,,,,
18,9.0,33,1,1,False,,,,,
18,9.0,34,1,1,False,,,,,
18,9.0,35,1,1,False,,,,,
18,9.0,36,1,1,False,,,,,
18,9.0,37,1,1,False,,,,,
18,9.0,38,1,1,False,,,,,
18,9.0,39,1,1,False,,,,,
19,9.5,0,1,1,False,,,,,
19,9.5,1,1,1,False,,,,,
19,9.5,2,1,1,False,,,,,
19,9.5,3,1,1,False,,,,,
19,9.5,4,1,1,False,,,,,
19,9.5,5,1,1,False,,,,,
19,9.5,6,1,1,False,,,,,
19,9.5,7,1,1,False,,,,,
19,9.5,8,1,1,False,,,,,
19,9.5,9,1,1,False,,,,,
19,9.5,10,1,1,False,,,,,
19,9.5,11,1,1,False,,,,,
19,9.5,12,1,1,False,,,,,
19,9.5,13,1,1,False,,,,,
19,9.5,14,1,1,False,,,,,
19,9.5,15,1,1,False,,,,,
19,9.5,16,1,1,False,,,,,
19,9.5,17,1,1,False,,,,,
19,9.5,18,1,1,False,,,,,
19,9.5,19,1,1,False,,,,,
19,9.5,20,1,1,False,,,,,
19,9.5,21,1,1,False,,,,,
19,9.5,22,1,1,False,,,,,
19,9.5,23,1,1,False,,,,,
19,9.5,24,1,1,False,,,,,
19,9.5,25,1,1,False,,,,,
19,9.5,26,1,1,False,,,,,
19,9.5,27,1,1,False,,,,,
19,9.5,28,1,1,False,,,,,
19,9.5,29,1,1,False,,,,,
19,9.5,30,1,1,False,,,,,
19,9.5,31,1,1,False,,,,,
19,9.5,32,1,1,False,,,,,
19,9.5,33,1,1,False,,,,,
19,9.5,34,1,1,False,,,,,
19,9.5,35,1,1,False,,,,,
19,9.5,36,1,1,False,,,,,
19,9.5,37,1,1,False,,,,,
19,9.5,38,1,1,False,,,,,
19,9.5,39,1,1,False,,,,,
20,10.0,0,1,1,False,,,,,
20,10.0,1,1,1,False,,,,,
20,10.0,2,1,1,False,,,,,
20,10.0,3,1,1,False,,,,,
20,10.0,4,1,1,False,,,,,
20,10.0,5,1,1,False,,,,,
20,10.0,6,1,1,False,,,,,
20,10.0,7,1,1,False,,,,,
20,10.0,8,1,1,False,,,,,
20,10.0,9,1,1,False,,,,,
20,10.0,10,1,1,False,,,,,
20,10.0,11,1,1,False,,,,,
20,10.0,12,1,1,False,,,,,
20,10.0,13,1,1,False,,,,,
20,10.0,14,1,1,False,,,,,
20,10.0,15,1,1,False,,,,,
20,10.0,16,1,1,False,,,,,
20,10.0,17,1,1,False,,,,,
20,10.0,18,1,1,False,,,,,
20,10.0,19,1,1,False,,,,,
20,10.0,20,1,1,False,,,,,
20,10.0,21,1,1,False,,,,,
20,10.0,22,1,1,False,,,,,
20,10.0,23,1,1,False,,,,,
20,10.0,24,1,1,False,,,,,
20,10.0,25,1,1,False,,,,,
20,10.0,26,1,1,False,,,,,
20,10.0,27,1,1,False,,,,,
20,10.0,28,1,1,False,,,,,
20,10.0,29,1,1,False,,,,,
20,10.0,30,1,1,False,,,,,
20,10.0,31,1,1,False,,,,,
20,10.0,32,1,1,False,,,,,
20,10.0,33,1,1,False,,,,,
20,10.0,34,1,1,False,,,,,
20,10.0,35,1,1,False,,,,,
20,10.0,36,1,1,False,,,,,
20,10.0,37,1,1,False,,,,,
20,10.0,38,1,1,False,,,,,
20,10.0,39,1,1,False,,,,,
21,10.5,0,1,1,False,,,,,
21,10.5,1,1,1,False,,,,,
21,10.5,2,1,1,False,,,,,
21,10.5,3,1,1,False,,,,,
21,10.5,4,1,1,False,,,,,
21,10.5,5,1,1,False,,,,,
21,10.5,6,1,1,False,,,,,
21,10.5,7,1,1,False,,,,,
21,10.5,8,1,1,False,,,,,
21,10.5,9,1,1,False,,,,,
21,10.5,10,1,1,False,,,,,
21,10.5,11,1,1,False,,,,,
21,10.5,12,1,1,False,,,,,
21,10.5,13,1,1,False,,,,,
21,10.5,14,1,1,False,,,,,
21,10.5,15,1,1,False,,,,,
21,10.5,16,1,1,False,,,,,
21,10.5,17,1,1,False,,,,,
21,10.5,18,1,1,False,,,,,
21,10.5,19,1,1,False,,,,,
21,10.5,20,1,1,False,,,,,
21,10.5,21,1,1,False,,,,,
21,10.5,22,1,1,False,,,,,
21,10.5,23,1,1,False,,,,,
21,10.5,24,1,1,False,,,,,
21,10.5,25,1,1,False,,,,,
21,10.5,26,1,1,False,,,,,
21,10.5,27,1,1,False,,,,,
21,10.5,28,1,1,False,,,,,
21,10.5,29,1,1,False,,,,,
21,10.5,30,1,1,False,,,,,
21,10.5,31,1,1,False,,,,,
21,10.5,32,1,1,False,,,,,
21,10.5,33,1,1,False,,,,,
21,10.5,34,1,1,False,,,,,
21,10.5,35,1,1,False,,,,,
21,10.5,36,1,1,False,,,,,
21,10.5,37,1,1,False,,,,,
21,10.5,38,1,1,False,,,,,
21,10.5,39,1,1,False,,,,,
22,11.0,0,1,1,False,,,,,
22,11.0,1,1,1,False,,,,,
22,11.0,2,1,1,False,,,,,
22,11.0,3,1,1,False,,,,,
22,11.0,4,1,1,False,,,,,
22,11.0,5,1,1,False,,,,,
22,11.0,6,1,1,False,,,,,
22,11.0,7,1,1,False,,,,,
22,11.0,8,1,1,False,,,,,
22,11.0,9,1,1,False,,,,,
22,11.0,10,1,1,False,,,,,
22,11.0,11,1,1,False,,,,,
22,11.0,12,1,1,False,,,,,
22,11.0,13,1,1,False,,,,,
22,11.0,14,1,1,False,,,,,
22,11.0,15,1,1,False,,,,,
22,11.0,16,1,1,False,,,,,
22,11.0,17,1,1,False,,,,,
22,11.0,18,1,1,False,,,,,
22,11.0,19,1,1,False,,,,,
22,11.0,20,1,1,False,,,,,
22,11.0,21,1,1,False,,,,,
22,11.0,22,1,1,False,,,,,
22,11.0,23,1,1,False,,,,,
22,11.0,24,1,1,False,,,,,
22,11.0,25,1,1,False,,,,,
22,11.0,26,1,1,False,,,,,
22,11.0,27,1,1,False,,,,,
22,11.0,28,1,1,False,,,,,
22,11.0,29,1,1,False,,,,,
22,11.0,30,1,1,False,,,,,
22,11.0,31,1,1,False,,,,,
22,11.0,32,1,1,False,,,,,
22,11.0,33,1,1,False,,,,,
22,11.0,34,1,1,False,,,,,
22,11.0,35,1,1,False,,,,,
22,11.0,36,1,1,False,,,,,
22,11.0,37,1,1,False,,,,,
22,11.0,38,1,1,False,,,,,
22,11.0,39,1,1,False,,,,,
23,11.5,0,1,1,False,,,,,
23,11.5,1,1,1,False,,,,,
23,11.5,2,1,1,False,,,,,
23,11.5,3,1,1,False,,,,,
23,11.5,4,1,1,False,,,,,
23,11.5,5,1,1,False,,,,,
23,11.5,6,1,1,False,,,,,
23,11.5,7,1,1,False,,,,,
23,11.5,8,1,1,False,,,,,
23,11.5,9,1,1,False,,,,,
23,11.5,10,1,1,False,,,,,
23,11.5,11,1,1,False,,,,,
23,11.5,12,1,1,False,,,,,
23,11.5,13,1,1,False,,,,,
23,11.5,14,1,1,False,,,,,
23,11.5,15,1,1,False,,,,,
23,11.5,16,1,1,False,,,,,
23,11.5,17,1,1,False,,,,,
23,11.5,18,1,1,False,,,,,
23,11.5,19,1,1,False,,,,,
23,11.5,20,1,1,False,,,,,
23,11.5,21,1,1,False,,,,,
23,11.5,22,1,1,False,,,,,
23,11.5,23,1,1,False,,,,,
23,11.5,24,1,1,False,,,,,
23,11.5,25,1,1,False,,,,,
23,11.5,26,1,1,False,,,,,
23,11.5,27,1,1,False,,,,,
23,11.5,28,1,1,False,,,,,
23,11.5,29,1,1,False,,,,,
23,11.5,30,1,1,False,,,,,
23,11.5,31,1,1,False,,,,,
23,11.5,32,1,1,False,,,,,
23,11.5,33,1,1,False,,,,,
23,11.5,34,1,1,False,,,,,
23,11.5,35,1,1,False,,,,,
23,11.5,36,1,1,False,,,,,
23,11.5,37,1,1,False,,,,,
23,11.5,38,1,1,False,,,,,
23,11.5,39,1,1,False,,,,,
24,12.0,0,1,1,False,,,,,
24,12.0,1,1,1,False,,,,,
24,12.0,2,1,1,False,,,,,
24,12.0,3,1,1,False,,,,,
24,12.0,4,1,1,False,,,,,
24,12.0,5,1,1,False,,,,,
24,12.0,6,1,1,False,,,,,
24,12.0,7,1,1,False,,,,,
24,12.0,8,1,1,False,,,,,
24,12.0,9,1,1,False,,,,,
24,12.0,10,1,1,False,,,,,
24,12.0,11,1,1,False,,,,,
24,12.0,12,1,1,False,,,,,
24,12.0,13,1,1,False,,,,,
24,12.0,14,1,1,False,,,,,
24,12.0,15,1,1,False,,,,,
24,12.0,16,1,1,False,,,,,
24,12.0,17,1,1,False,,,,,
24,12.0,18,1,1,False,,,,,
24,12.0,19,1,1,False,,,,,
24,12.0,20,1,1,False,,,,,
24,12.0,21,1,1,False,,,,,
24,12.0,22,1,1,False,,,,,
24,12.0,23,1,1,False,,,,,
24,12.0,24,1,1,False,,,,,
24,12.0,25,1,1,False,,,,,
24,12.0,26,1,1,False,,,,,
24,12.0,27,1,1,False,,,,,
24,12.0,28,1,1,False,,,,,
24,12.0,29,1,1,False,,,,,
24,12.0,30,1,1,False,,,,,
24,12.0,31,1,1,False,,,,,
24,12.0,32,1,1,False,,,,,
24,12.0,33,1,1,False,,,,,
24,12.0,34,1,1,False,,,,,
24,12.0,35,1,1,False,,,,,
24,12.0,36,1,1,False,,,,,
24,12.0,37,1,1,False,,,,,
24,12.0,38,1,1,False,,,,,
24,12.0,39,1,1,False,,,,,
25,12.5,0,1,1,False,,,,,
25,12.5,1,1,1,False,,,,,
25,12.5,2,1,1,False,,,,,
25,12.5,3,1,1,False,,,,,
25,12.5,4,1,1,False,,,,,
25,12.5,5,1,1,False,,,,,
25,12.5,6,1,1,False,,,,,
25,12.5,7,1,1,False,,,,,
25,12.5,8,1,1,False,,,,,
25,12.5,9,1,1,False,,,,,
25,12.5,10,1,1,False,,,,,
25,12.5,11,1,1,False,,,,,
25,12.5,12,1,1,False,,,,,
25,12.5,13,1,1,False,,,,,
25,12.5,14,1,1,False,,,,,
25,12.5,15,1,1,False,,,,,
25,12.5,16,1,1,False,,,,,
25,12.5,17,1,1,False,,,,,
25,12.5,18,1,1,False,,,,,
25,12.5,19,1,1,False,,,,,
25,12.5,20,1,1,False,,,,,
25,12.5,21,1,1,False,,,,,
25,12.5,22,1,1,False,,,,,
25,12.5,23,1,1,False,,,,,
25,12.5,24,1,1,False,,,,,
25,12.5,25,1,1,False,,,,,
25,12.5,26,1,1,False,,,,,
25,12.5,27,1,1,False,,,,,
25,12.5,28,1,1,False,,,,,
25,12.5,29,1,1,False,,,,,
25,12.5,30,1,1,False,,,,,
25,12.5,31,1,1,False,,,,,
25,12.5,32,1,1,False,,,,,
25,12.5,33,1,1,False,,,,,
25,12.5,34,1,1,False,,,,,
25,12.5,35,1,1,False,,,,,
25,12.5,36,1,1,False,,,,,
25,12.5,37,1,1,False,,,,,
25,12.5,38,1,1,False,,,,,
25,12.5,39,1,1,False,,,,,
26,13.0,0,1,1,False,,,,,
26,13.0,1,1,1,False,,,,,
26,13.0,2,1,1,False,,,,,
26,13.0,3,1,1,False,,,,,
26,13.0,4,1,1,False,,,,,
26,13.0,5,1,1,False,,,,,
26,13.0,6,1,1,False,,,,,
26,13.0,7,1,1,False,,,,,
26,13.0,8,1,1,False,,,,,
26,13.0,9,1,1,False,,,,,
26,13.0,10,1,1,False,,,,,
26,13.0,11,1,1,False,,,,,
26,13.0,12,1,1,False,,,,,
26,13.0,13,1,1,False,,,,,
26,13.0,14,1,1,False,,,,,
26,13.0,15,1,1,False,,,,,
26,13.0,16,1,1,False,,,,,
26,13.0,17,1,1,False,,,,,
26,13.0,18,1,1,False,,,,,
26,13.0,19,1,1,False,,,,,
26,13.0,20,1,1,False,,,,,
26,13.0,21,1,1,False,,,,,
26,13.0,22,1,1,False,,,,,
26,13.0,23,1,1,False,,,,,
26,13.0,24,1,1,False,,,,,
26,13.0,25,1,1,False,,,,,
26,13.0,26,1,1,False,,,,,
26,13.0,27,1,1,False,,,,,
26,13.0,28,1,1,False,,,,,
26,13.0,29,1,1,False,,,,,
26,13.0,30,1,1,False,,,,,
26,13.0,31,1,1,False,,,,,
26,13.0,32,1,1,False,,,,,
26,13.0,33,1,1,False,,,,,
26,13.0,34,1,1,False,,,,,
26,13.0,35,1,1,False,,,,,
26,13.0,36,1,1,False,,,,,
26,13.0,37,1,1,False,,,,,
26,13.0,38,1,1,False,,,,,
26,13.0,39,1,1,False,,,,,
27,13.5,0,1,1,False,,,,,
27,13.5,1,1,1,False,,,,,
27,13.5,2,1,1,False,,,,,
27,13.5,3,1,1,False,,,,,
27,13.5,4,1,1,False,,,,,
27,13.5,5,1,1,False,,,,,
27,13.5,6,1,1,False,,,,,
27,13.5,7,1,1,False,,,,,
27,13.5,8,1,1,False,,,,,
27,13.5,9,1,1,False,,,,,
27,13.5,10,1,1,False,,,,,
27,13.5,11,1,1,False,,,,,
27,13.5,12,1,1,False,,,,,
27,13.5,13,1,1,False,,,,,
27,13.5,14,1,1,False,,,,,
27,13.5,15,1,1,False,,,,,
27,13.5,16,1,1,False,,,,,
27,13.5,17,1,1,False,,,,,
27,13.5,18,1,1,False,,,,,
27,13.5,19,1,1,False,,,,,
27,13.5,20,1,1,False,,,,,
27,13.5,21,1,1,False,,,,,
27,13.5,22,1,1,False,,,,,
27,13.5,23,1,1,False,,,,,
27,13.5,24,1,1,False,,,,,
27,13.5,25,1,1,False,,,,,
27,13.5,26,1,1,False,,,,,
27,13.5,27,1,1,False,,,,,
27,13.5,28,1,1,False,,,,,
27,13.5,29,1,1,False,,,,,
27,13.5,30,1,1,False,,,,,
27,13.5,31,1,1,False,,,,,
27,13.5,32,1,1,False,,,,,
27,13.5,33,1,1,False,,,,,
27,13.5,34,1,1,False,,,,,
27,13.5,35,1,1,False,,,,,
27,13.5,36,1,1,False,,,,,
27,13.5,37,1,1,False,,,,,
27,13.5,38,1,1,False,,,,,
27,13.5,39,1,1,False,,,,,
28,14.0,0,1,1,False,,,,,
28,14.0,1,1,1,False,,,,,
28,14.0,2,1,1,False,,,,,
28,14.0,3,1,1,False,,,,,
28,14.0,4,1,1,False,,,,,
28,14.0,5,1,1,False,,,,,
28,14.0,6,1,1,False,,,,,
28,14.0,7,1,1,False,,,,,
28,14.0,8,1,1,False,,,,,
28,14.0,9,1,1,False,,,,,
28,14.0,10,1,1,False,,,,,
28,14.0,11,1,1,False,,,,,
28,14.0,12,1,1,False,,,,,
28,14.0,13,1,1,False,,,,,
28,14.0,14,1,1,False,,,,,
28,14.0,15,1,1,False,,,,,
28,14.0,16,1,1,False,,,,,
28,14.0,17,1,1,False,,,,,
28,14.0,18,1,1,False,,,,,
28,14.0,19,1,1,False,,,,,
28,14.0,20,1,1,False,,,,,
28,14.0,21,1,1,False,,,,,
28,14.0,22,1,1,False,,,,,
28,14.0,23,1,1,False,,,,,
28,14.0,24,1,1,False,,,,,
28,14.0,25,1,1,False,,,,,
28,14.0,26,1,1,False,,,,,
28,14.0,27,1,1,False,,,,,
28,14.0,28,1,1,False,,,,,
28,14.0,29,1,1,False,,,,,
28,14.0,30,1,1,False,,,,,
28,14.0,31,1,1,False,,,,,
28,14.0,32,1,1,False,,,,,
28,14.0,33,1,1,False,,,,,
28,14.0,34,1,1,False,,,,,
28,14.0,35,1,1,False,,,,,
28,14.0,36,1,1,False,,,,,
28,14.0,37,1,1,False,,,,,
28,14.0,38,1,1,False,,,,,
28,14.0,39,1,1,False,,,,,
29,14.5,0,1,1,False,,,,,
29,14.5,1,1,1,False,,,,,
29,14.5,2,1,1,False,,,,,
29,14.5,3,1,1,False,,,,,
29,14.5,4,1,1,False,,,,,
29,14.5,5,1,1,False,,,,,
29,14.5,6,1,1,False,,,,,
29,14.5,7,1,1,False,,,,,
29,14.5,8,1,1,False,,,,,
29,14.5,9,1,1,False,,,,,
29,14.5,10,1,1,False,,,,,
29,14.5,11,1,1,False,,,,,
29,14.5,12,1,1,False,,,,,
29,14.5,13,1,1,False,,,,,
29,14.5,14,1,1,False,,,,,
29,14.5,15,1,1,False,,,,,
29,14.5,16,1,1,False,,,,,
29,14.5,17,1,1,False,,,,,
29,14.5,18,1,1,False,,,,,
29,14.5,19,1,1,False,,,,,
29,14.5,20,1,1,False,,,,,
29,14.5,21,1,1,False,,,,,
29,14.5,22,1,1,False,,,,,
29,14.5,23,1,1,False,,,,,
29,14.5,24,1,1,False,,,,,
29,14.5,25,1,1,False,,,,,
29,14.5,26,1,1,False,,,,,
29,14.5,27,1,1,False,,,,,
29,14.5,28,1,1,False,,,,,
29,14.5,29,1,1,False,,,,,
29,14.5,30,1,1,False,,,,,
29,14.5,31,1,1,False,,,,,
29,14.5,32,1,1,False,,,,,
29,14.5,33,1,1,False,,,,,
29,14.5,34,1,1,False,,,,,
29,14.5,35,1,1,False,,,,,
29,14.5,36,1,1,False,,,,,
29,14.5,37,1,1,False,,,,,
29,14.5,38,1,1,False,,,,,
29,14.5,39,1,1,False,,,,,
30,15.0,0,1,1,False,,,,,
30,15.0,1,1,1,False,,,,,
30,15.0,2,1,1,False,,,,,
30,15.0,3,1,1,False,,,,,
30,15.0,4,1,1,False,,,,,
30,15.0,5,1,1,False,,,,,
30,15.0,6,1,1,False,,,,,
30,15.0,7,1,1,False,,,,,
30,15.0,8,1,1,False,,,,,
30,15.0,9,1,1,False,,,,,
30,15.0,10,1,1,False,,,,,
30,15.0,11,1,1,False,,,,,
30,15.0,12,1,1,False,,,,,
30,15.0,13,1,1,False,,,,,
30,15.0,14,1,1,False,,,,,
30,15.0,15,1,1,False,,,,,
30,15.0,16,1,1,False,,,,,
30,15.0,17,1,1,False,,,,,
30,15.0,18,1,1,False,,,,,
30,15.0,19,1,1,False,,,,,
30,15.0,20,1,1,False,,,,,
30,15.0,21,1,1,False,,,,,
30,15.0,22,1,1,False,,,,,
30,15.0,23,1,1,False,,,,,
30,15.0,24,1,1,False,,,,,
30,15.0,25,1,1,False,,,,,
30,15.0,26,1,1,False,,,,,
30,15.0,27,1,1,False,,,,,
30,15.0,28,1,1,False,,,,,
30,15.0,29,1,1,False,,,,,
30,15.0,30,1,1,False,,,,,
30,15.0,31,1,1,False,,,,,
30,15.0,32,1,1,False,,,,,
30,15.0,33,1,1,False,,,,,
30,15.0,34,1,1,False,,,,,
30,15.0,35,1,1,False,,,,,
30,15.0,36,1,1,False,,,,,
30,15.0,37,1,1,False,,,,,
30,15.0,38,1,1,False,,,,,
30,15.0,39,1,1,False,,,,,
31,15.5,0,1,1,False,,,,,
31,15.5,1,1,1,False,,,,,
31,15.5,2,1,1,False,,,,,
31,15.5,3,1,1,False,,,,,
31,15.5,4,1,1,False,,,,,
31,15.5,5,1,1,False,,,,,
31,15.5,6,1,1,False,,,,,
31,15.5,7,1,1,False,,,,,
31,15.5,8,1,1,False,,,,,
31,15.5,9,1,1,False,,,,,
31,15.5,10,1,1,False,,,,,
31,15.5,11,1,1,False,,,,,
31,15.5,12,1,1,False,,,,,
31,15.5,13,1,1,False,,,,,
31,15.5,14,1,1,False,,,,,
31,15.5,15,1,1,False,,,,,
31,15.5,16,1,1,False,,,,,
31,15.5,17,1,1,False,,,,,
31,15.5,18,1,1,False,,,,,
31,15.5,19,1,1,False,,,,,
31,15.5,20,1,1,False,,,,,
31,15.5,21,1,1,False,,,,,
31,15.5,22,1,1,False,,,,,
31,15.5,23,1,1,False,,,,,
31,15.5,24,1,1,False,,,,,
31,15.5,25,1,1,False,,,,,
31,15.5,26,1,1,False,,,,,
31,15.5,27,1,1,False,,,,,
31,15.5,28,1,1,False,,,,,
31,15.5,29,1,1,False,,,,,
31,15.5,30,1,1,False,,,,,
31,15.5,31,1,1,False,,,,,
31,15.5,32,1,1,False,,,,,
31,15.5,33,1,1,False,,,,,
31,15.5,34,1,1,False,,,,,
31,15.5,35,1,1,False,,,,,
31,15.5,36,1,1,False,,,,,
31,15.5,37,1,1,False,,,,,
31,15.5,38,1,1,False,,,,,
31,15.5,39,1,1,False,,,,,
32,16.0,0,1,1,False,,,,,
32,16.0,1,1,1,False,,,,,
32,16.0,2,1,1,False,,,,,
32,16.0,3,1,1,False,,,,,
32,16.0,4,1,1,False,,,,,
32,16.0,5,1,1,False,,,,,
32,16.0,6,1,1,False,,,,,
32,16.0,7,1,1,False,,,,,
32,16.0,8,1,1,False,,,,,
32,16.0,9,1,1,False,,,,,
32,16.0,10,1,1,False,,,,,
32,16.0,11,1,1,False,,,,,
32,16.0,12,1,1,False,,,,,
32,16.0,13,1,1,False,,,,,
32,16.0,14,1,1,False,,,,,
32,16.0,15,1,1,False,,,,,
32,16.0,16,1,1,False,,,,,
32,16.0,17,1,1,False,,,,,
32,16.0,18,1,1,False,,,,,
32,16.0,19,1,1,False,,,,,
32,16.0,20,1,1,False,,,,,
32,16.0,21,1,1,False,,,,,
32,16.0,22,1,1,False,,,,,
32,16.0,23,1,1,False,,,,,
32,16.0,24,1,1,False,,,,,
32,16.0,25,1,1,False,,,,,
32,16.0,26,1,1,False,,,,,
32,16.0,27,1,1,False,,,,,
32,16.0,28,1,1,False,,,,,
32,16.0,29,1,1,False,,,,,
32,16.0,30,1,1,False,,,,,
32,16.0,31,1,1,False,,,,,
32,16.0,32,1,1,False,,,,,
32,16.0,33,1,1,False,,,,,
32,16.0,34,1,1,False,,,,,
32,16.0,35,1,1,False,,,,,
32,16.0,36,1,1,False,,,,,
32,16.0,37,1,1,False,,,,,
32,16.0,38,1,1,False,,,,,
32,16.0,39,1,1,False,,,,,
33,16.5,0,1,1,False,,,,,
33,16.5,1,1,1,False,,,,,
33,16.5,2,1,1,False,,,,,
33,16.5,3,1,1,False,,,,,
33,16.5,4,1,1,False,,,,,
33,16.5,5,1,1,False,,,,,
33,16.5,6,1,1,False,,,,,
33,16.5,7,1,1,False,,,,,
33,16.5,8,1,1,False,,,,,
33,16.5,9,1,1,False,,,,,
33,16.5,10,1,1,False,,,,,
33,16.5,11,1,1,False,,,,,
33,16.5,12,1,1,False,,,,,
33,16.5,13,1,1,False,,,,,
33,16.5,14,1,1,False,,,,,
33,16.5,15,1,1,False,,,,,
33,16.5,16,1,1,False,,,,,
33,16.5,17,1,1,False,,,,,
33,16.5,18,1,1,False,,,,,
33,16.5,19,1,1,False,,,,,
33,16.5,20,1,1,False,,,,,
33,16.5,21,1,1,False,,,,,
33,16.5,22,1,1,False,,,,,
33,16.5,23,1,1,False,,,,,
33,16.5,24,1,1,False,,,,,
33,16.5,25,1,1,False,,,,,
33,16.5,26,1,1,False,,,,,
33,16.5,27,1,1,False,,,,,
33,16.5,28,1,1,False,,,,,
33,16.5,29,1,1,False,,,,,
33,16.5,30,1,1,False,,,,,
33,16.5,31,1,1,False,,,,,
33,16.5,32,1,1,False,,,,,
33,16.5,33,1,1,False,,,,,
33,16.5,34,1,1,False,,,,,
33,16.5,35,1,1,False,,,,,
33,16.5,36,1,1,False,,,,,
33,16.5,37,1,1,False,,,,,
33,16.5,38,1,1,False,,,,,
33,16.5,39,1,1,False,,,,,
34,17.0,0,1,1,False,,,,,
34,17.0,1,1,1,False,,,,,
34,17.0,2,1,1,False,,,,,
34,17.0,3,1,1,False,,,,,
34,17.0,4,1,1,False,,,,,
34,17.0,5,1,1,False,,,,,
34,17.0,6,1,1,False,,,,,
34,17.0,7,1,1,False,,,,,
34,17.0,8,1,1,False,,,,,
34,17.0,9,1,1,False,,,,,
34,17.0,10,1,1,False,,,,,
34,17.0,11,1,1,False,,,,,
34,17.0,12,1,1,False,,,,,
34,17.0,13,1,1,False,,,,,
34,17.0,14,1,1,False,,,,,
34,17.0,15,1,1,False,,,,,
34,17.0,16,1,1,False,,,,,
34,17.0,17,1,1,False,,,,,
34,17.0,18,1,1,False,,,,,
34,17.0,19,1,1,False,,,,,
34,17.0,20,1,1,False,,,,,
34,17.0,21,1,1,False,,,,,
34,17.0,22,1,1,False,,,,,
34,17.0,23,1,1,False,,,,,
34,17.0,24,1,1,False,,,,,
34,17.0,25,1,1,False,,,,,
34,17.0,26,1,1,False,,,,,
34,17.0,27,1,1,False,,,,,
34,17.0,28,1,1,False,,,,,
34,17.0,29,1,1,False,,,,,
34,17.0,30,1,1,False,,,,,
34,17.0,31,1,1,False,,,,,
34,17.0,32,1,1,False,,,,,
34,17.0,33,1,1,False,,,,,
34,17.0,34,1,1,False,,,,,
34,17.0,35,1,1,False,,,,,
34,17.0,36,1,1,False,,,,,
34,17.0,37,1,1,False,,,,,
34,17.0,38,1,1,False,,,,,
34,17.0,39,1,1,False,,,,,
35,17.5,0,1,1,False,,,,,
35,17.5,1,1,1,False,,,,,
35,17.5,2,1,1,False,,,,,
35,17.5,3,1,1,False,,,,,
35,17.5,4,1,1,False,,,,,
35,17.5,5,1,1,False,,,,,
35,17.5,6,1,1,False,,,,,
35,17.5,7,1,1,False,,,,,
35,17.5,8,1,1,False,,,,,
35,17.5,9,1,1,False,,,,,
35,17.5,10,1,1,False,,,,,
35,17.5,11,1,1,False,,,,,
35,17.5,12,1,1,False,,,,,
35,17.5,13,1,1,False,,,,,
35,17.5,14,1,1,False,,,,,
35,17.5,15,1,1,False,,,,,
35,17.5,16,1,1,False,,,,,
35,17.5,17,1,1,False,,,,,
35,17.5,18,1,1,False,,,,,
35,17.5,19,1,1,False,,,,,
35,17.5,20,1,1,False,,,,,
35,17.5,21,1,1,False,,,,,
35,17.5,22,1,1,False,,,,,
35,17.5,23,1,1,False,,,,,
35,17.5,24,1,1,False,,,,,
35,17.5,25,1,1,False,,,,,
35,17.5,26,1,1,False,,,,,
35,17.5,27,1,1,False,,,,,
35,17.5,28,1,1,False,,,,,
35,17.5,29,1,1,False,,,,,
35,17.5,30,1,1,False,,,,,
35,17.5,31,1,1,False,,,,,
35,17.5,32,1,1,False,,,,,
35,17.5,33,1,1,False,,,,,
35,17.5,34,1,1,False,,,,,
35,17.5,35,1,1,False,,,,,
35,17.5,36,1,1,False,,,,,
35,17.5,37,1,1,False,,,,,
35,17.5,38,1,1,False,,,,,
35,17.5,39,1,1,False,,,,,
36,18.0,0,1,1,False,,,,,
36,18.0,1,1,1,False,,,,,
36,18.0,2,1,1,False,,,,,
36,18.0,3,1,1,False,,,,,
36,18.0,4,1,1,False,,,,,
36,18.0,5,1,1,False,,,,,
36,18.0,6,1,1,False,,,,,
36,18.0,7,1,1,False,,,,,
36,18.0,8,1,1,False,,,,,
36,18.0,9,1,1,False,,,,,
36,18.0,10,1,1,False,,,,,
36,18.0,11,1,1,False,,,,,
36,18.0,12,1,1,False,,,,,
36,18.0,13,1,1,False,,,,,
36,18.0,14,1,1,False,,,,,
36,18.0,15,1,1,False,,,,,
36,18.0,16,1,1,False,,,,,
36,18.0,17,1,1,False,,,,,
36,18.0,18,1,1,False,,,,,
36,18.0,19,1,1,False,,,,,
36,18.0,20,1,1,False,,,,,
36,18.0,21,1,1,False,,,,,
36,18.0,22,1,1,False,,,,,
36,18.0,23,1,1,False,,,,,
36,18.0,24,1,1,False,,,,,
36,18.0,25,1,1,False,,,,,
36,18.0,26,1,1,False,,,,,
36,18.0,27,1,1,False,,,,,
36,18.0,28,1,1,False,,,,,
36,18.0,29,1,1,False,,,,,
36,18.0,30,1,1,False,,,,,
36,18.0,31,1,1,False,,,,,
36,18.0,32,1,1,False,,,,,
36,18.0,33,1,1,False,,,,,
36,18.0,34,1,1,False,,,,,
36,18.0,35,1,1,False,,,,,
36,18.0,36,1,1,False,,,,,
36,18.0,37,1,1,False,,,,,
36,18.0,38,1,1,False,,,,,
36,18.0,39,1,1,False,,,,,
37,18.5,0,1,1,False,,,,,
37,18.5,1,1,1,False,,,,,
37,18.5,2,1,1,False,,,,,
37,18.5,3,1,1,False,,,,,
37,18.5,4,1,1,False,,,,,
37,18.5,5,1,1,False,,,,,
37,18.5,6,1,1,False,,,,,
37,18.5,7,1,1,False,,,,,
37,18.5,8,1,1,False,,,,,
37,18.5,9,1,1,False,,,,,
37,18.5,10,1,1,False,,,,,
37,18.5,11,1,1,False,,,,,
37,18.5,12,1,1,False,,,,,
37,18.5,13,1,1,False,,,,,
37,18.5,14,1,1,False,,,,,
37,18.5,15,1,1,False,,,,,
37,18.5,16,1,1,False,,,,,
37,18.5,17,1,1,False,,,,,
37,18.5,18,1,1,False,,,,,
37,18.5,19,1,1,False,,,,,
37,18.5,20,1,1,False,,,,,
37,18.5,21,1,1,False,,,,,
37,18.5,22,1,1,False,,,,,
37,18.5,23,1,1,False,,,,,
37,18.5,24,1,1,False,,,,,
37,18.5,25,1,1,False,,,,,
37,18.5,26,1,1,False,,,,,
37,18.5,27,1,1,False,,,,,
37,18.5,28,1,1,False,,,,,
37,18.5,29,1,1,False,,,,,
37,18.5,30,1,1,False,,,,,
37,18.5,31,1,1,False,,,,,
37,18.5,32,1,1,False,,,,,
37,18.5,33,1,1,False,,,,,
37,18.5,34,1,1,False,,,,,
37,18.5,35,1,1,False,,,,,
37,18.5,36,1,1,False,,,,,
37,18.5,37,1,1,False,,,,,
37,18.5,38,1,1,False,,,,,
37,18.5,39,1,1,False,,,,,
38,19.0,0,1,1,False,,,,,
38,19.0,1,1,1,False,,,,,
38,19.0,2,1,1,False,,,,,
38,19.0,3,1,1,False,,,,,
38,19.0,4,1,1,False,,,,,
38,19.0,5,1,1,False,,,,,
38,19.0,6,1,1,False,,,,,
38,19.0,7,1,1,False,,,,,
38,19.0,8,1,1,False,,,,,
38,19.0,9,1,1,False,,,,,
38,19.0,10,1,1,False,,,,,
38,19.0,11,1,1,False,,,,,
38,19.0,12,1,1,False,,,,,
38,19.0,13,1,1,False,,,,,
38,19.0,14,1,1,False,,,,,
38,19.0,15,1,1,False,,,,,
38,19.0,16,1,1,False,,,,,
38,19.0,17,1,1,False,,,,,
38,19.0,18,1,1,False,,,,,
38,19.0,19,1,1,False,,,,,
38,19.0,20,1,1,False,,,,,
38,19.0,21,1,1,False,,,,,
38,19.0,22,1,1,False,,,,,
38,19.0,23,1,1,False,,,,,
38,19.0,24,1,1,False,,,,,
38,19.0,25,1,1,False,,,,,
38,19.0,26,1,1,False,,,,,
38,19.0,27,1,1,False,,,,,
38,19.0,28,1,1,False,,,,,
38,19.0,29,1,1,False,,,,,
38,19.0,30,1,1,False,,,,,
38,19.0,31,1,1,False,,,,,
38,19.0,32,1,1,False,,,,,
38,19.0,33,1,1,False,,,,,
38,19.0,34,1,1,False,,,,,
38,19.0,35,1,1,False,,,,,
38,19.0,36,1,1,False,,,,,
38,19.0,37,1,1,False,,,,,
38,19.0,38,1,1,False,,,,,
38,19.0,39,1,1,False,,,,,
39,19.5,0,1,1,False,,,,,
39,19.5,1,1,1,False,,,,,
39,19.5,2,1,1,False,,,,,
39,19.5,3,1,1,False,,,,,
39,19.5,4,1,1,False,,,,,
39,19.5,5,1,1,False,,,,,
39,19.5,6,1,1,False,,,,,
39,19.5,7,1,1,False,,,,,
39,19.5,8,1,1,False,,,,,
39,19.5,9,1,1,False,,,,,
39,19.5,10,1,1,False,,,,,
39,19.5,11,1,1,False,,,,,
39,19.5,12,1,1,False,,,,,
39,19.5,13,1,1,False,,,,,
39,19.5,14,1,1,False,,,,,
39,19.5,15,1,1,False,,,,,
39,19.5,16,1,1,False,,,,,
39,19.5,17,1,1,False,,,,,
39,19.5,18,1,1,False,,,,,
39,19.5,19,1,1,False,,,,,
39,19.5,20,1,1,False,,,,,
39,19.5,21,1,1,False,,,,,
39,19.5,22,1,1,False,,,,,
39,19.5,23,1,1,False,,,,,
39,19.5,24,1,1,False,,,,,
39,19.5,25,1,1,False,,,,,
39,19.5,26,1,1,False,,,,,
39,19.5,27,1,1,False,,,,,
39,19.5,28,1,1,False,,,,,
39,19.5,29,1,1,False,,,,,
39,19.5,30,1,1,False,,,,,
39,19.5,31,1,1,False,,,,,
39,19.5,32,1,1,False,,,,,
39,19.5,33,1,1,False,,,,,
39,19.5,34,1,1,False,,,,,
39,19.5,35,1,1,False,,,,,
39,19.5,36,1,1,False,,,,,
39,19.5,37,1,1,False,,,,,
39,19.5,38,1,1,False,,,,,
39,19.5,39,1,1,False,,,,,
40,20.0,0,1,1,False,,,,,
40,20.0,1,1,1,False,,,,,
40,20.0,2,1,1,False,,,,,
40,20.0,3,1,1,False,,,,,
40,20.0,4,1,1,False,,,,,
40,20.0,5,1,1,False,,,,,
40,20.0,6,1,1,False,,,,,
40,20.0,7,1,1,False,,,,,
40,20.0,8,1,1,False,,,,,
40,20.0,9,1,1,False,,,,,
40,20.0,10,1,1,False,,,,,
40,20.0,11,1,1,False,,,,,
40,20.0,12,1,1,False,,,,,
40,20.0,13,1,1,False,,,,,
40,20.0,14,1,1,False,,,,,
40,20.0,15,1,1,False,,,,,
40,20.0,16,1,1,False,,,,,
40,20.0,17,1,1,False,,,,,
40,20.0,18,1,1,False,,,,,
40,20.0,19,1,1,False,,,,,
40,20.0,20,1,1,False,,,,,
40,20.0,21,1,1,False,,,,,
40,20.0,22,1,1,False,,,,,
40,20.0,23,1,1,False,,,,,
40,20.0,24,1,1,False,,,,,
40,20.0,25,1,1,False,,,,,
40,20.0,26,1,1,False,,,,,
40,20.0,27,1,1,False,,,,,
40,20.0,28,1,1,False,,,,,
40,20.0,29,1,1,False,,,,,
40,20.0,30,1,1,False,,,,,
40,20.0,31,1,1,False,,,,,
40,20.0,32,1,1,False,,,,,
40,20.0,33,1,1,False,,,,,
40,20.0,34,1,1,False,,,,,
40,20.0,35,1,1,False,,,,,
40,20.0,36,1,1,False,,,,,
40,20.0,37,1,1,False,,,,,
40,20.0,38,1,1,False,,,,,
40,20.0,39,1,1,False,,,,,
41,20.5,0,1,1,False,,,,,
41,20.5,1,1,1,False,,,,,
41,20.5,2,1,1,False,,,,,
41,20.5,3,1,1,False,,,,,
41,20.5,4,1,1,False,,,,,
41,20.5,5,1,1,False,,,,,
41,20.5,6,1,1,False,,,,,
41,20.5,7,1,1,False,,,,,
41,20.5,8,1,1,False,,,,,
41,20.5,9,1,1,False,,,,,
41,20.5,10,1,1,False,,,,,
41,20.5,11,1,1,False,,,,,
41,20.5,12,1,1,False,,,,,
41,20.5,13,1,1,False,,,,,
41,20.5,14,1,1,False,,,,,
41,20.5,15,1,1,False,,,,,
41,20.5,16,1,1,False,,,,,
41,20.5,17,1,1,False,,,,,
41,20.5,18,1,1,False,,,,,
41,20.5,19,1,1,False,,,,,
41,20.5,20,1,1,False,,,,,
41,20.5,21,1,1,False,,,,,
41,20.5,22,1,1,False,,,,,
41,20.5,23,1,1,False,,,,,
41,20.5,24,1,1,False,,,,,
41,20.5,25,1,1,False,,,,,
41,20.5,26,1,1,False,,,,,
41,20.5,27,1,1,False,,,,,
41,20.5,28,1,1,False,,,,,
41,20.5,29,1,1,False,,,,,
41,20.5,30,1,1,False,,,,,
41,20.5,31,1,1,False,,,,,
41,20.5,32,1,1,False,,,,,
41,20.5,33,1,1,False,,,,,
41,20.5,34,1,1,False,,,,,
41,20.5,35,1,1,False,,,,,
41,20.5,36,1,1,False,,,,,
41,20.5,37,1,1,False,,,,,
41,20.5,38,1,1,False,,,,,
41,20.5,39,1,1,False,,,,,
42,21.0,0,1,1,False,,,,,
42,21.0,1,1,1,False,,,,,
42,21.0,2,1,1,False,,,,,
42,21.0,3,1,1,False,,,,,
42,21.0,4,1,1,False,,,,,
42,21.0,5,1,1,False,,,,,
42,21.0,6,1,1,False,,,,,
42,21.0,7,1,1,False,,,,,
42,21.0,8,1,1,False,,,,,
42,21.0,9,1,1,False,,,,,
42,21.0,10,1,1,False,,,,,
42,21.0,11,1,1,False,,,,,
42,21.0,12,1,1,False,,,,,
42,21.0,13,1,1,False,,,,,
42,21.0,14,1,1,False,,,,,
42,21.0,15,1,1,False,,,,,
42,21.0,16,1,1,False,,,,,
42,21.0,17,1,1,False,,,,,
42,21.0,18,1,1,False,,,,,
42,21.0,19,1,1,False,,,,,
42,21.0,20,1,1,False,,,,,
42,21.0,21,1,1,False,,,,,
42,21.0,22,1,1,False,,,,,
42,21.0,23,1,1,False,,,,,
42,21.0,24,1,1,False,,,,,
42,21.0,25,1,1,False,,,,,
42,21.0,26,1,1,False,,,,,
42,21.0,27,1,1,False,,,,,
42,21.0,28,1,1,False,,,,,
42,21.0,29,1,1,False,,,,,
42,21.0,30,1,1,False,,,,,
42,21.0,31,1,1,False,,,,,
42,21.0,32,1,1,False,,,,,
42,21.0,33,1,1,False,,,,,
42,21.0,34,1,1,False,,,,,
42,21.0,35,1,1,False,,,,,
42,21.0,36,1,1,False,,,,,
42,21.0,37,1,1,False,,,,,
42,21.0,38,1,1,False,,,,,
42,21.0,39,1,1,False,,,,,
43,21.5,0,1,1,False,,,,,
43,21.5,1,1,1,False,,,,,
43,21.5,2,1,1,False,,,,,
43,21.5,3,1,1,False,,,,,
43,21.5,4,1,1,False,,,,,
43,21.5,5,1,1,False,,,,,
43,21.5,6,1,1,False,,,,,
43,21.5,7,1,1,False,,,,,
43,21.5,8,1,1,False,,,,,
43,21.5,9,1,1,False,,,,,
43,21.5,10,1,1,False,,,,,
43,21.5,11,1,1,False,,,,,
43,21.5,12,1,1,False,,,,,
43,21.5,13,1,1,False,,,,,
43,21.5,14,1,1,False,,,,,
43,21.5,15,1,1,False,,,,,
43,21.5,16,1,1,False,,,,,
43,21.5,17,1,1,False,,,,,
43,21.5,18,1,1,False,,,,,
43,21.5,19,1,1,False,,,,,
43,21.5,20,1,1,False,,,,,
43,21.5,21,1,1,False,,,,,
43,21.5,22,1,1,False,,,,,
43,21.5,23,1,1,False,,,,,
43,21.5,24,1,1,False,,,,,
43,21.5,25,1,1,False,,,,,
43,21.5,26,1,1,False,,,,,
43,21.5,27,1,1,False,,,,,
43,21.5,28,1,1,False,,,,,
43,21.5,29,1,1,False,,,,,
43,21.5,30,1,1,False,,,,,
43,21.5,31,1,1,False,,,,,
43,21.5,32,1,1,False,,,,,
43,21.5,33,1,1,False,,,,,
43,21.5,34,1,1,False,,,,,
43,21.5,35,1,1,False,,,,,
43,21.5,36,1,1,False,,,,,
43,21.5,37,1,1,False,,,,,
43,21.5,38,1,1,False,,,,,
43,21.5,39,1,1,False,,,,,
44,22.0,0,1,1,False,,,,,
44,22.0,1,1,1,False,,,,,
44,22.0,2,1,1,False,,,,,
44,22.0,3,1,1,False,,,,,
44,22.0,4,1,1,False,,,,,
44,22.0,5,1,1,False,,,,,
44,22.0,6,1,1,False,,,,,
44,22.0,7,1,1,False,,,,,
44,22.0,8,1,1,False,,,,,
44,22.0,9,1,1,False,,,,,
44,22.0,10,1,1,False,,,,,
44,22.0,11,1,1,False,,,,,
44,22.0,12,1,1,False,,,,,
44,22.0,13,1,1,False,,,,,
44,22.0,14,1,1,False,,,,,
44,22.0,15,1,1,False,,,,,
44,22.0,16,1,1,False,,,,,
44,22.0,17,1,1,False,,,,,
44,22.0,18,1,1,False,,,,,
44,22.0,19,1,1,False,,,,,
44,22.0,20,1,1,False,,,,,
44,22.0,21,1,1,False,,,,,
44,22.0,22,1,1,False,,,,,
44,22.0,23,1,1,False,,,,,
44,22.0,24,1,1,False,,,,,
44,22.0,25,1,1,False,,,,,
44,22.0,26,1,1,False,,,,,
44,22.0,27,1,1,False,,,,,
44,22.0,28,1,1,False,,,,,
44,22.0,29,1,1,False,,,,,
44,22.0,30,1,1,False,,,,,
44,22.0,31,1,1,False,,,,,
44,22.0,32,1,1,False,,,,,
44,22.0,33,1,1,False,,,,,
44,22.0,34,1,1,False,,,,,
44,22.0,35,1,1,False,,,,,
44,22.0,36,1,1,False,,,,,
44,22.0,37,1,1,False,,,,,
44,22.0,38,1,1,False,,,,,
44,22.0,39,1,1,False,,,,,
45,22.5,0,1,1,False,,,,,
45,22.5,1,1,1,False,,,,,
45,22.5,2,1,1,False,,,,,
45,22.5,3,1,1,False,,,,,
45,22.5,4,1,1,False,,,,,
45,22.5,5,1,1,False,,,,,
45,22.5,6,1,1,False,,,,,
45,22.5,7,1,1,False,,,,,
45,22.5,8,1,1,False,,,,,
45,22.5,9,1,1,False,,,,,
45,22.5,10,1,1,False,,,,,
45,22.5,11,1,1,False,,,,,
45,22.5,12,1,1,False,,,,,
45,22.5,13,1,1,False,,,,,
45,22.5,14,1,1,False,,,,,
45,22.5,15,1,1,False,,,,,
45,22.5,16,1,1,False,,,,,
45,22.5,17,1,1,False,,,,,
45,22.5,18,1,1,False,,,,,
45,22.5,19,1,1,False,,,,,
45,22.5,20,1,1,False,,,,,
45,22.5,21,1,1,False,,,,,
45,22.5,22,1,1,False,,,,,
45,22.5,23,1,1,False,,,,,
45,22.5,24,1,1,False,,,,,
45,22.5,25,1,1,False,,,,,
45,22.5,26,1,1,False,,,,,
45,22.5,27,1,1,False,,,,,
45,22.5,28,1,1,False,,,,,
45,22.5,29,1,1,False,,,,,
45,22.5,30,1,1,False,,,,,
45,22.5,31,1,1,False,,,,,
45,22.5,32,1,1,False,,,,,
45,22.5,33,1,1,False,,,,,
45,22.5,34,1,1,False,,,,,
45,22.5,35,1,1,False,,,,,
45,22.5,36,1,1,False,,,,,
45,22.5,37,1,1,False,,,,,
45,22.5,38,1,1,False,,,,,
45,22.5,39,1,1,False,,,,,
46,23.0,0,1,1,False,,,,,
46,23.0,1,1,1,False,,,,,
46,23.0,2,1,1,False,,,,,
46,23.0,3,1,1,False,,,,,
46,23.0,4,1,1,False,,,,,
46,23.0,5,1,1,False,,,,,
46,23.0,6,1,1,False,,,,,
46,23.0,7,1,1,False,,,,,
46,23.0,8,1,1,False,,,,,
46,23.0,9,1,1,False,,,,,
46,23.0,10,1,1,False,,,,,
46,23.0,11,1,1,False,,,,,
46,23.0,12,1,1,False,,,,,
46,23.0,13,1,1,False,,,,,
46,23.0,14,1,1,False,,,,,
46,23.0,15,1,1,False,,,,,
46,23.0,16,1,1,False,,,,,
46,23.0,17,1,1,False,,,,,
46,23.0,18,1,1,False,,,,,
46,23.0,19,1,1,False,,,,,
46,23.0,20,1,1,False,,,,,
46,23.0,21,1,1,False,,,,,
46,23.0,22,1,1,False,,,,,
46,23.0,23,1,1,False,,,,,
46,23.0,24,1,1,False,,,,,
46,23.0,25,1,1,False,,,,,
46,23.0,26,1,1,False,,,,,
46,23.0,27,1,1,False,,,,,
46,23.0,28,1,1,False,,,,,
46,23.0,29,1,1,False,,,,,
46,23.0,30,1,1,False,,,,,
46,23.0,31,1,1,False,,,,,
46,23.0,32,1,1,False,,,,,
46,23.0,33,1,1,False,,,,,
46,23.0,34,1,1,False,,,,,
46,23.0,35,1,1,False,,,,,
46,23.0,36,1,1,False,,,,,
46,23.0,37,1,1,False,,,,,
46,23.0,38,1,1,False,,,,,
46,23.0,39,1,1,False,,,,,
47,23.5,0,1,1,False,,,,,
47,23.5,1,1,1,False,,,,,
47,23.5,2,1,1,False,,,,,
47,23.5,3,1,1,False,,,,,
47,23.5,4,1,1,False,,,,,
47,23.5,5,1,1,False,,,,,
47,23.5,6,1,1,False,,,,,
47,23.5,7,1,1,False,,,,,
47,23.5,8,1,1,False,,,,,
47,23.5,9,1,1,False,,,,,
47,23.5,10,1,1,False,,,,,
47,23.5,11,1,1,False,,,,,
47,23.5,12,1,1,False,,,,,
47,23.5,13,1,1,False,,,,,
47,23.5,14,1,1,False,,,,,
47,23.5,15,1,1,False,,,,,
47,23.5,16,1,1,False,,,,,
47,23.5,17,1,1,False,,,,,
47,23.5,18,1,1,False,,,,,
47,23.5,19,1,1,False,,,,,
47,23.5,20,1,1,False,,,,,
47,23.5,21,1,1,False,,,,,
47,23.5,22,1,1,False,,,,,
47,23.5,23,1,1,False,,,,,
47,23.5,24,1,1,False,,,,,
47,23.5,25,1,1,False,,,,,
47,23.5,26,1,1,False,,,,,
47,23.5,27,1,1,False,,,,,
47,23.5,28,1,1,False,,,,,
47,23.5,29,1,1,False,,,,,
47,23.5,30,1,1,False,,,,,
47,23.5,31,1,1,False,,,,,
47,23.5,32,1,1,False,,,,,
47,23.5,33,1,1,False,,,,,
47,23.5,34,1,1,False,,,,,
47,23.5,35,1,1,False,,,,,
47,23.5,36,1,1,False,,,,,
47,23.5,37,1,1,False,,,,,
47,23.5,38,1,1,False,,,,,
47,23.5,39,1,1,False,,,,,
48,24.0,0,1,1,False,,,,,
48,24.0,1,1,1,False,,,,,
48,24.0,2,1,1,False,,,,,
48,24.0,3,1,1,False,,,,,
48,24.0,4,1,1,False,,,,,
48,24.0,5,1,1,False,,,,,
48,24.0,6,1,1,False,,,,,
48,24.0,7,1,1,False,,,,,
48,24.0,8,1,1,False,,,,,
48,24.0,9,1,1,False,,,,,
48,24.0,10,1,1,False,,,,,
48,24.0,11,1,1,False,,,,,
48,24.0,12,1,1,False,,,,,
48,24.0,13,1,1,False,,,,,
48,24.0,14,1,1,False,,,,,
48,24.0,15,1,1,False,,,,,
48,24.0,16,1,1,False,,,,,
48,24.0,17,1,1,False,,,,,
48,24.0,18,1,1,False,,,,,
48,24.0,19,1,1,False,,,,,
48,24.0,20,1,1,False,,,,,
48,24.0,21,1,1,False,,,,,
48,24.0,22,1,1,False,,,,,
48,24.0,23,1,1,False,,,,,
48,24.0,24,1,1,False,,,,,
48,24.0,25,1,1,False,,,,,
48,24.0,26,1,1,False,,,,,
48,24.0,27,1,1,False,,,,,
48,24.0,28,1,1,False,,,,,
48,24.0,29,1,1,False,,,,,
48,24.0,30,1,1,False,,,,,
48,24.0,31,1,1,False,,,,,
48,24.0,32,1,1,False,,,,,
48,24.0,33,1,1,False,,,,,
48,24.0,34,1,1,False,,,,,
48,24.0,35,1,1,False,,,,,
48,24.0,36,1,1,False,,,,,
48,24.0,37,1,1,False,,,,,
48,24.0,38,1,1,False,,,,,
48,24.0,39,1,1,False,,,,,
49,24.5,0,1,1,False,,,,,
49,24.5,1,1,1,False,,,,,
49,24.5,2,1,1,False,,,,,
49,24.5,3,1,1,False,,,,,
49,24.5,4,1,1,False,,,,,
49,24.5,5,1,1,False,,,,,
49,24.5,6,1,1,False,,,,,
49,24.5,7,1,1,False,,,,,
49,24.5,8,1,1,False,,,,,
49,24.5,9,1,1,False,,,,,
49,24.5,10,1,1,False,,,,,
49,24.5,11,1,1,False,,,,,
49,24.5,12,1,1,False,,,,,
49,24.5,13,1,1,False,,,,,
49,24.5,14,1,1,False,,,,,
49,24.5,15,1,1,False,,,,,
49,24.5,16,1,1,False,,,,,
49,24.5,17,1,1,False,,,,,
49,24.5,18,1,1,False,,,,,
49,24.5,19,1,1,False,,,,,
49,24.5,20,1,1,False,,,,,
49,24.5,21,1,1,False,,,,,
49,24.5,22,1,1,False,,,,,
49,24.5,23,1,1,False,,,,,
49,24.5,24,1,1,False,,,,,
49,24.5,25,1,1,False,,,,,
49,24.5,26,1,1,False,,,,,
49,24.5,27,1,1,False,,,,,
49,24.5,28,1,1,False,,,,,
49,24.5,29,1,1,False,,,,,
49,24.5,30,1,1,False,,,,,
49,24.5,31,1,1,False,,,,,
49,24.5,32,1,1,False,,,,,
49,24.5,33,1,1,False,,,,,
49,24.5,34,1,1,False,,,,,
49,24.5,35,1,1,False,,,,,
49,24.5,36,1,1,False,,,,,
49,24.5,37,1,1,False,,,,,
49,24.5,38,1,1,False,,,,,
49,24.5,39,1,1,False,,,,,
50,25.0,0,1,1,False,,,,,
50,25.0,1,1,1,False,,,,,
50,25.0,2,1,1,False,,,,,
50,25.0,3,1,1,False,,,,,
50,25.0,4,1,1,False,,,,,
50,25.0,5,1,1,False,,,,,
50,25.0,6,1,1,False,,,,,
50,25.0,7,1,1,False,,,,,
50,25.0,8,1,1,False,,,,,
50,25.0,9,1,1,False,,,,,
50,25.0,10,1,1,False,,,,,
50,25.0,11,1,1,False,,,,,
50,25.0,12,1,1,False,,,,,
50,25.0,13,1,1,False,,,,,
50,25.0,14,1,1,False,,,,,
50,25.0,15,1,1,False,,,,,
50,25.0,16,1,1,False,,,,,
50,25.0,17,1,1,False,,,,,
50,25.0,18,1,1,False,,,,,
50,25.0,19,1,1,False,,,,,
50,25.0,20,1,1,False,,,,,
50,25.0,21,1,1,False,,,,,
50,25.0,22,1,1,False,,,,,
50,25.0,23,1,1,False,,,,,
50,25.0,24,1,1,False,,,,,
50,25.0,25,1,1,False,,,,,
50,25.0,26,1,1,False,,,,,
50,25.0,27,1,1,False,,,,,
50,25.0,28,1,1,False,,,,,
50,25.0,29,1,1,False,,,,,
50,25.0,30,1,1,False,,,,,
50,25.0,31,1,1,False,,,,,
50,25.0,32,1,1,False,,,,,
50,25.0,33,1,1,False,,,,,
50,25.0,34,1,1,False,,,,,
50,25.0,35,1,1,False,,,,,
50,25.0,36,1,1,False,,,,,
50,25.0,37,1,1,False,,,,,
50,25.0,38,1,1,False,,,,,
50,25.0,39,1,1,False,,,,,
51,25.5,0,1,1,False,,,,,
51,25.5,1,1,1,False,,,,,
51,25.5,2,1,1,False,,,,,
51,25.5,3,1,1,False,,,,,
51,25.5,4,1,1,False,,,,,
51,25.5,5,1,1,False,,,,,
51,25.5,6,1,1,False,,,,,
51,25.5,7,1,1,False,,,,,
51,25.5,8,1,1,False,,,,,
51,25.5,9,1,1,False,,,,,
51,25.5,10,1,1,False,,,,,
51,25.5,11,1,1,False,,,,,
51,25.5,12,1,1,False,,,,,
51,25.5,13,1,1,False,,,,,
51,25.5,14,1,1,False,,,,,
51,25.5,15,1,1,False,,,,,
51,25.5,16,1,1,False,,,,,
51,25.5,17,1,1,False,,,,,
51,25.5,18,1,1,False,,,,,
51,25.5,19,1,1,False,,,,,
51,25.5,20,1,1,False,,,,,
51,25.5,21,1,1,False,,,,,
51,25.5,22,1,1,False,,,,,
51,25.5,23,1,1,False,,,,,
51,25.5,24,1,1,False,,,,,
51,25.5,25,1,1,False,,,,,
51,25.5,26,1,1,False,,,,,
51,25.5,27,1,1,False,,,,,
51,25.5,28,1,1,False,,,,,
51,25.5,29,1,1,False,,,,,
51,25.5,30,1,1,False,,,,,
51,25.5,31,1,1,False,,,,,
51,25.5,32,1,1,False,,,,,
51,25.5,33,1,1,False,,,,,
51,25.5,34,1,1,False,,,,,
51,25.5,35,1,1,False,,,,,
51,25.5,36,1,1,False,,,,,
51,25.5,37,1,1,False,,,,,
51,25.5,38,1,1,False,,,,,
51,25.5,39,1,1,False,,,,,
52,26.0,0,1,1,False,,,,,
52,26.0,1,1,1,False,,,,,
52,26.0,2,1,1,False,,,,,
52,26.0,3,1,1,False,,,,,
52,26.0,4,1,1,False,,,,,
52,26.0,5,1,1,False,,,,,
52,26.0,6,1,1,False,,,,,
52,26.0,7,1,1,False,,,,,
52,26.0,8,1,1,False,,,,,
52,26.0,9,1,1,False,,,,,
52,26.0,10,1,1,False,,,,,
52,26.0,11,1,1,False,,,,,
52,26.0,12,1,1,False,,,,,
52,26.0,13,1,1,False,,,,,
52,26.0,14,1,1,False,,,,,
52,26.0,15,1,1,False,,,,,
52,26.0,16,1,1,False,,,,,
52,26.0,17,1,1,False,,,,,
52,26.0,18,1,1,False,,,,,
52,26.0,19,1,1,False,,,,,
52,26.0,20,1,1,False,,,,,
52,26.0,21,1,1,False,,,,,
52,26.0,22,1,1,False,,,,,
52,26.0,23,1,1,False,,,,,
52,26.0,24,1,1,False,,,,,
52,26.0,25,1,1,False,,,,,
52,26.0,26,1,1,False,,,,,
52,26.0,27,1,1,False,,,,,
52,26.0,28,1,1,False,,,,,
52,26.0,29,1,1,False,,,,,
52,26.0,30,1,1,False,,,,,
52,26.0,31,1,1,False,,,,,
52,26.0,32,1,1,False,,,,,
52,26.0,33,1,1,False,,,,,
52,26.0,34,1,1,False,,,,,
52,26.0,35,1,1,False,,,,,
52,26.0,36,1,1,False,,,,,
52,26.0,37,1,1,False,,,,,
52,26.0,38,1,1,False,,,,,
52,26.0,39,1,1,False,,,,,
53,26.5,0,1,1,False,,,,,
53,26.5,1,1,1,False,,,,,
53,26.5,2,1,1,False,,,,,
53,26.5,3,1,1,False,,,,,
53,26.5,4,1,1,False,,,,,
53,26.5,5,1,1,False,,,,,
53,26.5,6,1,1,False,,,,,
53,26.5,7,1,1,False,,,,,
53,26.5,8,1,1,False,,,,,
53,26.5,9,1,1,False,,,,,
53,26.5,10,1,1,False,,,,,
53,26.5,11,1,1,False,,,,,
53,26.5,12,1,1,False,,,,,
53,26.5,13,1,1,False,,,,,
53,26.5,14,1,1,False,,,,,
53,26.5,15,1,1,False,,,,,
53,26.5,16,1,1,False,,,,,
53,26.5,17,1,1,False,,,,,
53,26.5,18,1,1,False,,,,,
53,26.5,19,1,1,False,,,,,
53,26.5,20,1,1,False,,,,,
53,26.5,21,1,1,False,,,,,
53,26.5,22,1,1,False,,,,,
53,26.5,23,1,1,False,,,,,
53,26.5,24,1,1,False,,,,,
53,26.5,25,1,1,False,,,,,
53,26.5,26,1,1,False,,,,,
53,26.5,27,1,1,False,,,,,
53,26.5,28,1,1,False,,,,,
53,26.5,29,1,1,False,,,,,
53,26.5,30,1,1,False,,,,,
53,26.5,31,1,1,False,,,,,
53,26.5,32,1,1,False,,,,,
53,26.5,33,1,1,False,,,,,
53,26.5,34,1,1,False,,,,,
53,26.5,35,1,1,False,,,,,
53,26.5,36,1,1,False,,,,,
53,26.5,37,1,1,False,,,,,
53,26.5,38,1,1,False,,,,,
53,26.5,39,1,1,False,,,,,
54,27.0,0,1,1,False,,,,,
54,27.0,1,1,1,False,,,,,
54,27.0,2,1,1,False,,,,,
54,27.0,3,1,1,False,,,,,
54,27.0,4,1,1,False,,,,,
54,27.0,5,1,1,False,,,,,
54,27.0,6,1,1,False,,,,,
54,27.0,7,1,1,False,,,,,
54,27.0,8,1,1,False,,,,,
54,27.0,9,1,1,False,,,,,
54,27.0,10,1,1,False,,,,,
54,27.0,11,1,1,False,,,,,
54,27.0,12,1,1,False,,,,,
54,27.0,13,1,1,False,,,,,
54,27.0,14,1,1,False,,,,,
54,27.0,15,1,1,False,,,,,
54,27.0,16,1,1,False,,,,,
54,27.0,17,1,1,False,,,,,
54,27.0,18,1,1,False,,,,,
54,27.0,19,1,1,False,,,,,
54,27.0,20,1,1,False,,,,,
54,27.0,21,1,1,False,,,,,
54,27.0,22,1,1,False,,,,,
54,27.0,23,1,1,False,,,,,
54,27.0,24,1,1,False,,,,,
54,27.0,25,1,1,False,,,,,
54,27.0,26,1,1,False,,,,,
54,27.0,27,1,1,False,,,,,
54,27.0,28,1,1,False,,,,,
54,27.0,29,1,1,False,,,,,
54,27.0,30,1,1,False,,,,,
54,27.0,31,1,1,False,,,,,
54,27.0,32,1,1,False,,,,,
54,27.0,33,1,1,False,,,,,
54,27.0,34,1,1,False,,,,,
54,27.0,35,1,1,False,,,,,
54,27.0,36,1,1,False,,,,,
54,27.0,37,1,1,False,,,,,
54,27.0,38,1,1,False,,,,,
54,27.0,39,1,1,False,,,,,
55,27.5,0,1,1,False,,,,,
55,27.5,1,1,1,False,,,,,
55,27.5,2,1,1,False,,,,,
55,27.5,3,1,1,False,,,,,
55,27.5,4,1,1,False,,,,,
55,27.5,5,1,1,False,,,,,
55,27.5,6,1,1,False,,,,,
55,27.5,7,1,1,False,,,,,
55,27.5,8,1,1,False,,,,,
55,27.5,9,1,1,False,,,,,
55,27.5,10,1,1,False,,,,,
55,27.5,11,1,1,False,,,,,
55,27.5,12,1,1,False,,,,,
55,27.5,13,1,1,False,,,,,
55,27.5,14,1,1,False,,,,,
55,27.5,15,1,1,False,,,,,
55,27.5,16,1,1,False,,,,,
55,27.5,17,1,1,False,,,,,
55,27.5,18,1,1,False,,,,,
55,27.5,19,1,1,False,,,,,
55,27.5,20,1,1,False,,,,,
55,27.5,21,1,1,False,,,,,
55,27.5,22,1,1,False,,,,,
55,27.5,23,1,1,False,,,,,
55,27.5,24,1,1,False,,,,,
55,27.5,25,1,1,False,,,,,
55,27.5,26,1,1,False,,,,,
55,27.5,27,1,1,False,,,,,
55,27.5,28,1,1,False,,,,,
55,27.5,29,1,1,False,,,,,
55,27.5,30,1,1,False,,,,,
55,27.5,31,1,1,False,,,,,
55,27.5,32,1,1,False,,,,,
55,27.5,33,1,1,False,,,,,
55,27.5,34,1,1,False,,,,,
55,27.5,35,1,1,False,,,,,
55,27.5,36,1,1,False,,,,,
55,27.5,37,1,1,False,,,,,
55,27.5,38,1,1,False,,,,,
55,27.5,39,1,1,False,,,,,
56,28.0,0,1,1,False,,,,,
56,28.0,1,1,1,False,,,,,
56,28.0,2,1,1,False,,,,,
56,28.0,3,1,1,False,,,,,
56,28.0,4,1,1,False,,,,,
56,28.0,5,1,1,False,,,,,
56,28.0,6,1,1,False,,,,,
56,28.0,7,1,1,False,,,,,
56,28.0,8,1,1,False,,,,,
56,28.0,9,1,1,False,,,,,
56,28.0,10,1,1,False,,,,,
56,28.0,11,1,1,False,,,,,
56,28.0,12,1,1,False,,,,,
56,28.0,13,1,1,False,,,,,
56,28.0,14,1,1,False,,,,,
56,28.0,15,1,1,False,,,,,
56,28.0,16,1,1,False,,,,,
56,28.0,17,1,1,False,,,,,
56,28.0,18,1,1,False,,,,,
56,28.0,19,1,1,False,,,,,
56,28.0,20,1,1,False,,,,,
56,28.0,21,1,1,False,,,,,
56,28.0,22,1,1,False,,,,,
56,28.0,23,1,1,False,,,,,
56,28.0,24,1,1,False,,,,,
56,28.0,25,1,1,False,,,,,
56,28.0,26,1,1,False,,,,,
56,28.0,27,1,1,False,,,,,
56,28.0,28,1,1,False,,,,,
56,28.0,29,1,1,False,,,,,
56,28.0,30,1,1,False,,,,,
56,28.0,31,1,1,False,,,,,
56,28.0,32,1,1,False,,,,,
56,28.0,33,1,1,False,,,,,
56,28.0,34,1,1,False,,,,,
56,28.0,35,1,1,False,,,,,
56,28.0,36,1,1,False,,,,,
56,28.0,37,1,1,False,,,,,
56,28.0,38,1,1,False,,,,,
56,28.0,39,1,1,False,,,,,
57,28.5,0,1,1,False,,,,,
57,28.5,1,1,1,False,,,,,
57,28.5,2,1,1,False,,,,,
57,28.5,3,1,1,False,,,,,
57,28.5,4,1,1,False,,,,,
57,28.5,5,1,1,False,,,,,
57,28.5,6,1,1,False,,,,,
57,28.5,7,1,1,False,,,,,
57,28.5,8,1,1,False,,,,,
57,28.5,9,1,1,False,,,,,
57,28.5,10,1,1,False,,,,,
57,28.5,11,1,1,False,,,,,
57,28.5,12,1,1,False,,,,,
57,28.5,13,1,1,False,,,,,
57,28.5,14,1,1,False,,,,,
57,28.5,15,1,1,False,,,,,
57,28.5,16,1,1,False,,,,,
57,28.5,17,1,1,False,,,,,
57,28.5,18,1,1,False,,,,,
57,28.5,19,1,1,False,,,,,
57,28.5,20,1,1,False,,,,,
57,28.5,21,1,1,False,,,,,
57,28.5,22,1,1,False,,,,,
57,28.5,23,1,1,False,,,,,
57,28.5,24,1,1,False,,,,,
57,28.5,25,1,1,False,,,,,
57,28.5,26,1,1,False,,,,,
57,28.5,27,1,1,False,,,,,
57,28.5,28,1,1,False,,,,,
57,28.5,29,1,1,False,,,,,
57,28.5,30,1,1,False,,,,,
57,28.5,31,1,1,False,,,,,
57,28.5,32,1,1,False,,,,,
57,28.5,33,1,1,False,,,,,
57,28.5,34,1,1,False,,,,,
57,28.5,35,1,1,False,,,,,
57,28.5,36,1,1,False,,,,,
57,28.5,37,1,1,False,,,,,
57,28.5,38,1,1,False,,,,,
57,28.5,39,1,1,False,,,,,
58,29.0,0,1,1,False,,,,,
58,29.0,1,1,1,False,,,,,
58,29.0,2,1,1,False,,,,,
58,29.0,3,1,1,False,,,,,
58,29.0,4,1,1,False,,,,,
58,29.0,5,1,1,False,,,,,
58,29.0,6,1,1,False,,,,,
58,29.0,7,1,1,False,,,,,
58,29.0,8,1,1,False,,,,,
58,29.0,9,1,1,False,,,,,
58,29.0,10,1,1,False,,,,,
58,29.0,11,1,1,False,,,,,
58,29.0,12,1,1,False,,,,,
58,29.0,13,1,1,False,,,,,
58,29.0,14,1,1,False,,,,,
58,29.0,15,1,1,False,,,,,
58,29.0,16,1,1,False,,,,,
58,29.0,17,1,1,False,,,,,
58,29.0,18,1,1,False,,,,,
58,29.0,19,1,1,False,,,,,
58,29.0,20,1,1,False,,,,,
58,29.0,21,1,1,False,,,,,
58,29.0,22,1,1,False,,,,,
58,29.0,23,1,1,False,,,,,
58,29.0,24,1,1,False,,,,,
58,29.0,25,1,1,False,,,,,
58,29.0,26,1,1,False,,,,,
58,29.0,27,1,1,False,,,,,
58,29.0,28,1,1,False,,,,,
58,29.0,29,1,1,False,,,,,
58,29.0,30,1,1,False,,,,,
58,29.0,31,1,1,False,,,,,
58,29.0,32,1,1,False,,,,,
58,29.0,33,1,1,False,,,,,
58,29.0,34,1,1,False,,,,,
58,29.0,35,1,1,False,,,,,
58,29.0,36,1,1,False,,,,,
58,29.0,37,1,1,False,,,,,
58,29.0,38,1,1,False,,,,,
58,29.0,39,1,1,False,,,,,
59,29.5,0,1,1,False,,,,,
59,29.5,1,1,1,False,,,,,
59,29.5,2,1,1,False,,,,,
59,29.5,3,1,1,False,,,,,
59,29.5,4,1,1,False,,,,,
59,29.5,5,1,1,False,,,,,
59,29.5,6,1,1,False,,,,,
59,29.5,7,1,1,False,,,,,
59,29.5,8,1,1,False,,,,,
59,29.5,9,1,1,False,,,,,
59,29.5,10,1,1,False,,,,,
59,29.5,11,1,1,False,,,,,
59,29.5,12,1,1,False,,,,,
59,29.5,13,1,1,False,,,,,
59,29.5,14,1,1,False,,,,,
59,29.5,15,1,1,False,,,,,
59,29.5,16,1,1,False,,,,,
59,29.5,17,1,1,False,,,,,
59,29.5,18,1,1,False,,,,,
59,29.5,19,1,1,False,,,,,
59,29.5,20,1,1,False,,,,,
59,29.5,21,1,1,False,,,,,
59,29.5,22,1,1,False,,,,,
59,29.5,23,1,1,False,,,,,
59,29.5,24,1,1,False,,,,,
59,29.5,25,1,1,False,,,,,
59,29.5,26,1,1,False,,,,,
59,29.5,27,1,1,False,,,,,
59,29.5,28,1,1,False,,,,,
59,29.5,29,1,1,False,,,,,
59,29.5,30,1,1,False,,,,,
59,29.5,31,1,1,False,,,,,
59,29.5,32,1,1,False,,,,,
59,29.5,33,1,1,False,,,,,
59,29.5,34,1,1,False,,,,,
59,29.5,35,1,1,False,,,,,
59,29.5,36,1,1,False,,,,,
59,29.5,37,1,1,False,,,,,
59,29.5,38,1,1,False,,,,,
59,29.5,39,1,1,False,,,,,
60,30.0,0,1,1,False,,,,,
60,30.0,1,1,1,False,,,,,
60,30.0,2,1,1,False,,,,,
60,30.0,3,1,1,False,,,,,
60,30.0,4,1,1,False,,,,,
60,30.0,5,1,1,False,,,,,
60,30.0,6,1,1,False,,,,,
60,30.0,7,1,1,False,,,,,
60,30.0,8,1,1,False,,,,,
60,30.0,9,1,1,False,,,,,
60,30.0,10,1,1,False,,,,,
60,30.0,11,1,1,False,,,,,
60,30.0,12,1,1,False,,,,,
60,30.0,13,1,1,False,,,,,
60,30.0,14,1,1,False,,,,,
60,30.0,15,1,1,False,,,,,
60,30.0,16,1,1,False,,,,,
60,30.0,17,1,1,False,,,,,
60,30.0,18,1,1,False,,,,,
60,30.0,19,1,1,False,,,,,
60,30.0,20,1,1,False,,,,,
60,30.0,21,1,1,False,,,,,
60,30.0,22,1,1,False,,,,,
60,30.0,23,1,1,False,,,,,
60,30.0,24,1,1,False,,,,,
60,30.0,25,1,1,False,,,,,
60,30.0,26,1,1,False,,,,,
60,30.0,27,1,1,False,,,,,
60,30.0,28,1,1,False,,,,,
60,30.0,29,1,1,False,,,,,
60,30.0,30,1,1,False,,,,,
60,30.0,31,1,1,False,,,,,
60,30.0,32,1,1,False,,,,,
60,30.0,33,1,1,False,,,,,
60,30.0,34,1,1,False,,,,,
60,30.0,35,1,1,False,,,,,
60,30.0,36,1,1,False,,,,,
60,30.0,37,1,1,False,,,,,
60,30.0,38,1,1,False,,,,,
60,30.0,39,1,1,False,,,,,
61,30.5,0,1,1,False,,,,,
61,30.5,1,1,1,False,,,,,
61,30.5,2,1,1,False,,,,,
61,30.5,3,1,1,False,,,,,
61,30.5,4,1,1,False,,,,,
61,30.5,5,1,1,False,,,,,
61,30.5,6,1,1,False,,,,,
61,30.5,7,1,1,False,,,,,
61,30.5,8,1,1,False,,,,,
61,30.5,9,1,1,False,,,,,
61,30.5,10,1,1,False,,,,,
61,30.5,11,1,1,False,,,,,
61,30.5,12,1,1,False,,,,,
61,30.5,13,1,1,False,,,,,
61,30.5,14,1,1,False,,,,,
61,30.5,15,1,1,False,,,,,
61,30.5,16,1,1,False,,,,,
61,30.5,17,1,1,False,,,,,
61,30.5,18,1,1,False,,,,,
61,30.5,19,1,1,False,,,,,
61,30.5,20,1,1,False,,,,,
61,30.5,21,1,1,False,,,,,
61,30.5,22,1,1,False,,,,,
61,30.5,23,1,1,False,,,,,
61,30.5,24,1,1,False,,,,,
61,30.5,25,1,1,False,,,,,
61,30.5,26,1,1,False,,,,,
61,30.5,27,1,1,False,,,,,
61,30.5,28,1,1,False,,,,,
61,30.5,29,1,1,False,,,,,
61,30.5,30,1,1,False,,,,,
61,30.5,31,1,1,False,,,,,
61,30.5,32,1,1,False,,,,,
61,30.5,33,1,1,False,,,,,
61,30.5,34,1,1,False,,,,,
61,30.5,35,1,1,False,,,,,
61,30.5,36,1,1,False,,,,,
61,30.5,37,1,1,False,,,,,
61,30.5,38,1,1,False,,,,,
61,30.5,39,1,1,False,,,,,
62,31.0,0,1,1,False,,,,,
62,31.0,1,1,1,False,,,,,
62,31.0,2,1,1,False,,,,,
62,31.0,3,1,1,False,,,,,
62,31.0,4,1,1,False,,,,,
62,31.0,5,1,1,False,,,,,
62,31.0,6,1,1,False,,,,,
62,31.0,7,1,1,False,,,,,
62,31.0,8,1,1,False,,,,,
62,31.0,9,1,1,False,,,,,
62,31.0,10,1,1,False,,,,,
62,31.0,11,1,1,False,,,,,
62,31.0,12,1,1,False,,,,,
62,31.0,13,1,1,False,,,,,
62,31.0,14,1,1,False,,,,,
62,31.0,15,1,1,False,,,,,
62,31.0,16,1,1,False,,,,,
62,31.0,17,1,1,False,,,,,
62,31.0,18,1,1,False,,,,,
62,31.0,19,1,1,False,,,,,
62,31.0,20,1,1,False,,,,,
62,31.0,21,1,1,False,,,,,
62,31.0,22,1,1,False,,,,,
62,31.0,23,1,1,False,,,,,
62,31.0,24,1,1,False,,,,,
62,31.0,25,1,1,False,,,,,
62,31.0,26,1,1,False,,,,,
62,31.0,27,1,1,False,,,,,
62,31.0,28,1,1,False,,,,,
62,31.0,29,1,1,False,,,,,
62,31.0,30,1,1,False,,,,,
62,31.0,31,1,1,False,,,,,
62,31.0,32,1,1,False,,,,,
62,31.0,33,1,1,False,,,,,
62,31.0,34,1,1,False,,,,,
62,31.0,35,1,1,False,,,,,
62,31.0,36,1,1,False,,,,,
62,31.0,37,1,1,False,,,,,
62,31.0,38,1,1,False,,,,,
62,31.0,39,1,1,False,,,,,
63,31.5,0,1,1,False,,,,,
63,31.5,1,1,1,False,,,,,
63,31.5,2,1,1,False,,,,,
63,31.5,3,1,1,False,,,,,
63,31.5,4,1,1,False,,,,,
63,31.5,5,1,1,False,,,,,
63,31.5,6,1,1,False,,,,,
63,31.5,7,1,1,False,,,,,
63,31.5,8,1,1,False,,,,,
63,31.5,9,1,1,False,,,,,
63,31.5,10,1,1,False,,,,,
63,31.5,11,1,1,False,,,,,
63,31.5,12,1,1,False,,,,,
63,31.5,13,1,1,False,,,,,
63,31.5,14,1,1,False,,,,,
63,31.5,15,1,1,False,,,,,
63,31.5,16,1,1,False,,,,,
63,31.5,17,1,1,False,,,,,
63,31.5,18,1,1,False,,,,,
63,31.5,19,1,1,False,,,,,
63,31.5,20,1,1,False,,,,,
63,31.5,21,1,1,False,,,,,
63,31.5,22,1,1,False,,,,,
63,31.5,23,1,1,False,,,,,
63,31.5,24,1,1,False,,,,,
63,31.5,25,1,1,False,,,,,
63,31.5,26,1,1,False,,,,,
63,31.5,27,1,1,False,,,,,
63,31.5,28,1,1,False,,,,,
63,31.5,29,1,1,False,,,,,
63,31.5,30,1,1,False,,,,,
63,31.5,31,1,1,False,,,,,
63,31.5,32,1,1,False,,,,,
63,31.5,33,1,1,False,,,,,
63,31.5,34,1,1,False,,,,,
63,31.5,35,1,1,False,,,,,
63,31.5,36,1,1,False,,,,,
63,31.5,37,1,1,False,,,,,
63,31.5,38,1,1,False,,,,,
63,31.5,39,1,1,False,,,,,
64,32.0,0,1,1,False,,,,,
64,32.0,1,1,1,False,,,,,
64,32.0,2,1,1,False,,,,,
64,32.0,3,1,1,False,,,,,
64,32.0,4,1,1,False,,,,,
64,32.0,5,1,1,False,,,,,
64,32.0,6,1,1,False,,,,,
64,32.0,7,1,1,False,,,,,
64,32.0,8,1,1,False,,,,,
64,32.0,9,1,1,False,,,,,
64,32.0,10,1,1,False,,,,,
64,32.0,11,1,1,False,,,,,
64,32.0,12,1,1,False,,,,,
64,32.0,13,1,1,False,,,,,
64,32.0,14,1,1,False,,,,,
64,32.0,15,1,1,False,,,,,
64,32.0,16,1,1,False,,,,,
64,32.0,17,1,1,False,,,,,
64,32.0,18,1,1,False,,,,,
64,32.0,19,1,1,False,,,,,
64,32.0,20,1,1,False,,,,,
64,32.0,21,1,1,False,,,,,
64,32.0,22,1,1,False,,,,,
64,32.0,23,1,1,False,,,,,
64,32.0,24,1,1,False,,,,,
64,32.0,25,1,1,False,,,,,
64,32.0,26,1,1,False,,,,,
64,32.0,27,1,1,False,,,,,
64,32.0,28,1,1,False,,,,,
64,32.0,29,1,1,False,,,,,
64,32.0,30,1,1,False,,,,,
64,32.0,31,1,1,False,,,,,
64,32.0,32,1,1,False,,,,,
64,32.0,33,1,1,False,,,,,
64,32.0,34,1,1,False,,,,,
64,32.0,35,1,1,False,,,,,
64,32.0,36,1,1,False,,,,,
64,32.0,37,1,1,False,,,,,
64,32.0,38,1,1,False,,,,,
64,32.0,39,1,1,False,,,,,
65,32.5,0,1,1,False,,,,,
65,32.5,1,1,1,False,,,,,
65,32.5,2,1,1,False,,,,,
65,32.5,3,1,1,False,,,,,
65,32.5,4,1,1,False,,,,,
65,32.5,5,1,1,False,,,,,
65,32.5,6,1,1,False,,,,,
65,32.5,7,1,1,False,,,,,
65,32.5,8,1,1,False,,,,,
65,32.5,9,1,1,False,,,,,
65,32.5,10,1,1,False,,,,,
65,32.5,11,1,1,False,,,,,
65,32.5,12,1,1,False,,,,,
65,32.5,13,1,1,False,,,,,
65,32.5,14,1,1,False,,,,,
65,32.5,15,1,1,False,,,,,
65,32.5,16,1,1,False,,,,,
65,32.5,17,1,1,False,,,,,
65,32.5,18,1,1,False,,,,,
65,32.5,19,1,1,False,,,,,
65,32.5,20,1,1,False,,,,,
65,32.5,21,1,1,False,,,,,
65,32.5,22,1,1,False,,,,,
65,32.5,23,1,1,False,,,,,
65,32.5,24,1,1,False,,,,,
65,32.5,25,1,1,False,,,,,
65,32.5,26,1,1,False,,,,,
65,32.5,27,1,1,False,,,,,
65,32.5,28,1,1,False,,,,,
65,32.5,29,1,1,False,,,,,
65,32.5,30,1,1,False,,,,,
65,32.5,31,1,1,False,,,,,
65,32.5,32,1,1,False,,,,,
65,32.5,33,1,1,False,,,,,
65,32.5,34,1,1,False,,,,,
65,32.5,35,1,1,False,,,,,
65,32.5,36,1,1,False,,,,,
65,32.5,37,1,1,False,,,,,
65,32.5,38,1,1,False,,,,,
65,32.5,39,1,1,False,,,,,
66,33.0,0,1,1,False,,,,,
66,33.0,1,1,1,False,,,,,
66,33.0,2,1,1,False,,,,,
66,33.0,3,1,1,False,,,,,
66,33.0,4,1,1,False,,,,,
66,33.0,5,1,1,False,,,,,
66,33.0,6,1,1,False,,,,,
66,33.0,7,1,1,False,,,,,
66,33.0,8,1,1,False,,,,,
66,33.0,9,1,1,False,,,,,
66,33.0,10,1,1,False,,,,,
66,33.0,11,1,1,False,,,,,
66,33.0,12,1,1,False,,,,,
66,33.0,13,1,1,False,,,,,
66,33.0,14,1,1,False,,,,,
66,33.0,15,1,1,False,,,,,
66,33.0,16,1,1,False,,,,,
66,33.0,17,1,1,False,,,,,
66,33.0,18,1,1,False,,,,,
66,33.0,19,1,1,False,,,,,
66,33.0,20,1,1,False,,,,,
66,33.0,21,1,1,False,,,,,
66,33.0,22,1,1,False,,,,,
66,33.0,23,1,1,False,,,,,
66,33.0,24,1,1,False,,,,,
66,33.0,25,1,1,False,,,,,
66,33.0,26,1,1,False,,,,,
66,33.0,27,1,1,False,,,,,
66,33.0,28,1,1,False,,,,,
66,33.0,29,1,1,False,,,,,
66,33.0,30,1,1,False,,,,,
66,33.0,31,1,1,False,,,,,
66,33.0,32,1,1,False,,,,,
66,33.0,33,1,1,False,,,,,
66,33.0,34,1,1,False,,,,,
66,33.0,35,1,1,False,,,,,
66,33.0,36,1,1,False,,,,,
66,33.0,37,1,1,False,,,,,
66,33.0,38,1,1,False,,,,,
66,33.0,39,1,1,False,,,,,
67,33.5,0,1,1,False,,,,,
67,33.5,1,1,1,False,,,,,
67,33.5,2,1,1,False,,,,,
67,33.5,3,1,1,False,,,,,
67,33.5,4,1,1,False,,,,,
67,33.5,5,1,1,False,,,,,
67,33.5,6,1,1,False,,,,,
67,33.5,7,1,1,False,,,,,
67,33.5,8,1,1,False,,,,,
67,33.5,9,1,1,False,,,,,
67,33.5,10,1,1,False,,,,,
67,33.5,11,1,1,False,,,,,
67,33.5,12,1,1,False,,,,,
67,33.5,13,1,1,False,,,,,
67,33.5,14,1,1,False,,,,,
67,33.5,15,1,1,False,,,,,
67,33.5,16,1,1,False,,,,,
67,33.5,17,1,1,False,,,,,
67,33.5,18,1,1,False,,,,,
67,33.5,19,1,1,False,,,,,
67,33.5,20,1,1,False,,,,,
67,33.5,21,1,1,False,,,,,
67,33.5,22,1,1,False,,,,,
67,33.5,23,1,1,False,,,,,
67,33.5,24,1,1,False,,,,,
67,33.5,25,1,1,False,,,,,
67,33.5,26,1,1,False,,,,,
67,33.5,27,1,1,False,,,,,
67,33.5,28,1,1,False,,,,,
67,33.5,29,1,1,False,,,,,
67,33.5,30,1,1,False,,,,,
67,33.5,31,1,1,False,,,,,
67,33.5,32,1,1,False,,,,,
67,33.5,33,1,1,False,,,,,
67,33.5,34,1,1,False,,,,,
67,33.5,35,1,1,False,,,,,
67,33.5,36,1,1,False,,,,,
67,33.5,37,1,1,False,,,,,
67,33.5,38,1,1,False,,,,,
67,33.5,39,1,1,False,,,,,
68,34.0,0,1,1,False,,,,,
68,34.0,1,1,1,False,,,,,
68,34.0,2,1,1,False,,,,,
68,34.0,3,1,1,False,,,,,
68,34.0,4,1,1,False,,,,,
68,34.0,5,1,1,False,,,,,
68,34.0,6,1,1,False,,,,,
68,34.0,7,1,1,False,,,,,
68,34.0,8,1,1,False,,,,,
68,34.0,9,1,1,False,,,,,
68,34.0,10,1,1,False,,,,,
68,34.0,11,1,1,False,,,,,
68,34.0,12,1,1,False,,,,,
68,34.0,13,1,1,False,,,,,
68,34.0,14,1,1,False,,,,,
68,34.0,15,1,1,False,,,,,
68,34.0,16,1,1,False,,,,,
68,34.0,17,1,1,False,,,,,
68,34.0,18,1,1,False,,,,,
68,34.0,19,1,1,False,,,,,
68,34.0,20,1,1,False,,,,,
68,34.0,21,1,1,False,,,,,
68,34.0,22,1,1,False,,,,,
68,34.0,23,1,1,False,,,,,
68,34.0,24,1,1,False,,,,,
68,34.0,25,1,1,False,,,,,
68,34.0,26,1,1,False,,,,,
68,34.0,27,1,1,False,,,,,
68,34.0,28,1,1,False,,,,,
68,34.0,29,1,1,False,,,,,
68,34.0,30,1,1,False,,,,,
68,34.0,31,1,1,False,,,,,
68,34.0,32,1,1,False,,,,,
68,34.0,33,1,1,False,,,,,
68,34.0,34,1,1,False,,,,,
68,34.0,35,1,1,False,,,,,
68,34.0,36,1,1,False,,,,,
68,34.0,37,1,1,False,,,,,
68,34.0,38,1,1,False,,,,,
68,34.0,39,1,1,False,,,,,
69,34.5,0,1,1,False,,,,,
69,34.5,1,1,1,False,,,,,
69,34.5,2,1,1,False,,,,,
69,34.5,3,1,1,False,,,,,
69,34.5,4,1,1,False,,,,,
69,34.5,5,1,1,False,,,,,
69,34.5,6,1,1,False,,,,,
69,34.5,7,1,1,False,,,,,
69,34.5,8,1,1,False,,,,,
69,34.5,9,1,1,False,,,,,
69,34.5,10,1,1,False,,,,,
69,34.5,11,1,1,False,,,,,
69,34.5,12,1,1,False,,,,,
69,34.5,13,1,1,False,,,,,
69,34.5,14,1,1,False,,,,,
69,34.5,15,1,1,False,,,,,
69,34.5,16,1,1,False,,,,,
69,34.5,17,1,1,False,,,,,
69,34.5,18,1,1,False,,,,,
69,34.5,19,1,1,False,,,,,
69,34.5,20,1,1,False,,,,,
69,34.5,21,1,1,False,,,,,
69,34.5,22,1,1,False,,,,,
69,34.5,23,1,1,False,,,,,
69,34.5,24,1,1,False,,,,,
69,34.5,25,1,1,False,,,,,
69,34.5,26,1,1,False,,,,,
69,34.5,27,1,1,False,,,,,
69,34.5,28,1,1,False,,,,,
69,34.5,29,1,1,False,,,,,
69,34.5,30,1,1,False,,,,,
69,34.5,31,1,1,False,,,,,
69,34.5,32,1,1,False,,,,,
69,34.5,33,1,1,False,,,,,
69,34.5,34,1,1,False,,,,,
69,34.5,35,1,1,False,,,,,
69,34.5,36,1,1,False,,,,,
69,34.5,37,1,1,False,,,,,
69,34.5,38,1,1,False,,,,,
69,34.5,39,1,1,False,,,,,
70,35.0,0,1,1,False,,,,,
70,35.0,1,1,1,False,,,,,
70,35.0,2,1,1,False,,,,,
70,35.0,3,1,1,False,,,,,
70,35.0,4,1,1,False,,,,,
70,35.0,5,1,1,False,,,,,
70,35.0,6,1,1,False,,,,,
70,35.0,7,1,1,False,,,,,
70,35.0,8,1,1,False,,,,,
70,35.0,9,1,1,False,,,,,
70,35.0,10,1,1,False,,,,,
70,35.0,11,1,1,False,,,,,
70,35.0,12,1,1,False,,,,,
70,35.0,13,1,1,False,,,,,
70,35.0,14,1,1,False,,,,,
70,35.0,15,1,1,False,,,,,
70,35.0,16,1,1,False,,,,,
70,35.0,17,1,1,False,,,,,
70,35.0,18,1,1,False,,,,,
70,35.0,19,1,1,False,,,,,
70,35.0,20,1,1,False,,,,,
70,35.0,21,1,1,False,,,,,
70,35.0,22,1,1,False,,,,,
70,35.0,23,1,1,False,,,,,
70,35.0,24,1,1,False,,,,,
70,35.0,25,1,1,False,,,,,
70,35.0,26,1,1,False,,,,,
70,35.0,27,1,1,False,,,,,
70,35.0,28,1,1,False,,,,,
70,35.0,29,1,1,False,,,,,
70,35.0,30,1,1,False,,,,,
70,35.0,31,1,1,False,,,,,
70,35.0,32,1,1,False,,,,,
70,35.0,33,1,1,False,,,,,
70,35.0,34,1,1,False,,,,,
70,35.0,35,1,1,False,,,,,
70,35.0,36,1,1,False,,,,,
70,35.0,37,1,1,False,,,,,
70,35.0,38,1,1,False,,,,,
70,35.0,39,1,1,False,,,,,
71,35.5,0,1,1,False,,,,,
71,35.5,1,1,1,False,,,,,
71,35.5,2,1,1,False,,,,,
71,35.5,3,1,1,False,,,,,
71,35.5,4,1,1,False,,,,,
71,35.5,5,1,1,False,,,,,
71,35.5,6,1,1,False,,,,,
71,35.5,7,1,1,False,,,,,
71,35.5,8,1,1,False,,,,,
71,35.5,9,1,1,False,,,,,
71,35.5,10,1,1,False,,,,,
71,35.5,11,1,1,False,,,,,
71,35.5,12,1,1,False,,,,,
71,35.5,13,1,1,False,,,,,
71,35.5,14,1,1,False,,,,,
71,35.5,15,1,1,False,,,,,
71,35.5,16,1,1,False,,,,,
71,35.5,17,1,1,False,,,,,
71,35.5,18,1,1,False,,,,,
71,35.5,19,1,1,False,,,,,
71,35.5,20,1,1,False,,,,,
71,35.5,21,1,1,False,,,,,
71,35.5,22,1,1,False,,,,,
71,35.5,23,1,1,False,,,,,
71,35.5,24,1,1,False,,,,,
71,35.5,25,1,1,False,,,,,
71,35.5,26,1,1,False,,,,,
71,35.5,27,1,1,False,,,,,
71,35.5,28,1,1,False,,,,,
71,35.5,29,1,1,False,,,,,
71,35.5,30,1,1,False,,,,,
71,35.5,31,1,1,False,,,,,
71,35.5,32,1,1,False,,,,,
71,35.5,33,1,1,False,,,,,
71,35.5,34,1,1,False,,,,,
71,35.5,35,1,1,False,,,,,
71,35.5,36,1,1,False,,,,,
71,35.5,37,1,1,False,,,,,
71,35.5,38,1,1,False,,,,,
71,35.5,39,1,1,False,,,,,
72,36.0,0,1,1,False,,,,,
72,36.0,1,1,1,False,,,,,
72,36.0,2,1,1,False,,,,,
72,36.0,3,1,1,False,,,,,
72,36.0,4,1,1,False,,,,,
72,36.0,5,1,1,False,,,,,
72,36.0,6,1,1,False,,,,,
72,36.0,7,1,1,False,,,,,
72,36.0,8,1,1,False,,,,,
72,36.0,9,1,1,False,,,,,
72,36.0,10,1,1,False,,,,,
72,36.0,11,1,1,False,,,,,
72,36.0,12,1,1,False,,,,,
72,36.0,13,1,1,False,,,,,
72,36.0,14,1,1,False,,,,,
72,36.0,15,1,1,False,,,,,
72,36.0,16,1,1,False,,,,,
72,36.0,17,1,1,False,,,,,
72,36.0,18,1,1,False,,,,,
72,36.0,19,1,1,False,,,,,
72,36.0,20,1,1,False,,,,,
72,36.0,21,1,1,False,,,,,
72,36.0,22,1,1,False,,,,,
72,36.0,23,1,1,False,,,,,
72,36.0,24,1,1,False,,,,,
72,36.0,25,1,1,False,,,,,
72,36.0,26,1,1,False,,,,,
72,36.0,27,1,1,False,,,,,
72,36.0,28,1,1,False,,,,,
72,36.0,29,1,1,False,,,,,
72,36.0,30,1,1,False,,,,,
72,36.0,31,1,1,False,,,,,
72,36.0,32,1,1,False,,,,,
72,36.0,33,1,1,False,,,,,
72,36.0,34,1,1,False,,,,,
72,36.0,35,1,1,False,,,,,
72,36.0,36,1,1,False,,,,,
72,36.0,37,1,1,False,,,,,
72,36.0,38,1,1,False,,,,,
72,36.0,39,1,1,False,,,,,
73,36.5,0,1,1,False,,,,,
73,36.5,1,1,1,False,,,,,
73,36.5,2,1,1,False,,,,,
73,36.5,3,1,1,False,,,,,
73,36.5,4,1,1,False,,,,,
73,36.5,5,1,1,False,,,,,
73,36.5,6,1,1,False,,,,,
73,36.5,7,1,1,False,,,,,
73,36.5,8,1,1,False,,,,,
73,36.5,9,1,1,False,,,,,
73,36.5,10,1,1,False,,,,,
73,36.5,11,1,1,False,,,,,
73,36.5,12,1,1,False,,,,,
73,36.5,13,1,1,False,,,,,
73,36.5,14,1,1,False,,,,,
73,36.5,15,1,1,False,,,,,
73,36.5,16,1,1,False,,,,,
73,36.5,17,1,1,False,,,,,
73,36.5,18,1,1,False,,,,,
73,36.5,19,1,1,False,,,,,
73,36.5,20,1,1,False,,,,,
73,36.5,21,1,1,False,,,,,
73,36.5,22,1,1,False,,,,,
73,36.5,23,1,1,False,,,,,
73,36.5,24,1,1,False,,,,,
73,36.5,25,1,1,False,,,,,
73,36.5,26,1,1,False,,,,,
73,36.5,27,1,1,False,,,,,
73,36.5,28,1,1,False,,,,,
73,36.5,29,1,1,False,,,,,
73,36.5,30,1,1,False,,,,,
73,36.5,31,1,1,False,,,,,
73,36.5,32,1,1,False,,,,,
73,36.5,33,1,1,False,,,,,
73,36.5,34,1,1,False,,,,,
73,36.5,35,1,1,False,,,,,
73,36.5,36,1,1,False,,,,,
73,36.5,37,1,1,False,,,,,
73,36.5,38,1,1,False,,,,,
73,36.5,39,1,1,False,,,,,
74,37.0,0,1,1,False,,,,,
74,37.0,1,1,1,False,,,,,
74,37.0,2,1,1,False,,,,,
74,37.0,3,1,1,False,,,,,
74,37.0,4,1,1,False,,,,,
74,37.0,5,1,1,False,,,,,
74,37.0,6,1,1,False,,,,,
74,37.0,7,1,1,False,,,,,
74,37.0,8,1,1,False,,,,,
74,37.0,9,1,1,False,,,,,
74,37.0,10,1,1,False,,,,,
74,37.0,11,1,1,False,,,,,
74,37.0,12,1,1,False,,,,,
74,37.0,13,1,1,False,,,,,
74,37.0,14,1,1,False,,,,,
74,37.0,15,1,1,False,,,,,
74,37.0,16,1,1,False,,,,,
74,37.0,17,1,1,False,,,,,
74,37.0,18,1,1,False,,,,,
74,37.0,19,1,1,False,,,,,
74,37.0,20,1,1,False,,,,,
74,37.0,21,1,1,False,,,,,
74,37.0,22,1,1,False,,,,,
74,37.0,23,1,1,False,,,,,
74,37.0,24,1,1,False,,,,,
74,37.0,25,1,1,False,,,,,
74,37.0,26,1,1,False,,,,,
74,37.0,27,1,1,False,,,,,
74,37.0,28,1,1,False,,,,,
74,37.0,29,1,1,False,,,,,
74,37.0,30,1,1,False,,,,,
74,37.0,31,1,1,False,,,,,
74,37.0,32,1,1,False,,,,,
74,37.0,33,1,1,False,,,,,
74,37.0,34,1,1,False,,,,,
74,37.0,35,1,1,False,,,,,
74,37.0,36,1,1,False,,,,,
74,37.0,37,1,1,False,,,,,
74,37.0,38,1,1,False,,,,,
74,37.0,39,1,1,False,,,,,
75,37.5,0,1,1,False,,,,,
75,37.5,1,1,1,False,,,,,
75,37.5,2,1,1,False,,,,,
75,37.5,3,1,1,False,,,,,
75,37.5,4,1,1,False,,,,,
75,37.5,5,1,1,False,,,,,
75,37.5,6,1,1,False,,,,,
75,37.5,7,1,1,False,,,,,
75,37.5,8,1,1,False,,,,,
75,37.5,9,1,1,False,,,,,
75,37.5,10,1,1,False,,,,,
75,37.5,11,1,1,False,,,,,
75,37.5,12,1,1,False,,,,,
75,37.5,13,1,1,False,,,,,
75,37.5,14,1,1,False,,,,,
75,37.5,15,1,1,False,,,,,
75,37.5,16,1,1,False,,,,,
75,37.5,17,1,1,False,,,,,
75,37.5,18,1,1,False,,,,,
75,37.5,19,1,1,False,,,,,
75,37.5,20,1,1,False,,,,,
75,37.5,21,1,1,False,,,,,
75,37.5,22,1,1,False,,,,,
75,37.5,23,1,1,False,,,,,
75,37.5,24,1,1,False,,,,,
75,37.5,25,1,1,False,,,,,
75,37.5,26,1,1,False,,,,,
75,37.5,27,1,1,False,,,,,
75,37.5,28,1,1,False,,,,,
75,37.5,29,1,1,False,,,,,
75,37.5,30,1,1,False,,,,,
75,37.5,31,1,1,False,,,,,
75,37.5,32,1,1,False,,,,,
75,37.5,33,1,1,False,,,,,
75,37.5,34,1,1,False,,,,,
75,37.5,35,1,1,False,,,,,
75,37.5,36,1,1,False,,,,,
75,37.5,37,1,1,False,,,,,
75,37.5,38,1,1,False,,,,,
75,37.5,39,1,1,False,,,,,
76,38.0,0,1,1,False,,,,,
76,38.0,1,1,1,False,,,,,
76,38.0,2,1,1,False,,,,,
76,38.0,3,1,1,False,,,,,
76,38.0,4,1,1,False,,,,,
76,38.0,5,1,1,False,,,,,
76,38.0,6,1,1,False,,,,,
76,38.0,7,1,1,False,,,,,
76,38.0,8,1,1,False,,,,,
76,38.0,9,1,1,False,,,,,
76,38.0,10,1,1,False,,,,,
76,38.0,11,1,1,False,,,,,
76,38.0,12,1,1,False,,,,,
76,38.0,13,1,1,False,,,,,
76,38.0,14,1,1,False,,,,,
76,38.0,15,1,1,False,,,,,
76,38.0,16,1,1,False,,,,,
76,38.0,17,1,1,False,,,,,
76,38.0,18,1,1,False,,,,,
76,38.0,19,1,1,False,,,,,
76,38.0,20,1,1,False,,,,,
76,38.0,21,1,1,False,,,,,
76,38.0,22,1,1,False,,,,,
76,38.0,23,1,1,False,,,,,
76,38.0,24,1,1,False,,,,,
76,38.0,25,1,1,False,,,,,
76,38.0,26,1,1,False,,,,,
76,38.0,27,1,1,False,,,,,
76,38.0,28,1,1,False,,,,,
76,38.0,29,1,1,False,,,,,
76,38.0,30,1,1,False,,,,,
76,38.0,31,1,1,False,,,,,
76,38.0,32,1,1,False,,,,,
76,38.0,33,1,1,False,,,,,
76,38.0,34,1,1,False,,,,,
76,38.0,35,1,1,False,,,,,
76,38.0,36,1,1,False,,,,,
76,38.0,37,1,1,False,,,,,
76,38.0,38,1,1,False,,,,,
76,38.0,39,1,1,False,,,,,
77,38.5,0,1,1,False,,,,,
77,38.5,1,1,1,False,,,,,
77,38.5,2,1,1,False,,,,,
77,38.5,3,1,1,False,,,,,
77,38.5,4,1,1,False,,,,,
77,38.5,5,1,1,False,,,,,
77,38.5,6,1,1,False,,,,,
77,38.5,7,1,1,False,,,,,
77,38.5,8,1,1,False,,,,,
77,38.5,9,1,1,False,,,,,
77,38.5,10,1,1,False,,,,,
77,38.5,11,1,1,False,,,,,
77,38.5,12,1,1,False,,,,,
77,38.5,13,1,1,False,,,,,
77,38.5,14,1,1,False,,,,,
77,38.5,15,1,1,False,,,,,
77,38.5,16,1,1,False,,,,,
77,38.5,17,1,1,False,,,,,
77,38.5,18,1,1,False,,,,,
77,38.5,19,1,1,False,,,,,
77,38.5,20,1,1,False,,,,,
77,38.5,21,1,1,False,,,,,
77,38.5,22,1,1,False,,,,,
77,38.5,23,1,1,False,,,,,
77,38.5,24,1,1,False,,,,,
77,38.5,25,1,1,False,,,,,
77,38.5,26,1,1,False,,,,,
77,38.5,27,1,1,False,,,,,
77,38.5,28,1,1,False,,,,,
77,38.5,29,1,1,False,,,,,
77,38.5,30,1,1,False,,,,,
77,38.5,31,1,1,False,,,,,
77,38.5,32,1,1,False,,,,,
77,38.5,33,1,1,False,,,,,
77,38.5,34,1,1,False,,,,,
77,38.5,35,1,1,False,,,,,
77,38.5,36,1,1,False,,,,,
77,38.5,37,1,1,False,,,,,
77,38.5,38,1,1,False,,,,,
77,38.5,39,1,1,False,,,,,
78,39.0,0,1,1,False,,,,,
78,39.0,1,1,1,False,,,,,
78,39.0,2,1,1,False,,,,,
78,39.0,3,1,1,False,,,,,
78,39.0,4,1,1,False,,,,,
78,39.0,5,1,1,False,,,,,
78,39.0,6,1,1,False,,,,,
78,39.0,7,1,1,False,,,,,
78,39.0,8,1,1,False,,,,,
78,39.0,9,1,1,False,,,,,
78,39.0,10,1,1,False,,,,,
78,39.0,11,1,1,False,,,,,
78,39.0,12,1,1,False,,,,,
78,39.0,13,1,1,False,,,,,
78,39.0,14,1,1,False,,,,,
78,39.0,15,1,1,False,,,,,
78,39.0,16,1,1,False,,,,,
78,39.0,17,1,1,False,,,,,
78,39.0,18,1,1,False,,,,,
78,39.0,19,1,1,False,,,,,
78,39.0,20,1,1,False,,,,,
78,39.0,21,1,1,False,,,,,
78,39.0,22,1,1,False,,,,,
78,39.0,23,1,1,False,,,,,
78,39.0,24,1,1,False,,,,,
78,39.0,25,1,1,False,,,,,
78,39.0,26,1,1,False,,,,,
78,39.0,27,1,1,False,,,,,
78,39.0,28,1,1,False,,,,,
78,39.0,29,1,1,False,,,,,
78,39.0,30,1,1,False,,,,,
78,39.0,31,1,1,False,,,,,
78,39.0,32,1,1,False,,,,,
78,39.0,33,1,1,False,,,,,
78,39.0,34,1,1,False,,,,,
78,39.0,35,1,1,False,,,,,
78,39.0,36,1,1,False,,,,,
78,39.0,37,1,1,False,,,,,
78,39.0,38,1,1,False,,,,,
78,39.0,39,1,1,False,,,,,
79,39.5,0,1,1,False,,,,,
79,39.5,1,1,1,False,,,,,
79,39.5,2,1,1,False,,,,,
79,39.5,3,1,1,False,,,,,
79,39.5,4,1,1,False,,,,,
79,39.5,5,1,1,False,,,,,
79,39.5,6,1,1,False,,,,,
79,39.5,7,1,1,False,,,,,
79,39.5,8,1,1,False,,,,,
79,39.5,9,1,1,False,,,,,
79,39.5,10,1,1,False,,,,,
79,39.5,11,1,1,False,,,,,
79,39.5,12,1,1,False,,,,,
79,39.5,13,1,1,False,,,,,
79,39.5,14,1,1,False,,,,,
79,39.5,15,1,1,False,,,,,
79,39.5,16,1,1,False,,,,,
79,39.5,17,1,1,False,,,,,
79,39.5,18,1,1,False,,,,,
79,39.5,19,1,1,False,,,,,
79,39.5,20,1,1,False,,,,,
79,39.5,21,1,1,False,,,,,
79,39.5,22,1,1,False,,,,,
79,39.5,23,1,1,False,,,,,
79,39.5,24,1,1,False,,,,,
79,39.5,25,1,1,False,,,,,
79,39.5,26,1,1,False,,,,,
79,39.5,27,1,1,False,,,,,
79,39.5,28,1,1,False,,,,,
79,39.5,29,1,1,False,,,,,
79,39.5,30,1,1,False,,,,,
79,39.5,31,1,1,False,,,,,
79,39.5,32,1,1,False,,,,,
79,39.5,33,1,1,False,,,,,
79,39.5,34,1,1,False,,,,,
79,39.5,35,1,1,False,,,,,
79,39.5,36,1,1,False,,,,,
79,39.5,37,1,1,False,,,,,
79,39.5,38,1,1,False,,,,,
79,39.5,39,1,1,False,,,,,
80,40.0,0,1,1,False,,,,,
80,40.0,1,1,1,False,,,,,
80,40.0,2,1,1,False,,,,,
80,40.0,3,1,1,False,,,,,
80,40.0,4,1,1,False,,,,,
80,40.0,5,1,1,False,,,,,
80,40.0,6,1,1,False,,,,,
80,40.0,7,1,1,False,,,,,
80,40.0,8,1,1,False,,,,,
80,40.0,9,1,1,False,,,,,
80,40.0,10,1,1,False,,,,,
80,40.0,11,1,1,False,,,,,
80,40.0,12,1,1,False,,,,,
80,40.0,13,1,1,False,,,,,
80,40.0,14,1,1,False,,,,,
80,40.0,15,1,1,False,,,,,
80,40.0,16,1,1,False,,,,,
80,40.0,17,1,1,False,,,,,
80,40.0,18,1,1,False,,,,,
80,40.0,19,1,1,False,,,,,
80,40.0,20,1,1,False,,,,,
80,40.0,21,1,1,False,,,,,
80,40.0,22,1,1,False,,,,,
80,40.0,23,1,1,False,,,,,
80,40.0,24,1,1,False,,,,,
80,40.0,25,1,1,False,,,,,
80,40.0,26,1,1,False,,,,,
80,40.0,27,1,1,False,,,,,
80,40.0,28,1,1,False,,,,,
80,40.0,29,1,1,False,,,,,
80,40.0,30,1,1,False,,,,,
80,40.0,31,1,1,False,,,,,
80,40.0,32,1,1,False,,,,,
80,40.0,33,1,1,False,,,,,
80,40.0,34,1,1,False,,,,,
80,40.0,35,1,1,False,,,,,
80,40.0,36,1,1,False,,,,,
80,40.0,37,1,1,False,,,,,
80,40.0,38,1,1,False,,,,,
80,40.0,39,1,1,False,,,,,
81,40.5,0,1,1,False,,,,,
81,40.5,1,1,1,False,,,,,
81,40.5,2,1,1,False,,,,,
81,40.5,3,1,1,False,,,,,
81,40.5,4,1,1,False,,,,,
81,40.5,5,1,1,False,,,,,
81,40.5,6,1,1,False,,,,,
81,40.5,7,1,1,False,,,,,
81,40.5,8,1,1,False,,,,,
81,40.5,9,1,1,False,,,,,
81,40.5,10,1,1,False,,,,,
81,40.5,11,1,1,False,,,,,
81,40.5,12,1,1,False,,,,,
81,40.5,13,1,1,False,,,,,
81,40.5,14,1,1,False,,,,,
81,40.5,15,1,1,False,,,,,
81,40.5,16,1,1,False,,,,,
81,40.5,17,1,1,False,,,,,
81,40.5,18,1,1,False,,,,,
81,40.5,19,1,1,False,,,,,
81,40.5,20,1,1,False,,,,,
81,40.5,21,1,1,False,,,,,
81,40.5,22,1,1,False,,,,,
81,40.5,23,1,1,False,,,,,
81,40.5,24,1,1,False,,,,,
81,40.5,25,1,1,False,,,,,
81,40.5,26,1,1,False,,,,,
81,40.5,27,1,1,False,,,,,
81,40.5,28,1,1,False,,,,,
81,40.5,29,1,1,False,,,,,
81,40.5,30,1,1,False,,,,,
81,40.5,31,1,1,False,,,,,
81,40.5,32,1,1,False,,,,,
81,40.5,33,1,1,False,,,,,
81,40.5,34,1,1,False,,,,,
81,40.5,35,1,1,False,,,,,
81,40.5,36,1,1,False,,,,,
81,40.5,37,1,1,False,,,,,
81,40.5,38,1,1,False,,,,,
81,40.5,39,1,1,False,,,,,
82,41.0,0,1,1,False,,,,,
82,41.0,1,1,1,False,,,,,
82,41.0,2,1,1,False,,,,,
82,41.0,3,1,1,False,,,,,
82,41.0,4,1,1,False,,,,,
82,41.0,5,1,1,False,,,,,
82,41.0,6,1,1,False,,,,,
82,41.0,7,1,1,False,,,,,
82,41.0,8,1,1,False,,,,,
82,41.0,9,1,1,False,,,,,
82,41.0,10,1,1,False,,,,,
82,41.0,11,1,1,False,,,,,
82,41.0,12,1,1,False,,,,,
82,41.0,13,1,1,False,,,,,
82,41.0,14,1,1,False,,,,,
82,41.0,15,1,1,False,,,,,
82,41.0,16,1,1,False,,,,,
82,41.0,17,1,1,False,,,,,
82,41.0,18,1,1,False,,,,,
82,41.0,19,1,1,False,,,,,
82,41.0,20,1,1,False,,,,,
82,41.0,21,1,1,False,,,,,
82,41.0,22,1,1,False,,,,,
82,41.0,23,1,1,False,,,,,
82,41.0,24,1,1,False,,,,,
82,41.0,25,1,1,False,,,,,
82,41.0,26,1,1,False,,,,,
82,41.0,27,1,1,False,,,,,
82,41.0,28,1,1,False,,,,,
82,41.0,29,1,1,False,,,,,
82,41.0,30,1,1,False,,,,,
82,41.0,31,1,1,False,,,,,
82,41.0,32,1,1,False,,,,,
82,41.0,33,1,1,False,,,,,
82,41.0,34,1,1,False,,,,,
82,41.0,35,1,1,False,,,,,
82,41.0,36,1,1,False,,,,,
82,41.0,37,1,1,False,,,,,
82,41.0,38,1,1,False,,,,,
82,41.0,39,1,1,False,,,,,
83,41.5,0,1,1,False,,,,,
83,41.5,1,1,1,False,,,,,
83,41.5,2,1,1,False,,,,,
83,41.5,3,1,1,False,,,,,
83,41.5,4,1,1,False,,,,,
83,41.5,5,1,1,False,,,,,
83,41.5,6,1,1,False,,,,,
83,41.5,7,1,1,False,,,,,
83,41.5,8,1,1,False,,,,,
83,41.5,9,1,1,False,,,,,
83,41.5,10,1,1,False,,,,,
83,41.5,11,1,1,False,,,,,
83,41.5,12,1,1,False,,,,,
83,41.5,13,1,1,False,,,,,
83,41.5,14,1,1,False,,,,,
83,41.5,15,1,1,False,,,,,
83,41.5,16,1,1,False,,,,,
83,41.5,17,1,1,False,,,,,
83,41.5,18,1,1,False,,,,,
83,41.5,19,1,1,False,,,,,
83,41.5,20,1,1,False,,,,,
83,41.5,21,1,1,False,,,,,
83,41.5,22,1,1,False,,,,,
83,41.5,23,1,1,False,,,,,
83,41.5,24,1,1,False,,,,,
83,41.5,25,1,1,False,,,,,
83,41.5,26,1,1,False,,,,,
83,41.5,27,1,1,False,,,,,
83,41.5,28,1,1,False,,,,,
83,41.5,29,1,1,False,,,,,
83,41.5,30,1,1,False,,,,,
83,41.5,31,1,1,False,,,,,
83,41.5,32,1,1,False,,,,,
83,41.5,33,1,1,False,,,,,
83,41.5,34,1,1,False,,,,,
83,41.5,35,1,1,False,,,,,
83,41.5,36,1,1,False,,,,,
83,41.5,37,1,1,False,,,,,
83,41.5,38,1,1,False,,,,,
83,41.5,39,1,1,False,,,,,
84,42.0,0,1,1,False,,,,,
84,42.0,1,1,1,False,,,,,
84,42.0,2,1,1,False,,,,,
84,42.0,3,1,1,False,,,,,
84,42.0,4,1,1,False,,,,,
84,42.0,5,1,1,False,,,,,
84,42.0,6,1,1,False,,,,,
84,42.0,7,1,1,False,,,,,
84,42.0,8,1,1,False,,,,,
84,42.0,9,1,1,False,,,,,
84,42.0,10,1,1,False,,,,,
84,42.0,11,1,1,False,,,,,
84,42.0,12,1,1,False,,,,,
84,42.0,13,1,1,False,,,,,
84,42.0,14,1,1,False,,,,,
84,42.0,15,1,1,False,,,,,
84,42.0,16,1,1,False,,,,,
84,42.0,17,1,1,False,,,,,
84,42.0,18,1,1,False,,,,,
84,42.0,19,1,1,False,,,,,
84,42.0,20,1,1,False,,,,,
84,42.0,21,1,1,False,,,,,
84,42.0,22,1,1,False,,,,,
84,42.0,23,1,1,False,,,,,
84,42.0,24,1,1,False,,,,,
84,42.0,25,1,1,False,,,,,
84,42.0,26,1,1,False,,,,,
84,42.0,27,1,1,False,,,,,
84,42.0,28,1,1,False,,,,,
84,42.0,29,1,1,False,,,,,
84,42.0,30,1,1,False,,,,,
84,42.0,31,1,1,False,,,,,
84,42.0,32,1,1,False,,,,,
84,42.0,33,1,1,False,,,,,
84,42.0,34,1,1,False,,,,,
84,42.0,35,1,1,False,,,,,
84,42.0,36,1,1,False,,,,,
84,42.0,37,1,1,False,,,,,
84,42.0,38,1,1,False,,,,,
84,42.0,39,1,1,False,,,,,
85,42.5,0,1,1,False,,,,,
85,42.5,1,1,1,False,,,,,
85,42.5,2,1,1,False,,,,,
85,42.5,3,1,1,False,,,,,
85,42.5,4,1,1,False,,,,,
85,42.5,5,1,1,False,,,,,
85,42.5,6,1,1,False,,,,,
85,42.5,7,1,1,False,,,,,
85,42.5,8,1,1,False,,,,,
85,42.5,9,1,1,False,,,,,
85,42.5,10,1,1,False,,,,,
85,42.5,11,1,1,False,,,,,
85,42.5,12,1,1,False,,,,,
85,42.5,13,1,1,False,,,,,
85,42.5,14,1,1,False,,,,,
85,42.5,15,1,1,False,,,,,
85,42.5,16,1,1,False,,,,,
85,42.5,17,1,1,False,,,,,
85,42.5,18,1,1,False,,,,,
85,42.5,19,1,1,False,,,,,
85,42.5,20,1,1,False,,,,,
85,42.5,21,1,1,False,,,,,
85,42.5,22,1,1,False,,,,,
85,42.5,23,1,1,False,,,,,
85,42.5,24,1,1,False,,,,,
85,42.5,25,1,1,False,,,,,
85,42.5,26,1,1,False,,,,,
85,42.5,27,1,1,False,,,,,
85,42.5,28,1,1,False,,,,,
85,42.5,29,1,1,False,,,,,
85,42.5,30,1,1,False,,,,,
85,42.5,31,1,1,False,,,,,
85,42.5,32,1,1,False,,,,,
85,42.5,33,1,1,False,,,,,
85,42.5,34,1,1,False,,,,,
85,42.5,35,1,1,False,,,,,
85,42.5,36,1,1,False,,,,,
85,42.5,37,1,1,False,,,,,
85,42.5,38,1,1,False,,,,,
85,42.5,39,1,1,False,,,,,
86,43.0,0,1,1,False,,,,,
86,43.0,1,1,1,False,,,,,
86,43.0,2,1,1,False,,,,,
86,43.0,3,1,1,False,,,,,
86,43.0,4,1,1,False,,,,,
86,43.0,5,1,1,False,,,,,
86,43.0,6,1,1,False,,,,,
86,43.0,7,1,1,False,,,,,
86,43.0,8,1,1,False,,,,,
86,43.0,9,1,1,False,,,,,
86,43.0,10,1,1,False,,,,,
86,43.0,11,1,1,False,,,,,
86,43.0,12,1,1,False,,,,,
86,43.0,13,1,1,False,,,,,
86,43.0,14,1,1,False,,,,,
86,43.0,15,1,1,False,,,,,
86,43.0,16,1,1,False,,,,,
86,43.0,17,1,1,False,,,,,
86,43.0,18,1,1,False,,,,,
86,43.0,19,1,1,False,,,,,
86,43.0,20,1,1,False,,,,,
86,43.0,21,1,1,False,,,,,
86,43.0,22,1,1,False,,,,,
86,43.0,23,1,1,False,,,,,
86,43.0,24,1,1,False,,,,,
86,43.0,25,1,1,False,,,,,
86,43.0,26,1,1,False,,,,,
86,43.0,27,1,1,False,,,,,
86,43.0,28,1,1,False,,,,,
86,43.0,29,1,1,False,,,,,
86,43.0,30,1,1,False,,,,,
86,43.0,31,1,1,False,,,,,
86,43.0,32,1,1,False,,,,,
86,43.0,33,1,1,False,,,,,
86,43.0,34,1,1,False,,,,,
86,43.0,35,1,1,False,,,,,
86,43.0,36,1,1,False,,,,,
86,43.0,37,1,1,False,,,,,
86,43.0,38,1,1,False,,,,,
86,43.0,39,1,1,False,,,,,
87,43.5,0,1,1,False,,,,,
87,43.5,1,1,1,False,,,,,
87,43.5,2,1,1,False,,,,,
87,43.5,3,1,1,False,,,,,
87,43.5,4,1,1,False,,,,,
87,43.5,5,1,1,False,,,,,
87,43.5,6,1,1,False,,,,,
87,43.5,7,1,1,False,,,,,
87,43.5,8,1,1,False,,,,,
87,43.5,9,1,1,False,,,,,
87,43.5,10,1,1,False,,,,,
87,43.5,11,1,1,False,,,,,
87,43.5,12,1,1,False,,,,,
87,43.5,13,1,1,False,,,,,
87,43.5,14,1,1,False,,,,,
87,43.5,15,1,1,False,,,,,
87,43.5,16,1,1,False,,,,,
87,43.5,17,1,1,False,,,,,
87,43.5,18,1,1,False,,,,,
87,43.5,19,1,1,False,,,,,
87,43.5,20,1,1,False,,,,,
87,43.5,21,1,1,False,,,,,
87,43.5,22,1,1,False,,,,,
87,43.5,23,1,1,False,,,,,
87,43.5,24,1,1,False,,,,,
87,43.5,25,1,1,False,,,,,
87,43.5,26,1,1,False,,,,,
87,43.5,27,1,1,False,,,,,
87,43.5,28,1,1,False,,,,,
87,43.5,29,1,1,False,,,,,
87,43.5,30,1,1,False,,,,,
87,43.5,31,1,1,False,,,,,
87,43.5,32,1,1,False,,,,,
87,43.5,33,1,1,False,,,,,
87,43.5,34,1,1,False,,,,,
87,43.5,35,1,1,False,,,,,
87,43.5,36,1,1,False,,,,,
87,43.5,37,1,1,False,,,,,
87,43.5,38,1,1,False,,,,,
87,43.5,39,1,1,False,,,,,
88,44.0,0,1,1,False,,,,,
88,44.0,1,1,1,False,,,,,
88,44.0,2,1,1,False,,,,,
88,44.0,3,1,1,False,,,,,
88,44.0,4,1,1,False,,,,,
88,44.0,5,1,1,False,,,,,
88,44.0,6,1,1,False,,,,,
88,44.0,7,1,1,False,,,,,
88,44.0,8,1,1,False,,,,,
88,44.0,9,1,1,False,,,,,
88,44.0,10,1,1,False,,,,,
88,44.0,11,1,1,False,,,,,
88,44.0,12,1,1,False,,,,,
88,44.0,13,1,1,False,,,,,
88,44.0,14,1,1,False,,,,,
88,44.0,15,1,1,False,,,,,
88,44.0,16,1,1,False,,,,,
88,44.0,17,1,1,False,,,,,
88,44.0,18,1,1,False,,,,,
88,44.0,19,1,1,False,,,,,
88,44.0,20,1,1,False,,,,,
88,44.0,21,1,1,False,,,,,
88,44.0,22,1,1,False,,,,,
88,44.0,23,1,1,False,,,,,
88,44.0,24,1,1,False,,,,,
88,44.0,25,1,1,False,,,,,
88,44.0,26,1,1,False,,,,,
88,44.0,27,1,1,False,,,,,
88,44.0,28,1,1,False,,,,,
88,44.0,29,1,1,False,,,,,
88,44.0,30,1,1,False,,,,,
88,44.0,31,1,1,False,,,,,
88,44.0,32,1,1,False,,,,,
88,44.0,33,1,1,False,,,,,
88,44.0,34,1,1,False,,,,,
88,44.0,35,1,1,False,,,,,
88,44.0,36,1,1,False,,,,,
88,44.0,37,1,1,False,,,,,
88,44.0,38,1,1,False,,,,,
88,44.0,39,1,1,False,,,,,
89,44.5,0,1,1,False,,,,,
89,44.5,1,1,1,False,,,,,
89,44.5,2,1,1,False,,,,,
89,44.5,3,1,1,False,,,,,
89,44.5,4,1,1,False,,,,,
89,44.5,5,1,1,False,,,,,
89,44.5,6,1,1,False,,,,,
89,44.5,7,1,1,False,,,,,
89,44.5,8,1,1,False,,,,,
89,44.5,9,1,1,False,,,,,
89,44.5,10,1,1,False,,,,,
89,44.5,11,1,1,False,,,,,
89,44.5,12,1,1,False,,,,,
89,44.5,13,1,1,False,,,,,
89,44.5,14,1,1,False,,,,,
89,44.5,15,1,1,False,,,,,
89,44.5,16,1,1,False,,,,,
89,44.5,17,1,1,False,,,,,
89,44.5,18,1,1,False,,,,,
89,44.5,19,1,1,False,,,,,
89,44.5,20,1,1,False,,,,,
89,44.5,21,1,1,False,,,,,
89,44.5,22,1,1,False,,,,,
89,44.5,23,1,1,False,,,,,
89,44.5,24,1,1,False,,,,,
89,44.5,25,1,1,False,,,,,
89,44.5,26,1,1,False,,,,,
89,44.5,27,1,1,False,,,,,
89,44.5,28,1,1,False,,,,,
89,44.5,29,1,1,False,,,,,
89,44.5,30,1,1,False,,,,,
89,44.5,31,1,1,False,,,,,
89,44.5,32,1,1,False,,,,,
89,44.5,33,1,1,False,,,,,
89,44.5,34,1,1,False,,,,,
89,44.5,35,1,1,False,,,,,
89,44.5,36,1,1,False,,,,,
89,44.5,37,1,1,False,,,,,
89,44.5,38,1,1,False,,,,,
89,44.5,39,1,1,False,,,,,
90,45.0,0,1,1,False,,,,,
90,45.0,1,1,1,False,,,,,
90,45.0,2,1,1,False,,,,,
90,45.0,3,1,1,False,,,,,
90,45.0,4,1,1,False,,,,,
90,45.0,5,1,1,False,,,,,
90,45.0,6,1,1,False,,,,,
90,45.0,7,1,1,False,,,,,
90,45.0,8,1,1,False,,,,,
90,45.0,9,1,1,False,,,,,
90,45.0,10,1,1,False,,,,,
90,45.0,11,1,1,False,,,,,
90,45.0,12,1,1,False,,,,,
90,45.0,13,1,1,False,,,,,
90,45.0,14,1,1,False,,,,,
90,45.0,15,1,1,False,,,,,
90,45.0,16,1,1,False,,,,,
90,45.0,17,1,1,False,,,,,
90,45.0,18,1,1,False,,,,,
90,45.0,19,1,1,False,,,,,
90,45.0,20,1,1,False,,,,,
90,45.0,21,1,1,False,,,,,
90,45.0,22,1,1,False,,,,,
90,45.0,23,1,1,False,,,,,
90,45.0,24,1,1,False,,,,,
90,45.0,25,1,1,False,,,,,
90,45.0,26,1,1,False,,,,,
90,45.0,27,1,1,False,,,,,
90,45.0,28,1,1,False,,,,,
90,45.0,29,1,1,False,,,,,
90,45.0,30,1,1,False,,,,,
90,45.0,31,1,1,False,,,,,
90,45.0,32,1,1,False,,,,,
90,45.0,33,1,1,False,,,,,
90,45.0,34,1,1,False,,,,,
90,45.0,35,1,1,False,,,,,
90,45.0,36,1,1,False,,,,,
90,45.0,37,1,1,False,,,,,
90,45.0,38,1,1,False,,,,,
90,45.0,39,1,1,False,,,,,
91,45.5,0,1,1,False,,,,,
91,45.5,1,1,1,False,,,,,
91,45.5,2,1,1,False,,,,,
91,45.5,3,1,1,False,,,,,
91,45.5,4,1,1,False,,,,,
91,45.5,5,1,1,False,,,,,
91,45.5,6,1,1,False,,,,,
91,45.5,7,1,1,False,,,,,
91,45.5,8,1,1,False,,,,,
91,45.5,9,1,1,False,,,,,
91,45.5,10,1,1,False,,,,,
91,45.5,11,1,1,False,,,,,
91,45.5,12,1,1,False,,,,,
91,45.5,13,1,1,False,,,,,
91,45.5,14,1,1,False,,,,,
91,45.5,15,1,1,False,,,,,
91,45.5,16,1,1,False,,,,,
91,45.5,17,1,1,False,,,,,
91,45.5,18,1,1,False,,,,,
91,45.5,19,1,1,False,,,,,
91,45.5,20,1,1,False,,,,,
91,45.5,21,1,1,False,,,,,
91,45.5,22,1,1,False,,,,,
91,45.5,23,1,1,False,,,,,
91,45.5,24,1,1,False,,,,,
91,45.5,25,1,1,False,,,,,
91,45.5,26,1,1,False,,,,,
91,45.5,27,1,1,False,,,,,
91,45.5,28,1,1,False,,,,,
91,45.5,29,1,1,False,,,,,
91,45.5,30,1,1,False,,,,,
91,45.5,31,1,1,False,,,,,
91,45.5,32,1,1,False,,,,,
91,45.5,33,1,1,False,,,,,
91,45.5,34,1,1,False,,,,,
91,45.5,35,1,1,False,,,,,
91,45.5,36,1,1,False,,,,,
91,45.5,37,1,1,False,,,,,
91,45.5,38,1,1,False,,,,,
91,45.5,39,1,1,False,,,,,
92,46.0,0,1,1,False,,,,,
92,46.0,1,1,1,False,,,,,
92,46.0,2,1,1,False,,,,,
92,46.0,3,1,1,False,,,,,
92,46.0,4,1,1,False,,,,,
92,46.0,5,1,1,False,,,,,
92,46.0,6,1,1,False,,,,,
92,46.0,7,1,1,False,,,,,
92,46.0,8,1,1,False,,,,,
92,46.0,9,1,1,False,,,,,
92,46.0,10,1,1,False,,,,,
92,46.0,11,1,1,False,,,,,
92,46.0,12,1,1,False,,,,,
92,46.0,13,1,1,False,,,,,
92,46.0,14,1,1,False,,,,,
92,46.0,15,1,1,False,,,,,
92,46.0,16,1,1,False,,,,,
92,46.0,17,1,1,False,,,,,
92,46.0,18,1,1,False,,,,,
92,46.0,19,1,1,False,,,,,
92,46.0,20,1,1,False,,,,,
92,46.0,21,1,1,False,,,,,
92,46.0,22,1,1,False,,,,,
92,46.0,23,1,1,False,,,,,
92,46.0,24,1,1,False,,,,,
92,46.0,25,1,1,False,,,,,
92,46.0,26,1,1,False,,,,,
92,46.0,27,1,1,False,,,,,
92,46.0,28,1,1,False,,,,,
92,46.0,29,1,1,False,,,,,
92,46.0,30,1,1,False,,,,,
92,46.0,31,1,1,False,,,,,
92,46.0,32,1,1,False,,,,,
92,46.0,33,1,1,False,,,,,
92,46.0,34,1,1,False,,,,,
92,46.0,35,1,1,False,,,,,
92,46.0,36,1,1,False,,,,,
92,46.0,37,1,1,False,,,,,
92,46.0,38,1,1,False,,,,,
92,46.0,39,1,1,False,,,,,
93,46.5,0,1,1,False,,,,,
93,46.5,1,1,1,False,,,,,
93,46.5,2,1,1,False,,,,,
93,46.5,3,1,1,False,,,,,
93,46.5,4,1,1,False,,,,,
93,46.5,5,1,1,False,,,,,
93,46.5,6,1,1,False,,,,,
93,46.5,7,1,1,False,,,,,
93,46.5,8,1,1,False,,,,,
93,46.5,9,1,1,False,,,,,
93,46.5,10,1,1,False,,,,,
93,46.5,11,1,1,False,,,,,
93,46.5,12,1,1,False,,,,,
93,46.5,13,1,1,False,,,,,
93,46.5,14,1,1,False,,,,,
93,46.5,15,1,1,False,,,,,
93,46.5,16,1,1,False,,,,,
93,46.5,17,1,1,False,,,,,
93,46.5,18,1,1,False,,,,,
93,46.5,19,1,1,False,,,,,
93,46.5,20,1,1,False,,,,,
93,46.5,21,1,1,False,,,,,
93,46.5,22,1,1,False,,,,,
93,46.5,23,1,1,False,,,,,
93,46.5,24,1,1,False,,,,,
93,46.5,25,1,1,False,,,,,
93,46.5,26,1,1,False,,,,,
93,46.5,27,1,1,False,,,,,
93,46.5,28,1,1,False,,,,,
93,46.5,29,1,1,False,,,,,
93,46.5,30,1,1,False,,,,,
93,46.5,31,1,1,False,,,,,
93,46.5,32,1,1,False,,,,,
93,46.5,33,1,1,False,,,,,
93,46.5,34,1,1,False,,,,,
93,46.5,35,1,1,False,,,,,
93,46.5,36,1,1,False,,,,,
93,46.5,37,1,1,False,,,,,
93,46.5,38,1,1,False,,,,,
93,46.5,39,1,1,False,,,,,
94,47.0,0,1,1,False,,,,,
94,47.0,1,1,1,False,,,,,
94,47.0,2,1,1,False,,,,,
94,47.0,3,1,1,False,,,,,
94,47.0,4,1,1,False,,,,,
94,47.0,5,1,1,False,,,,,
94,47.0,6,1,1,False,,,,,
94,47.0,7,1,1,False,,,,,
94,47.0,8,1,1,False,,,,,
94,47.0,9,1,1,False,,,,,
94,47.0,10,1,1,False,,,,,
94,47.0,11,1,1,False,,,,,
94,47.0,12,1,1,False,,,,,
94,47.0,13,1,1,False,,,,,
94,47.0,14,1,1,False,,,,,
94,47.0,15,1,1,False,,,,,
94,47.0,16,1,1,False,,,,,
94,47.0,17,1,1,False,,,,,
94,47.0,18,1,1,False,,,,,
94,47.0,19,1,1,False,,,,,
94,47.0,20,1,1,False,,,,,
94,47.0,21,1,1,False,,,,,
94,47.0,22,1,1,False,,,,,
94,47.0,23,1,1,False,,,,,
94,47.0,24,1,1,False,,,,,
94,47.0,25,1,1,False,,,,,
94,47.0,26,1,1,False,,,,,
94,47.0,27,1,1,False,,,,,
94,47.0,28,1,1,False,,,,,
94,47.0,29,1,1,False,,,,,
94,47.0,30,1,1,False,,,,,
94,47.0,31,1,1,False,,,,,
94,47.0,32,1,1,False,,,,,
94,47.0,33,1,1,False,,,,,
94,47.0,34,1,1,False,,,,,
94,47.0,35,1,1,False,,,,,
94,47.0,36,1,1,False,,,,,
94,47.0,37,1,1,False,,,,,
94,47.0,38,1,1,False,,,,,
94,47.0,39,1,1,False,,,,,
95,47.5,0,1,1,False,,,,,
95,47.5,1,1,1,False,,,,,
95,47.5,2,1,1,False,,,,,
95,47.5,3,1,1,False,,,,,
95,47.5,4,1,1,False,,,,,
95,47.5,5,1,1,False,,,,,
95,47.5,6,1,1,False,,,,,
95,47.5,7,1,1,False,,,,,
95,47.5,8,1,1,False,,,,,
95,47.5,9,1,1,False,,,,,
95,47.5,10,1,1,False,,,,,
95,47.5,11,1,1,False,,,,,
95,47.5,12,1,1,False,,,,,
95,47.5,13,1,1,False,,,,,
95,47.5,14,1,1,False,,,,,
95,47.5,15,1,1,False,,,,,
95,47.5,16,1,1,False,,,,,
95,47.5,17,1,1,False,,,,,
95,47.5,18,1,1,False,,,,,
95,47.5,19,1,1,False,,,,,
95,47.5,20,1,1,False,,,,,
95,47.5,21,1,1,False,,,,,
95,47.5,22,1,1,False,,,,,
95,47.5,23,1,1,False,,,,,
95,47.5,24,1,1,False,,,,,
95,47.5,25,1,1,False,,,,,
95,47.5,26,1,1,False,,,,,
95,47.5,27,1,1,False,,,,,
95,47.5,28,1,1,False,,,,,
95,47.5,29,1,1,False,,,,,
95,47.5,30,1,1,False,,,,,
95,47.5,31,1,1,False,,,,,
95,47.5,32,1,1,False,,,,,
95,47.5,33,1,1,False,,,,,
95,47.5,34,1,1,False,,,,,
95,47.5,35,1,1,False,,,,,
95,47.5,36,1,1,False,,,,,
95,47.5,37,1,1,False,,,,,
95,47.5,38,1,1,False,,,,,
95,47.5,39,1,1,False,,,,,
96,48.0,0,1,1,False,,,,,
96,48.0,1,1,1,False,,,,,
96,48.0,2,1,1,False,,,,,
96,48.0,3,1,1,False,,,,,
96,48.0,4,1,1,False,,,,,
96,48.0,5,1,1,False,,,,,
96,48.0,6,1,1,False,,,,,
96,48.0,7,1,1,False,,,,,
96,48.0,8,1,1,False,,,,,
96,48.0,9,1,1,False,,,,,
96,48.0,10,1,1,False,,,,,
96,48.0,11,1,1,False,,,,,
96,48.0,12,1,1,False,,,,,
96,48.0,13,1,1,False,,,,,
96,48.0,14,1,1,False,,,,,
96,48.0,15,1,1,False,,,,,
96,48.0,16,1,1,False,,,,,
96,48.0,17,1,1,False,,,,,
96,48.0,18,1,1,False,,,,,
96,48.0,19,1,1,False,,,,,
96,48.0,20,1,1,False,,,,,
96,48.0,21,1,1,False,,,,,
96,48.0,22,1,1,False,,,,,
96,48.0,23,1,1,False,,,,,
96,48.0,24,1,1,False,,,,,
96,48.0,25,1,1,False,,,,,
96,48.0,26,1,1,False,,,,,
96,48.0,27,1,1,False,,,,,
96,48.0,28,1,1,False,,,,,
96,48.0,29,1,1,False,,,,,
96,48.0,30,1,1,False,,,,,
96,48.0,31,1,1,False,,,,,
96,48.0,32,1,1,False,,,,,
96,48.0,33,1,1,False,,,,,
96,48.0,34,1,1,False,,,,,
96,48.0,35,1,1,False,,,,,
96,48.0,36,1,1,False,,,,,
96,48.0,37,1,1,False,,,,,
96,48.0,38,1,1,False,,,,,
96,48.0,39,1,1,False,,,,,
97,48.5,0,1,1,False,,,,,
97,48.5,1,1,1,False,,,,,
97,48.5,2,1,1,False,,,,,
97,48.5,3,1,1,False,,,,,
97,48.5,4,1,1,False,,,,,
97,48.5,5,1,1,False,,,,,
97,48.5,6,1,1,False,,,,,
97,48.5,7,1,1,False,,,,,
97,48.5,8,1,1,False,,,,,
97,48.5,9,1,1,False,,,,,
97,48.5,10,1,1,False,,,,,
97,48.5,11,1,1,False,,,,,
97,48.5,12,1,1,False,,,,,
97,48.5,13,1,1,False,,,,,
97,48.5,14,1,1,False,,,,,
97,48.5,15,1,1,False,,,,,
97,48.5,16,1,1,False,,,,,
97,48.5,17,1,1,False,,,,,
97,48.5,18,1,1,False,,,,,
97,48.5,19,1,1,False,,,,,
97,48.5,20,1,1,False,,,,,
97,48.5,21,1,1,False,,,,,
97,48.5,22,1,1,False,,,,,
97,48.5,23,1,1,False,,,,,
97,48.5,24,1,1,False,,,,,
97,48.5,25,1,1,False,,,,,
97,48.5,26,1,1,False,,,,,
97,48.5,27,1,1,False,,,,,
97,48.5,28,1,1,False,,,,,
97,48.5,29,1,1,False,,,,,
97,48.5,30,1,1,False,,,,,
97,48.5,31,1,1,False,,,,,
97,48.5,32,1,1,False,,,,,
97,48.5,33,1,1,False,,,,,
97,48.5,34,1,1,False,,,,,
97,48.5,35,1,1,False,,,,,
97,48.5,36,1,1,False,,,,,
97,48.5,37,1,1,False,,,,,
97,48.5,38,1,1,False,,,,,
97,48.5,39,1,1,False,,,,,
98,49.0,0,1,1,False,,,,,
98,49.0,1,1,1,False,,,,,
98,49.0,2,1,1,False,,,,,
98,49.0,3,1,1,False,,,,,
98,49.0,4,1,1,False,,,,,
98,49.0,5,1,1,False,,,,,
98,49.0,6,1,1,False,,,,,
98,49.0,7,1,1,False,,,,,
98,49.0,8,1,1,False,,,,,
98,49.0,9,1,1,False,,,,,
98,49.0,10,1,1,False,,,,,
98,49.0,11,1,1,False,,,,,
98,49.0,12,1,1,False,,,,,
98,49.0,13,1,1,False,,,,,
98,49.0,14,1,1,False,,,,,
98,49.0,15,1,1,False,,,,,
98,49.0,16,1,1,False,,,,,
98,49.0,17,1,1,False,,,,,
98,49.0,18,1,1,False,,,,,
98,49.0,19,1,1,False,,,,,
98,49.0,20,1,1,False,,,,,
98,49.0,21,1,1,False,,,,,
98,49.0,22,1,1,False,,,,,
98,49.0,23,1,1,False,,,,,
98,49.0,24,1,1,False,,,,,
98,49.0,25,1,1,False,,,,,
98,49.0,26,1,1,False,,,,,
98,49.0,27,1,1,False,,,,,
98,49.0,28,1,1,False,,,,,
98,49.0,29,1,1,False,,,,,
98,49.0,30,1,1,False,,,,,
98,49.0,31,1,1,False,,,,,
98,49.0,32,1,1,False,,,,,
98,49.0,33,1,1,False,,,,,
98,49.0,34,1,1,False,,,,,
98,49.0,35,1,1,False,,,,,
98,49.0,36,1,1,False,,,,,
98,49.0,37,1,1,False,,,,,
98,49.0,38,1,1,False,,,,,
98,49.0,39,1,1,False,,,,,
99,49.5,0,1,1,False,,,,,
99,49.5,1,1,1,False,,,,,
99,49.5,2,1,1,False,,,,,
99,49.5,3,1,1,False,,,,,
99,49.5,4,1,1,False,,,,,
99,49.5,5,1,1,False,,,,,
99,49.5,6,1,1,False,,,,,
99,49.5,7,1,1,False,,,,,
99,49.5,8,1,1,False,,,,,
99,49.5,9,1,1,False,,,,,
99,49.5,10,1,1,False,,,,,
99,49.5,11,1,1,False,,,,,
99,49.5,12,1,1,False,,,,,
99,49.5,13,1,1,False,,,,,
99,49.5,14,1,1,False,,,,,
99,49.5,15,1,1,False,,,,,
99,49.5,16,1,1,False,,,,,
99,49.5,17,1,1,False,,,,,
99,49.5,18,1,1,False,,,,,
99,49.5,19,1,1,False,,,,,
99,49.5,20,1,1,False,,,,,
99,49.5,21,1,1,False,,,,,
99,49.5,22,1,1,False,,,,,
99,49.5,23,1,1,False,,,,,
99,49.5,24,1,1,False,,,,,
99,49.5,25,1,1,False,,,,,
99,49.5,26,1,1,False,,,,,
99,49.5,27,1,1,False,,,,,
99,49.5,28,1,1,False,,,,,
99,49.5,29,1,1,False,,,,,
99,49.5,30,1,1,False,,,,,
99,49.5,31,1,1,False,,,,,
99,49.5,32,1,1,False,,,,,
99,49.5,33,1,1,False,,,,,
99,49.5,34,1,1,False,,,,,
99,49.5,35,1,1,False,,,,,
99,49.5,36,1,1,False,,,,,
99,49.5,37,1,1,False,,,,,
99,49.5,38,1,1,False,,,,,
99,49.5,39,1,1,False,,,,,
100,50.0,0,1,1,False,,,,,
100,50.0,1,1,1,False,,,,,
100,50.0,2,1,1,False,,,,,
100,50.0,3,1,1,False,,,,,
100,50.0,4,1,1,False,,,,,
100,50.0,5,1,1,False,,,,,
100,50.0,6,1,1,False,,,,,
100,50.0,7,1,1,False,,,,,
100,50.0,8,1,1,False,,,,,
100,50.0,9,1,1,False,,,,,
100,50.0,10,1,1,False,,,,,
100,50.0,11,1,1,False,,,,,
100,50.0,12,1,1,False,,,,,
100,50.0,13,1,1,False,,,,,
100,50.0,14,1,1,False,,,,,
100,50.0,15,1,1,False,,,,,
100,50.0,16,1,1,False,,,,,
100,50.0,17,1,1,False,,,,,
100,50.0,18,1,1,False,,,,,
100,50.0,19,1,1,False,,,,,
100,50.0,20,1,1,False,,,,,
100,50.0,21,1,1,False,,,,,
100,50.0,22,1,1,False,,,,,
100,50.0,23,1,1,False,,,,,
100,50.0,24,1,1,False,,,,,
100,50.0,25,1,1,False,,,,,
100,50.0,26,1,1,False,,,,,
100,50.0,27,1,1,False,,,,,
100,50.0,28,1,1,False,,,,,
100,50.0,29,1,1,False,,,,,
100,50.0,30,1,1,False,,,,,
100,50.0,31,1,1,False,,,,,
100,50.0,32,1,1,False,,,,,
100,50.0,33,1,1,False,,,,,
100,50.0,34,1,1,False,,,,,
100,50.0,35,1,1,False,,,,,
100,50.0,36,1,1,False,,,,,
100,50.0,37,1,1,False,,,,,
100,50.0,38,1,1,False,,,,,
100,50.0,39,1,1,False,,,,,
101,50.5,0,1,1,False,,,,,
101,50.5,1,1,1,False,,,,,
101,50.5,2,1,1,False,,,,,
101,50.5,3,1,1,False,,,,,
101,50.5,4,1,1,False,,,,,
101,50.5,5,1,1,False,,,,,
101,50.5,6,1,1,False,,,,,
101,50.5,7,1,1,False,,,,,
101,50.5,8,1,1,False,,,,,
101,50.5,9,1,1,False,,,,,
101,50.5,10,1,1,False,,,,,
101,50.5,11,1,1,False,,,,,
101,50.5,12,1,1,False,,,,,
101,50.5,13,1,1,False,,,,,
101,50.5,14,1,1,False,,,,,
101,50.5,15,1,1,False,,,,,
101,50.5,16,1,1,False,,,,,
101,50.5,17,1,1,False,,,,,
101,50.5,18,1,1,False,,,,,
101,50.5,19,1,1,False,,,,,
101,50.5,20,1,1,False,,,,,
101,50.5,21,1,1,False,,,,,
101,50.5,22,1,1,False,,,,,
101,50.5,23,1,1,False,,,,,
101,50.5,24,1,1,False,,,,,
101,50.5,25,1,1,False,,,,,
101,50.5,26,1,1,False,,,,,
101,50.5,27,1,1,False,,,,,
101,50.5,28,1,1,False,,,,,
101,50.5,29,1,1,False,,,,,
101,50.5,30,1,1,False,,,,,
101,50.5,31,1,1,False,,,,,
101,50.5,32,1,1,False,,,,,
101,50.5,33,1,1,False,,,,,
101,50.5,34,1,1,False,,,,,
101,50.5,35,1,1,False,,,,,
101,50.5,36,1,1,False,,,,,
101,50.5,37,1,1,False,,,,,
101,50.5,38,1,1,False,,,,,
101,50.5,39,1,1,False,,,,,
102,51.0,0,1,1,False,,,,,
102,51.0,1,1,1,False,,,,,
102,51.0,2,1,1,False,,,,,
102,51.0,3,1,1,False,,,,,
102,51.0,4,1,1,False,,,,,
102,51.0,5,1,1,False,,,,,
102,51.0,6,1,1,False,,,,,
102,51.0,7,1,1,False,,,,,
102,51.0,8,1,1,False,,,,,
102,51.0,9,1,1,False,,,,,
102,51.0,10,1,1,False,,,,,
102,51.0,11,1,1,False,,,,,
102,51.0,12,1,1,False,,,,,
102,51.0,13,1,1,False,,,,,
102,51.0,14,1,1,False,,,,,
102,51.0,15,1,1,False,,,,,
102,51.0,16,1,1,False,,,,,
102,51.0,17,1,1,False,,,,,
102,51.0,18,1,1,False,,,,,
102,51.0,19,1,1,False,,,,,
102,51.0,20,1,1,False,,,,,
102,51.0,21,1,1,False,,,,,
102,51.0,22,1,1,False,,,,,
102,51.0,23,1,1,False,,,,,
102,51.0,24,1,1,False,,,,,
102,51.0,25,1,1,False,,,,,
102,51.0,26,1,1,False,,,,,
102,51.0,27,1,1,False,,,,,
102,51.0,28,1,1,False,,,,,
102,51.0,29,1,1,False,,,,,
102,51.0,30,1,1,False,,,,,
102,51.0,31,1,1,False,,,,,
102,51.0,32,1,1,False,,,,,
102,51.0,33,1,1,False,,,,,
102,51.0,34,1,1,False,,,,,
102,51.0,35,1,1,False,,,,,
102,51.0,36,1,1,False,,,,,
102,51.0,37,1,1,False,,,,,
102,51.0,38,1,1,False,,,,,
102,51.0,39,1,1,False,,,,,
103,51.5,0,1,1,False,,,,,
103,51.5,1,1,1,False,,,,,
103,51.5,2,1,1,False,,,,,
103,51.5,3,1,1,False,,,,,
103,51.5,4,1,1,False,,,,,
103,51.5,5,1,1,False,,,,,
103,51.5,6,1,1,False,,,,,
103,51.5,7,1,1,False,,,,,
103,51.5,8,1,1,False,,,,,
103,51.5,9,1,1,False,,,,,
103,51.5,10,1,1,False,,,,,
103,51.5,11,1,1,False,,,,,
103,51.5,12,1,1,False,,,,,
103,51.5,13,1,1,False,,,,,
103,51.5,14,1,1,False,,,,,
103,51.5,15,1,1,False,,,,,
103,51.5,16,1,1,False,,,,,
103,51.5,17,1,1,False,,,,,
103,51.5,18,1,1,False,,,,,
103,51.5,19,1,1,False,,,,,
103,51.5,20,1,1,False,,,,,
103,51.5,21,1,1,False,,,,,
103,51.5,22,1,1,False,,,,,
103,51.5,23,1,1,False,,,,,
103,51.5,24,1,1,False,,,,,
103,51.5,25,1,1,False,,,,,
103,51.5,26,1,1,False,,,,,
103,51.5,27,1,1,False,,,,,
103,51.5,28,1,1,False,,,,,
103,51.5,29,1,1,False,,,,,
103,51.5,30,1,1,False,,,,,
103,51.5,31,1,1,False,,,,,
103,51.5,32,1,1,False,,,,,
103,51.5,33,1,1,False,,,,,
103,51.5,34,1,1,False,,,,,
103,51.5,35,1,1,False,,,,,
103,51.5,36,1,1,False,,,,,
103,51.5,37,1,1,False,,,,,
103,51.5,38,1,1,False,,,,,
103,51.5,39,1,1,False,,,,,
104,52.0,0,1,1,False,,,,,
104,52.0,1,1,1,False,,,,,
104,52.0,2,1,1,False,,,,,
104,52.0,3,1,1,False,,,,,
104,52.0,4,1,1,False,,,,,
104,52.0,5,1,1,False,,,,,
104,52.0,6,1,1,False,,,,,
104,52.0,7,1,1,False,,,,,
104,52.0,8,1,1,False,,,,,
104,52.0,9,1,1,False,,,,,
104,52.0,10,1,1,False,,,,,
104,52.0,11,1,1,False,,,,,
104,52.0,12,1,1,False,,,,,
104,52.0,13,1,1,False,,,,,
104,52.0,14,1,1,False,,,,,
104,52.0,15,1,1,False,,,,,
104,52.0,16,1,1,False,,,,,
104,52.0,17,1,1,False,,,,,
104,52.0,18,1,1,False,,,,,
104,52.0,19,1,1,False,,,,,
104,52.0,20,1,1,False,,,,,
104,52.0,21,1,1,False,,,,,
104,52.0,22,1,1,False,,,,,
104,52.0,23,1,1,False,,,,,
104,52.0,24,1,1,False,,,,,
104,52.0,25,1,1,False,,,,,
104,52.0,26,1,1,False,,,,,
104,52.0,27,1,1,False,,,,,
104,52.0,28,1,1,False,,,,,
104,52.0,29,1,1,False,,,,,
104,52.0,30,1,1,False,,,,,
104,52.0,31,1,1,False,,,,,
104,52.0,32,1,1,False,,,,,
104,52.0,33,1,1,False,,,,,
104,52.0,34,1,1,False,,,,,
104,52.0,35,1,1,False,,,,,
104,52.0,36,1,1,False,,,,,
104,52.0,37,1,1,False,,,,,
104,52.0,38,1,1,False,,,,,
104,52.0,39,1,1,False,,,,,
105,52.5,0,1,1,False,,,,,
105,52.5,1,1,1,False,,,,,
105,52.5,2,1,1,False,,,,,
105,52.5,3,1,1,False,,,,,
105,52.5,4,1,1,False,,,,,
105,52.5,5,1,1,False,,,,,
105,52.5,6,1,1,False,,,,,
105,52.5,7,1,1,False,,,,,
105,52.5,8,1,1,False,,,,,
105,52.5,9,1,1,False,,,,,
105,52.5,10,1,1,False,,,,,
105,52.5,11,1,1,False,,,,,
105,52.5,12,1,1,False,,,,,
105,52.5,13,1,1,False,,,,,
105,52.5,14,1,1,False,,,,,
105,52.5,15,1,1,False,,,,,
105,52.5,16,1,1,False,,,,,
105,52.5,17,1,1,False,,,,,
105,52.5,18,1,1,False,,,,,
105,52.5,19,1,1,False,,,,,
105,52.5,20,1,1,False,,,,,
105,52.5,21,1,1,False,,,,,
105,52.5,22,1,1,False,,,,,
105,52.5,23,1,1,False,,,,,
105,52.5,24,1,1,False,,,,,
105,52.5,25,1,1,False,,,,,
105,52.5,26,1,1,False,,,,,
105,52.5,27,1,1,False,,,,,
105,52.5,28,1,1,False,,,,,
105,52.5,29,1,1,False,,,,,
105,52.5,30,1,1,False,,,,,
105,52.5,31,1,1,False,,,,,
105,52.5,32,1,1,False,,,,,
105,52.5,33,1,1,False,,,,,
105,52.5,34,1,1,False,,,,,
105,52.5,35,1,1,False,,,,,
105,52.5,36,1,1,False,,,,,
105,52.5,37,1,1,False,,,,,
105,52.5,38,1,1,False,,,,,
105,52.5,39,1,1,False,,,,,
106,53.0,0,1,1,False,,,,,
106,53.0,1,1,1,False,,,,,
106,53.0,2,1,1,False,,,,,
106,53.0,3,1,1,False,,,,,
106,53.0,4,1,1,False,,,,,
106,53.0,5,1,1,False,,,,,
106,53.0,6,1,1,False,,,,,
106,53.0,7,1,1,False,,,,,
106,53.0,8,1,1,False,,,,,
106,53.0,9,1,1,False,,,,,
106,53.0,10,1,1,False,,,,,
106,53.0,11,1,1,False,,,,,
106,53.0,12,1,1,False,,,,,
106,53.0,13,1,1,False,,,,,
106,53.0,14,1,1,False,,,,,
106,53.0,15,1,1,False,,,,,
106,53.0,16,1,1,False,,,,,
106,53.0,17,1,1,False,,,,,
106,53.0,18,1,1,False,,,,,
106,53.0,19,1,1,False,,,,,
106,53.0,20,1,1,False,,,,,
106,53.0,21,1,1,False,,,,,
106,53.0,22,1,1,False,,,,,
106,53.0,23,1,1,False,,,,,
106,53.0,24,1,1,False,,,,,
106,53.0,25,1,1,False,,,,,
106,53.0,26,1,1,False,,,,,
106,53.0,27,1,1,False,,,,,
106,53.0,28,1,1,False,,,,,
106,53.0,29,1,1,False,,,,,
106,53.0,30,1,1,False,,,,,
106,53.0,31,1,1,False,,,,,
106,53.0,32,1,1,False,,,,,
106,53.0,33,1,1,False,,,,,
106,53.0,34,1,1,False,,,,,
106,53.0,35,1,1,False,,,,,
106,53.0,36,1,1,False,,,,,
106,53.0,37,1,1,False,,,,,
106,53.0,38,1,1,False,,,,,
106,53.0,39,1,1,False,,,,,
107,53.5,0,1,1,False,,,,,
107,53.5,1,1,1,False,,,,,
107,53.5,2,1,1,False,,,,,
107,53.5,3,1,1,False,,,,,
107,53.5,4,1,1,False,,,,,
107,53.5,5,1,1,False,,,,,
107,53.5,6,1,1,False,,,,,
107,53.5,7,1,1,False,,,,,
107,53.5,8,1,1,False,,,,,
107,53.5,9,1,1,False,,,,,
107,53.5,10,1,1,False,,,,,
107,53.5,11,1,1,False,,,,,
107,53.5,12,1,1,False,,,,,
107,53.5,13,1,1,False,,,,,
107,53.5,14,1,1,False,,,,,
107,53.5,15,1,1,False,,,,,
107,53.5,16,1,1,False,,,,,
107,53.5,17,1,1,False,,,,,
107,53.5,18,1,1,False,,,,,
107,53.5,19,1,1,False,,,,,
107,53.5,20,1,1,False,,,,,
107,53.5,21,1,1,False,,,,,
107,53.5,22,1,1,False,,,,,
107,53.5,23,1,1,False,,,,,
107,53.5,24,1,1,False,,,,,
107,53.5,25,1,1,False,,,,,
107,53.5,26,1,1,False,,,,,
107,53.5,27,1,1,False,,,,,
107,53.5,28,1,1,False,,,,,
107,53.5,29,1,1,False,,,,,
107,53.5,30,1,1,False,,,,,
107,53.5,31,1,1,False,,,,,
107,53.5,32,1,1,False,,,,,
107,53.5,33,1,1,False,,,,,
107,53.5,34,1,1,False,,,,,
107,53.5,35,1,1,False,,,,,
107,53.5,36,1,1,False,,,,,
107,53.5,37,1,1,False,,,,,
107,53.5,38,1,1,False,,,,,
107,53.5,39,1,1,False,,,,,
108,54.0,0,1,1,False,,,,,
108,54.0,1,1,1,False,,,,,
108,54.0,2,1,1,False,,,,,
108,54.0,3,1,1,False,,,,,
108,54.0,4,1,1,False,,,,,
108,54.0,5,1,1,False,,,,,
108,54.0,6,1,1,False,,,,,
108,54.0,7,1,1,False,,,,,
108,54.0,8,1,1,False,,,,,
108,54.0,9,1,1,False,,,,,
108,54.0,10,1,1,False,,,,,
108,54.0,11,1,1,False,,,,,
108,54.0,12,1,1,False,,,,,
108,54.0,13,1,1,False,,,,,
108,54.0,14,1,1,False,,,,,
108,54.0,15,1,1,False,,,,,
108,54.0,16,1,1,False,,,,,
108,54.0,17,1,1,False,,,,,
108,54.0,18,1,1,False,,,,,
108,54.0,19,1,1,False,,,,,
108,54.0,20,1,1,False,,,,,
108,54.0,21,1,1,False,,,,,
108,54.0,22,1,1,False,,,,,
108,54.0,23,1,1,False,,,,,
108,54.0,24,1,1,False,,,,,
108,54.0,25,1,1,False,,,,,
108,54.0,26,1,1,False,,,,,
108,54.0,27,1,1,False,,,,,
108,54.0,28,1,1,False,,,,,
108,54.0,29,1,1,False,,,,,
108,54.0,30,1,1,False,,,,,
108,54.0,31,1,1,False,,,,,
108,54.0,32,1,1,False,,,,,
108,54.0,33,1,1,False,,,,,
108,54.0,34,1,1,False,,,,,
108,54.0,35,1,1,False,,,,,
108,54.0,36,1,1,False,,,,,
108,54.0,37,1,1,False,,,,,
108,54.0,38,1,1,False,,,,,
108,54.0,39,1,1,False,,,,,
109,54.5,0,1,1,False,,,,,
109,54.5,1,1,1,False,,,,,
109,54.5,2,1,1,False,,,,,
109,54.5,3,1,1,False,,,,,
109,54.5,4,1,1,False,,,,,
109,54.5,5,1,1,False,,,,,
109,54.5,6,1,1,False,,,,,
109,54.5,7,1,1,False,,,,,
109,54.5,8,1,1,False,,,,,
109,54.5,9,1,1,False,,,,,
109,54.5,10,1,1,False,,,,,
109,54.5,11,1,1,False,,,,,
109,54.5,12,1,1,False,,,,,
109,54.5,13,1,1,False,,,,,
109,54.5,14,1,1,False,,,,,
109,54.5,15,1,1,False,,,,,
109,54.5,16,1,1,False,,,,,
109,54.5,17,1,1,False,,,,,
109,54.5,18,1,1,False,,,,,
109,54.5,19,1,1,False,,,,,
109,54.5,20,1,1,False,,,,,
109,54.5,21,1,1,False,,,,,
109,54.5,22,1,1,False,,,,,
109,54.5,23,1,1,False,,,,,
109,54.5,24,1,1,False,,,,,
109,54.5,25,1,1,False,,,,,
109,54.5,26,1,1,False,,,,,
109,54.5,27,1,1,False,,,,,
109,54.5,28,1,1,False,,,,,
109,54.5,29,1,1,False,,,,,
109,54.5,30,1,1,False,,,,,
109,54.5,31,1,1,False,,,,,
109,54.5,32,1,1,False,,,,,
109,54.5,33,1,1,False,,,,,
109,54.5,34,1,1,False,,,,,
109,54.5,35,1,1,False,,,,,
109,54.5,36,1,1,False,,,,,
109,54.5,37,1,1,False,,,,,
109,54.5,38,1,1,False,,,,,
109,54.5,39,1,1,False,,,,,
110,55.0,0,1,1,False,,,,,
110,55.0,1,1,1,False,,,,,
110,55.0,2,1,1,False,,,,,
110,55.0,3,1,1,False,,,,,
110,55.0,4,1,1,False,,,,,
110,55.0,5,1,1,False,,,,,
110,55.0,6,1,1,False,,,,,
110,55.0,7,1,1,False,,,,,
110,55.0,8,1,1,False,,,,,
110,55.0,9,1,1,False,,,,,
110,55.0,10,1,1,False,,,,,
110,55.0,11,1,1,False,,,,,
110,55.0,12,1,1,False,,,,,
110,55.0,13,1,1,False,,,,,
110,55.0,14,1,1,False,,,,,
110,55.0,15,1,1,False,,,,,
110,55.0,16,1,1,False,,,,,
110,55.0,17,1,1,False,,,,,
110,55.0,18,1,1,False,,,,,
110,55.0,19,1,1,False,,,,,
110,55.0,20,1,1,False,,,,,
110,55.0,21,1,1,False,,,,,
110,55.0,22,1,1,False,,,,,
110,55.0,23,1,1,False,,,,,
110,55.0,24,1,1,False,,,,,
110,55.0,25,1,1,False,,,,,
110,55.0,26,1,1,False,,,,,
110,55.0,27,1,1,False,,,,,
110,55.0,28,1,1,False,,,,,
110,55.0,29,1,1,False,,,,,
110,55.0,30,1,1,False,,,,,
110,55.0,31,1,1,False,,,,,
110,55.0,32,1,1,False,,,,,
110,55.0,33,1,1,False,,,,,
110,55.0,34,1,1,False,,,,,
110,55.0,35,1,1,False,,,,,
110,55.0,36,1,1,False,,,,,
110,55.0,37,1,1,False,,,,,
110,55.0,38,1,1,False,,,,,
110,55.0,39,1,1,False,,,,,
111,55.5,0,1,1,False,,,,,
111,55.5,1,1,1,False,,,,,
111,55.5,2,1,1,False,,,,,
111,55.5,3,1,1,False,,,,,
111,55.5,4,1,1,False,,,,,
111,55.5,5,1,1,False,,,,,
111,55.5,6,1,1,False,,,,,
111,55.5,7,1,1,False,,,,,
111,55.5,8,1,1,False,,,,,
111,55.5,9,1,1,False,,,,,
111,55.5,10,1,1,False,,,,,
111,55.5,11,1,1,False,,,,,
111,55.5,12,1,1,False,,,,,
111,55.5,13,1,1,False,,,,,
111,55.5,14,1,1,False,,,,,
111,55.5,15,1,1,False,,,,,
111,55.5,16,1,1,False,,,,,
111,55.5,17,1,1,False,,,,,
111,55.5,18,1,1,False,,,,,
111,55.5,19,1,1,False,,,,,
111,55.5,20,1,1,False,,,,,
111,55.5,21,1,1,False,,,,,
111,55.5,22,1,1,False,,,,,
111,55.5,23,1,1,False,,,,,
111,55.5,24,1,1,False,,,,,
111,55.5,25,1,1,False,,,,,
111,55.5,26,1,1,False,,,,,
111,55.5,27,1,1,False,,,,,
111,55.5,28,1,1,False,,,,,
111,55.5,29,1,1,False,,,,,
111,55.5,30,1,1,False,,,,,
111,55.5,31,1,1,False,,,,,
111,55.5,32,1,1,False,,,,,
111,55.5,33,1,1,False,,,,,
111,55.5,34,1,1,False,,,,,
111,55.5,35,1,1,False,,,,,
111,55.5,36,1,1,False,,,,,
111,55.5,37,1,1,False,,,,,
111,55.5,38,1,1,False,,,,,
111,55.5,39,1,1,False,,,,,
112,56.0,0,1,1,False,,,,,
112,56.0,1,1,1,False,,,,,
112,56.0,2,1,1,False,,,,,
112,56.0,3,1,1,False,,,,,
112,56.0,4,1,1,False,,,,,
112,56.0,5,1,1,False,,,,,
112,56.0,6,1,1,False,,,,,
112,56.0,7,1,1,False,,,,,
112,56.0,8,1,1,False,,,,,
112,56.0,9,1,1,False,,,,,
112,56.0,10,1,1,False,,,,,
112,56.0,11,1,1,False,,,,,
112,56.0,12,1,1,False,,,,,
112,56.0,13,1,1,False,,,,,
112,56.0,14,1,1,False,,,,,
112,56.0,15,1,1,False,,,,,
112,56.0,16,1,1,False,,,,,
112,56.0,17,1,1,False,,,,,
112,56.0,18,1,1,False,,,,,
112,56.0,19,1,1,False,,,,,
112,56.0,20,1,1,False,,,,,
112,56.0,21,1,1,False,,,,,
112,56.0,22,1,1,False,,,,,
112,56.0,23,1,1,False,,,,,
112,56.0,24,1,1,False,,,,,
112,56.0,25,1,1,False,,,,,
112,56.0,26,1,1,False,,,,,
112,56.0,27,1,1,False,,,,,
112,56.0,28,1,1,False,,,,,
112,56.0,29,1,1,False,,,,,
112,56.0,30,1,1,False,,,,,
112,56.0,31,1,1,False,,,,,
112,56.0,32,1,1,False,,,,,
112,56.0,33,1,1,False,,,,,
112,56.0,34,1,1,False,,,,,
112,56.0,35,1,1,False,,,,,
112,56.0,36,1,1,False,,,,,
112,56.0,37,1,1,False,,,,,
112,56.0,38,1,1,False,,,,,
112,56.0,39,1,1,False,,,,,
113,56.5,0,1,1,False,,,,,
113,56.5,1,1,1,False,,,,,
113,56.5,2,1,1,False,,,,,
113,56.5,3,1,1,False,,,,,
113,56.5,4,1,1,False,,,,,
113,56.5,5,1,1,False,,,,,
113,56.5,6,1,1,False,,,,,
113,56.5,7,1,1,False,,,,,
113,56.5,8,1,1,False,,,,,
113,56.5,9,1,1,False,,,,,
113,56.5,10,1,1,False,,,,,
113,56.5,11,1,1,False,,,,,
113,56.5,12,1,1,False,,,,,
113,56.5,13,1,1,False,,,,,
113,56.5,14,1,1,False,,,,,
113,56.5,15,1,1,False,,,,,
113,56.5,16,1,1,False,,,,,
113,56.5,17,1,1,False,,,,,
113,56.5,18,1,1,False,,,,,
113,56.5,19,1,1,False,,,,,
113,56.5,20,1,1,False,,,,,
113,56.5,21,1,1,False,,,,,
113,56.5,22,1,1,False,,,,,
113,56.5,23,1,1,False,,,,,
113,56.5,24,1,1,False,,,,,
113,56.5,25,1,1,False,,,,,
113,56.5,26,1,1,False,,,,,
113,56.5,27,1,1,False,,,,,
113,56.5,28,1,1,False,,,,,
113,56.5,29,1,1,False,,,,,
113,56.5,30,1,1,False,,,,,
113,56.5,31,1,1,False,,,,,
113,56.5,32,1,1,False,,,,,
113,56.5,33,1,1,False,,,,,
113,56.5,34,1,1,False,,,,,
113,56.5,35,1,1,False,,,,,
113,56.5,36,1,1,False,,,,,
113,56.5,37,1,1,False,,,,,
113,56.5,38,1,1,False,,,,,
113,56.5,39,1,1,False,,,,,
114,57.0,0,1,1,False,,,,,
114,57.0,1,1,1,False,,,,,
114,57.0,2,1,1,False,,,,,
114,57.0,3,1,1,False,,,,,
114,57.0,4,1,1,False,,,,,
114,57.0,5,1,1,False,,,,,
114,57.0,6,1,1,False,,,,,
114,57.0,7,1,1,False,,,,,
114,57.0,8,1,1,False,,,,,
114,57.0,9,1,1,False,,,,,
114,57.0,10,1,1,False,,,,,
114,57.0,11,1,1,False,,,,,
114,57.0,12,1,1,False,,,,,
114,57.0,13,1,1,False,,,,,
114,57.0,14,1,1,False,,,,,
114,57.0,15,1,1,False,,,,,
114,57.0,16,1,1,False,,,,,
114,57.0,17,1,1,False,,,,,
114,57.0,18,1,1,False,,,,,
114,57.0,19,1,1,False,,,,,
114,57.0,20,1,1,False,,,,,
114,57.0,21,1,1,False,,,,,
114,57.0,22,1,1,False,,,,,
114,57.0,23,1,1,False,,,,,
114,57.0,24,1,1,False,,,,,
114,57.0,25,1,1,False,,,,,
114,57.0,26,1,1,False,,,,,
114,57.0,27,1,1,False,,,,,
114,57.0,28,1,1,False,,,,,
114,57.0,29,1,1,False,,,,,
114,57.0,30,1,1,False,,,,,
114,57.0,31,1,1,False,,,,,
114,57.0,32,1,1,False,,,,,
114,57.0,33,1,1,False,,,,,
114,57.0,34,1,1,False,,,,,
114,57.0,35,1,1,False,,,,,
114,57.0,36,1,1,False,,,,,
114,57.0,37,1,1,False,,,,,
114,57.0,38,1,1,False,,,,,
114,57.0,39,1,1,False,,,,,
115,57.5,0,1,1,False,,,,,
115,57.5,1,1,1,False,,,,,
115,57.5,2,1,1,False,,,,,
115,57.5,3,1,1,False,,,,,
115,57.5,4,1,1,False,,,,,
115,57.5,5,1,1,False,,,,,
115,57.5,6,1,1,False,,,,,
115,57.5,7,1,1,False,,,,,
115,57.5,8,1,1,False,,,,,
115,57.5,9,1,1,False,,,,,
115,57.5,10,1,1,False,,,,,
115,57.5,11,1,1,False,,,,,
115,57.5,12,1,1,False,,,,,
115,57.5,13,1,1,False,,,,,
115,57.5,14,1,1,False,,,,,
115,57.5,15,1,1,False,,,,,
115,57.5,16,1,1,False,,,,,
115,57.5,17,1,1,False,,,,,
115,57.5,18,1,1,False,,,,,
115,57.5,19,1,1,False,,,,,
115,57.5,20,1,1,False,,,,,
115,57.5,21,1,1,False,,,,,
115,57.5,22,1,1,False,,,,,
115,57.5,23,1,1,False,,,,,
115,57.5,24,1,1,False,,,,,
115,57.5,25,1,1,False,,,,,
115,57.5,26,1,1,False,,,,,
115,57.5,27,1,1,False,,,,,
115,57.5,28,1,1,False,,,,,
115,57.5,29,1,1,False,,,,,
115,57.5,30,1,1,False,,,,,
115,57.5,31,1,1,False,,,,,
115,57.5,32,1,1,False,,,,,
115,57.5,33,1,1,False,,,,,
115,57.5,34,1,1,False,,,,,
115,57.5,35,1,1,False,,,,,
115,57.5,36,1,1,False,,,,,
115,57.5,37,1,1,False,,,,,
115,57.5,38,1,1,False,,,,,
115,57.5,39,1,1,False,,,,,
116,58.0,0,1,1,False,,,,,
116,58.0,1,1,1,False,,,,,
116,58.0,2,1,1,False,,,,,
116,58.0,3,1,1,False,,,,,
116,58.0,4,1,1,False,,,,,
116,58.0,5,1,1,False,,,,,
116,58.0,6,1,1,False,,,,,
116,58.0,7,1,1,False,,,,,
116,58.0,8,1,1,False,,,,,
116,58.0,9,1,1,False,,,,,
116,58.0,10,1,1,False,,,,,
116,58.0,11,1,1,False,,,,,
116,58.0,12,1,1,False,,,,,
116,58.0,13,1,1,False,,,,,
116,58.0,14,1,1,False,,,,,
116,58.0,15,1,1,False,,,,,
116,58.0,16,1,1,False,,,,,
116,58.0,17,1,1,False,,,,,
116,58.0,18,1,1,False,,,,,
116,58.0,19,1,1,False,,,,,
116,58.0,20,1,1,False,,,,,
116,58.0,21,1,1,False,,,,,
116,58.0,22,1,1,False,,,,,
116,58.0,23,1,1,False,,,,,
116,58.0,24,1,1,False,,,,,
116,58.0,25,1,1,False,,,,,
116,58.0,26,1,1,False,,,,,
116,58.0,27,1,1,False,,,,,
116,58.0,28,1,1,False,,,,,
116,58.0,29,1,1,False,,,,,
116,58.0,30,1,1,False,,,,,
116,58.0,31,1,1,False,,,,,
116,58.0,32,1,1,False,,,,,
116,58.0,33,1,1,False,,,,,
116,58.0,34,1,1,False,,,,,
116,58.0,35,1,1,False,,,,,
116,58.0,36,1,1,False,,,,,
116,58.0,37,1,1,False,,,,,
116,58.0,38,1,1,False,,,,,
116,58.0,39,1,1,False,,,,,
117,58.5,0,1,1,False,,,,,
117,58.5,1,1,1,False,,,,,
117,58.5,2,1,1,False,,,,,
117,58.5,3,1,1,False,,,,,
117,58.5,4,1,1,False,,,,,
117,58.5,5,1,1,False,,,,,
117,58.5,6,1,1,False,,,,,
117,58.5,7,1,1,False,,,,,
117,58.5,8,1,1,False,,,,,
117,58.5,9,1,1,False,,,,,
117,58.5,10,1,1,False,,,,,
117,58.5,11,1,1,False,,,,,
117,58.5,12,1,1,False,,,,,
117,58.5,13,1,1,False,,,,,
117,58.5,14,1,1,False,,,,,
117,58.5,15,1,1,False,,,,,
117,58.5,16,1,1,False,,,,,
117,58.5,17,1,1,False,,,,,
117,58.5,18,1,1,False,,,,,
117,58.5,19,1,1,False,,,,,
117,58.5,20,1,1,False,,,,,
117,58.5,21,1,1,False,,,,,
117,58.5,22,1,1,False,,,,,
117,58.5,23,1,1,False,,,,,
117,58.5,24,1,1,False,,,,,
117,58.5,25,1,1,False,,,,,
117,58.5,26,1,1,False,,,,,
117,58.5,27,1,1,False,,,,,
117,58.5,28,1,1,False,,,,,
117,58.5,29,1,1,False,,,,,
117,58.5,30,1,1,False,,,,,
117,58.5,31,1,1,False,,,,,
117,58.5,32,1,1,False,,,,,
117,58.5,33,1,1,False,,,,,
117,58.5,34,1,1,False,,,,,
117,58.5,35,1,1,False,,,,,
117,58.5,36,1,1,False,,,,,
117,58.5,37,1,1,False,,,,,
117,58.5,38,1,1,False,,,,,
117,58.5,39,1,1,False,,,,,
118,59.0,0,1,1,False,,,,,
118,59.0,1,1,1,False,,,,,
118,59.0,2,1,1,False,,,,,
118,59.0,3,1,1,False,,,,,
118,59.0,4,1,1,False,,,,,
118,59.0,5,1,1,False,,,,,
118,59.0,6,1,1,False,,,,,
118,59.0,7,1,1,False,,,,,
118,59.0,8,1,1,False,,,,,
118,59.0,9,1,1,False,,,,,
118,59.0,10,1,1,False,,,,,
118,59.0,11,1,1,False,,,,,
118,59.0,12,1,1,False,,,,,
118,59.0,13,1,1,False,,,,,
118,59.0,14,1,1,False,,,,,
118,59.0,15,1,1,False,,,,,
118,59.0,16,1,1,False,,,,,
118,59.0,17,1,1,False,,,,,
118,59.0,18,1,1,False,,,,,
118,59.0,19,1,1,False,,,,,
118,59.0,20,1,1,False,,,,,
118,59.0,21,1,1,False,,,,,
118,59.0,22,1,1,False,,,,,
118,59.0,23,1,1,False,,,,,
118,59.0,24,1,1,False,,,,,
118,59.0,25,1,1,False,,,,,
118,59.0,26,1,1,False,,,,,
118,59.0,27,1,1,False,,,,,
118,59.0,28,1,1,False,,,,,
118,59.0,29,1,1,False,,,,,
118,59.0,30,1,1,False,,,,,
118,59.0,31,1,1,False,,,,,
118,59.0,32,1,1,False,,,,,
118,59.0,33,1,1,False,,,,,
118,59.0,34,1,1,False,,,,,
118,59.0,35,1,1,False,,,,,
118,59.0,36,1,1,False,,,,,
118,59.0,37,1,1,False,,,,,
118,59.0,38,1,1,False,,,,,
118,59.0,39,1,1,False,,,,,
119,59.5,0,1,1,False,,,,,
119,59.5,1,1,1,False,,,,,
119,59.5,2,1,1,False,,,,,
119,59.5,3,1,1,False,,,,,
119,59.5,4,1,1,False,,,,,
119,59.5,5,1,1,False,,,,,
119,59.5,6,1,1,False,,,,,
119,59.5,7,1,1,False,,,,,
119,59.5,8,1,1,False,,,,,
119,59.5,9,1,1,False,,,,,
119,59.5,10,1,1,False,,,,,
119,59.5,11,1,1,False,,,,,
119,59.5,12,1,1,False,,,,,
119,59.5,13,1,1,False,,,,,
119,59.5,14,1,1,False,,,,,
119,59.5,15,1,1,False,,,,,
119,59.5,16,1,1,False,,,,,
119,59.5,17,1,1,False,,,,,
119,59.5,18,1,1,False,,,,,
119,59.5,19,1,1,False,,,,,
119,59.5,20,1,1,False,,,,,
119,59.5,21,1,1,False,,,,,
119,59.5,22,1,1,False,,,,,
119,59.5,23,1,1,False,,,,,
119,59.5,24,1,1,False,,,,,
119,59.5,25,1,1,False,,,,,
119,59.5,26,1,1,False,,,,,
119,59.5,27,1,1,False,,,,,
119,59.5,28,1,1,False,,,,,
119,59.5,29,1,1,False,,,,,
119,59.5,30,1,1,False,,,,,
119,59.5,31,1,1,False,,,,,
119,59.5,32,1,1,False,,,,,
119,59.5,33,1,1,False,,,,,
119,59.5,34,1,1,False,,,,,
119,59.5,35,1,1,False,,,,,
119,59.5,36,1,1,False,,,,,
119,59.5,37,1,1,False,,,,,
119,59.5,38,1,1,False,,,,,
119,59.5,39,1,1,False,,,,,
120,60.0,0,1,1,False,,,,,
120,60.0,1,1,1,False,,,,,
120,60.0,2,1,1,False,,,,,
120,60.0,3,1,1,False,,,,,
120,60.0,4,1,1,False,,,,,
120,60.0,5,1,1,False,,,,,
120,60.0,6,1,1,False,,,,,
120,60.0,7,1,1,False,,,,,
120,60.0,8,1,1,False,,,,,
120,60.0,9,1,1,False,,,,,
120,60.0,10,1,1,False,,,,,
120,60.0,11,1,1,False,,,,,
120,60.0,12,1,1,False,,,,,
120,60.0,13,1,1,False,,,,,
120,60.0,14,1,1,False,,,,,
120,60.0,15,1,1,False,,,,,
120,60.0,16,1,1,False,,,,,
120,60.0,17,1,1,False,,,,,
120,60.0,18,1,1,False,,,,,
120,60.0,19,1,1,False,,,,,
120,60.0,20,1,1,False,,,,,
120,60.0,21,1,1,False,,,,,
120,60.0,22,1,1,False,,,,,
120,60.0,23,1,1,False,,,,,
120,60.0,24,1,1,False,,,,,
120,60.0,25,1,1,False,,,,,
120,60.0,26,1,1,False,,,,,
120,60.0,27,1,1,False,,,,,
120,60.0,28,1,1,False,,,,,
120,60.0,29,1,1,False,,,,,
120,60.0,30,1,1,False,,,,,
120,60.0,31,1,1,False,,,,,
120,60.0,32,1,1,False,,,,,
120,60.0,33,1,1,False,,,,,
120,60.0,34,1,1,False,,,,,
120,60.0,35,1,1,False,,,,,
120,60.0,36,1,1,False,,,,,
120,60.0,37,1,1,False,,,,,
120,60.0,38,1,1,False,,,,,
120,60.0,39,1,1,False,,,,,
121,60.5,0,1,1,False,,,,,
121,60.5,1,1,1,False,,,,,
121,60.5,2,1,1,False,,,,,
121,60.5,3,1,1,False,,,,,
121,60.5,4,1,1,False,,,,,
121,60.5,5,1,1,False,,,,,
121,60.5,6,1,1,False,,,,,
121,60.5,7,1,1,False,,,,,
121,60.5,8,1,1,False,,,,,
121,60.5,9,1,1,False,,,,,
121,60.5,10,1,1,False,,,,,
121,60.5,11,1,1,False,,,,,
121,60.5,12,1,1,False,,,,,
121,60.5,13,1,1,False,,,,,
121,60.5,14,1,1,False,,,,,
121,60.5,15,1,1,False,,,,,
121,60.5,16,1,1,False,,,,,
121,60.5,17,1,1,False,,,,,
121,60.5,18,1,1,False,,,,,
121,60.5,19,1,1,False,,,,,
121,60.5,20,1,1,False,,,,,
121,60.5,21,1,1,False,,,,,
121,60.5,22,1,1,False,,,,,
121,60.5,23,1,1,False,,,,,
121,60.5,24,1,1,False,,,,,
121,60.5,25,1,1,False,,,,,
121,60.5,26,1,1,False,,,,,
121,60.5,27,1,1,False,,,,,
121,60.5,28,1,1,False,,,,,
121,60.5,29,1,1,False,,,,,
121,60.5,30,1,1,False,,,,,
121,60.5,31,1,1,False,,,,,
121,60.5,32,1,1,False,,,,,
121,60.5,33,1,1,False,,,,,
121,60.5,34,1,1,False,,,,,
121,60.5,35,1,1,False,,,,,
121,60.5,36,1,1,False,,,,,
121,60.5,37,1,1,False,,,,,
121,60.5,38,1,1,False,,,,,
121,60.5,39,1,1,False,,,,,
122,61.0,0,1,1,False,,,,,
122,61.0,1,1,1,False,,,,,
122,61.0,2,1,1,False,,,,,
122,61.0,3,1,1,False,,,,,
122,61.0,4,1,1,False,,,,,
122,61.0,5,1,1,False,,,,,
122,61.0,6,1,1,False,,,,,
122,61.0,7,1,1,False,,,,,
122,61.0,8,1,1,False,,,,,
122,61.0,9,1,1,False,,,,,
122,61.0,10,1,1,False,,,,,
122,61.0,11,1,1,False,,,,,
122,61.0,12,1,1,False,,,,,
122,61.0,13,1,1,False,,,,,
122,61.0,14,1,1,False,,,,,
122,61.0,15,1,1,False,,,,,
122,61.0,16,1,1,False,,,,,
122,61.0,17,1,1,False,,,,,
122,61.0,18,1,1,False,,,,,
122,61.0,19,1,1,False,,,,,
122,61.0,20,1,1,False,,,,,
122,61.0,21,1,1,False,,,,,
122,61.0,22,1,1,False,,,,,
122,61.0,23,1,1,False,,,,,
122,61.0,24,1,1,False,,,,,
122,61.0,25,1,1,False,,,,,
122,61.0,26,1,1,False,,,,,
122,61.0,27,1,1,False,,,,,
122,61.0,28,1,1,False,,,,,
122,61.0,29,1,1,False,,,,,
122,61.0,30,1,1,False,,,,,
122,61.0,31,1,1,False,,,,,
122,61.0,32,1,1,False,,,,,
122,61.0,33,1,1,False,,,,,
122,61.0,34,1,1,False,,,,,
122,61.0,35,1,1,False,,,,,
122,61.0,36,1,1,False,,,,,
122,61.0,37,1,1,False,,,,,
122,61.0,38,1,1,False,,,,,
122,61.0,39,1,1,False,,,,,
123,61.5,0,1,1,False,,,,,
123,61.5,1,1,1,False,,,,,
123,61.5,2,1,1,False,,,,,
123,61.5,3,1,1,False,,,,,
123,61.5,4,1,1,False,,,,,
123,61.5,5,1,1,False,,,,,
123,61.5,6,1,1,False,,,,,
123,61.5,7,1,1,False,,,,,
123,61.5,8,1,1,False,,,,,
123,61.5,9,1,1,False,,,,,
123,61.5,10,1,1,False,,,,,
123,61.5,11,1,1,False,,,,,
123,61.5,12,1,1,False,,,,,
123,61.5,13,1,1,False,,,,,
123,61.5,14,1,1,False,,,,,
123,61.5,15,1,1,False,,,,,
123,61.5,16,1,1,False,,,,,
123,61.5,17,1,1,False,,,,,
123,61.5,18,1,1,False,,,,,
123,61.5,19,1,1,False,,,,,
123,61.5,20,1,1,False,,,,,
123,61.5,21,1,1,False,,,,,
123,61.5,22,1,1,False,,,,,
123,61.5,23,1,1,False,,,,,
123,61.5,24,1,1,False,,,,,
123,61.5,25,1,1,False,,,,,
123,61.5,26,1,1,False,,,,,
123,61.5,27,1,1,False,,,,,
123,61.5,28,1,1,False,,,,,
123,61.5,29,1,1,False,,,,,
123,61.5,30,1,1,False,,,,,
123,61.5,31,1,1,False,,,,,
123,61.5,32,1,1,False,,,,,
123,61.5,33,1,1,False,,,,,
123,61.5,34,1,1,False,,,,,
123,61.5,35,1,1,False,,,,,
123,61.5,36,1,1,False,,,,,
123,61.5,37,1,1,False,,,,,
123,61.5,38,1,1,False,,,,,
123,61.5,39,1,1,False,,,,,
124,62.0,0,1,1,False,,,,,
124,62.0,1,1,1,False,,,,,
124,62.0,2,1,1,False,,,,,
124,62.0,3,1,1,False,,,,,
124,62.0,4,1,1,False,,,,,
124,62.0,5,1,1,False,,,,,
124,62.0,6,1,1,False,,,,,
124,62.0,7,1,1,False,,,,,
124,62.0,8,1,1,False,,,,,
124,62.0,9,1,1,False,,,,,
124,62.0,10,1,1,False,,,,,
124,62.0,11,1,1,False,,,,,
124,62.0,12,1,1,False,,,,,
124,62.0,13,1,1,False,,,,,
124,62.0,14,1,1,False,,,,,
124,62.0,15,1,1,False,,,,,
124,62.0,16,1,1,False,,,,,
124,62.0,17,1,1,False,,,,,
124,62.0,18,1,1,False,,,,,
124,62.0,19,1,1,False,,,,,
124,62.0,20,1,1,False,,,,,
124,62.0,21,1,1,False,,,,,
124,62.0,22,1,1,False,,,,,
124,62.0,23,1,1,False,,,,,
124,62.0,24,1,1,False,,,,,
124,62.0,25,1,1,False,,,,,
124,62.0,26,1,1,False,,,,,
124,62.0,27,1,1,False,,,,,
124,62.0,28,1,1,False,,,,,
124,62.0,29,1,1,False,,,,,
124,62.0,30,1,1,False,,,,,
124,62.0,31,1,1,False,,,,,
124,62.0,32,1,1,False,,,,,
124,62.0,33,1,1,False,,,,,
124,62.0,34,1,1,False,,,,,
124,62.0,35,1,1,False,,,,,
124,62.0,36,1,1,False,,,,,
124,62.0,37,1,1,False,,,,,
124,62.0,38,1,1,False,,,,,
124,62.0,39,1,1,False,,,,,
125,62.5,0,1,1,False,,,,,
125,62.5,1,1,1,False,,,,,
125,62.5,2,1,1,False,,,,,
125,62.5,3,1,1,False,,,,,
125,62.5,4,1,1,False,,,,,
125,62.5,5,1,1,False,,,,,
125,62.5,6,1,1,False,,,,,
125,62.5,7,1,1,False,,,,,
125,62.5,8,1,1,False,,,,,
125,62.5,9,1,1,False,,,,,
125,62.5,10,1,1,False,,,,,
125,62.5,11,1,1,False,,,,,
125,62.5,12,1,1,False,,,,,
125,62.5,13,1,1,False,,,,,
125,62.5,14,1,1,False,,,,,
125,62.5,15,1,1,False,,,,,
125,62.5,16,1,1,False,,,,,
125,62.5,17,1,1,False,,,,,
125,62.5,18,1,1,False,,,,,
125,62.5,19,1,1,False,,,,,
125,62.5,20,1,1,False,,,,,
125,62.5,21,1,1,False,,,,,
125,62.5,22,1,1,False,,,,,
125,62.5,23,1,1,False,,,,,
125,62.5,24,1,1,False,,,,,
125,62.5,25,1,1,False,,,,,
125,62.5,26,1,1,False,,,,,
125,62.5,27,1,1,False,,,,,
125,62.5,28,1,1,False,,,,,
125,62.5,29,1,1,False,,,,,
125,62.5,30,1,1,False,,,,,
125,62.5,31,1,1,False,,,,,
125,62.5,32,1,1,False,,,,,
125,62.5,33,1,1,False,,,,,
125,62.5,34,1,1,False,,,,,
125,62.5,35,1,1,False,,,,,
125,62.5,36,1,1,False,,,,,
125,62.5,37,1,1,False,,,,,
125,62.5,38,1,1,False,,,,,
125,62.5,39,1,1,False,,,,,
126,63.0,0,1,1,False,,,,,
126,63.0,1,1,1,False,,,,,
126,63.0,2,1,1,False,,,,,
126,63.0,3,1,1,False,,,,,
126,63.0,4,1,1,False,,,,,
126,63.0,5,1,1,False,,,,,
126,63.0,6,1,1,False,,,,,
126,63.0,7,1,1,False,,,,,
126,63.0,8,1,1,False,,,,,
126,63.0,9,1,1,False,,,,,
126,63.0,10,1,1,False,,,,,
126,63.0,11,1,1,False,,,,,
126,63.0,12,1,1,False,,,,,
126,63.0,13,1,1,False,,,,,
126,63.0,14,1,1,False,,,,,
126,63.0,15,1,1,False,,,,,
126,63.0,16,1,1,False,,,,,
126,63.0,17,1,1,False,,,,,
126,63.0,18,1,1,False,,,,,
126,63.0,19,1,1,False,,,,,
126,63.0,20,1,1,False,,,,,
126,63.0,21,1,1,False,,,,,
126,63.0,22,1,1,False,,,,,
126,63.0,23,1,1,False,,,,,
126,63.0,24,1,1,False,,,,,
126,63.0,25,1,1,False,,,,,
126,63.0,26,1,1,False,,,,,
126,63.0,27,1,1,False,,,,,
126,63.0,28,1,1,False,,,,,
126,63.0,29,1,1,False,,,,,
126,63.0,30,1,1,False,,,,,
126,63.0,31,1,1,False,,,,,
126,63.0,32,1,1,False,,,,,
126,63.0,33,1,1,False,,,,,
126,63.0,34,1,1,False,,,,,
126,63.0,35,1,1,False,,,,,
126,63.0,36,1,1,False,,,,,
126,63.0,37,1,1,False,,,,,
126,63.0,38,1,1,False,,,,,
126,63.0,39,1,1,False,,,,,
127,63.5,0,1,1,False,,,,,
127,63.5,1,1,1,False,,,,,
127,63.5,2,1,1,False,,,,,
127,63.5,3,1,1,False,,,,,
127,63.5,4,1,1,False,,,,,
127,63.5,5,1,1,False,,,,,
127,63.5,6,1,1,False,,,,,
127,63.5,7,1,1,False,,,,,
127,63.5,8,1,1,False,,,,,
127,63.5,9,1,1,False,,,,,
127,63.5,10,1,1,False,,,,,
127,63.5,11,1,1,False,,,,,
127,63.5,12,1,1,False,,,,,
127,63.5,13,1,1,False,,,,,
127,63.5,14,1,1,False,,,,,
127,63.5,15,1,1,False,,,,,
127,63.5,16,1,1,False,,,,,
127,63.5,17,1,1,False,,,,,
127,63.5,18,1,1,False,,,,,
127,63.5,19,1,1,False,,,,,
127,63.5,20,1,1,False,,,,,
127,63.5,21,1,1,False,,,,,
127,63.5,22,1,1,False,,,,,
127,63.5,23,1,1,False,,,,,
127,63.5,24,1,1,False,,,,,
127,63.5,25,1,1,False,,,,,
127,63.5,26,1,1,False,,,,,
127,63.5,27,1,1,False,,,,,
127,63.5,28,1,1,False,,,,,
127,63.5,29,1,1,False,,,,,
127,63.5,30,1,1,False,,,,,
127,63.5,31,1,1,False,,,,,
127,63.5,32,1,1,False,,,,,
127,63.5,33,1,1,False,,,,,
127,63.5,34,1,1,False,,,,,
127,63.5,35,1,1,False,,,,,
127,63.5,36,1,1,False,,,,,
127,63.5,37,1,1,False,,,,,
127,63.5,38,1,1,False,,,,,
127,63.5,39,1,1,False,,,,,
128,64.0,0,1,1,False,,,,,
128,64.0,1,1,1,False,,,,,
128,64.0,2,1,1,False,,,,,
128,64.0,3,1,1,False,,,,,
128,64.0,4,1,1,False,,,,,
128,64.0,5,1,1,False,,,,,
128,64.0,6,1,1,False,,,,,
128,64.0,7,1,1,False,,,,,
128,64.0,8,1,1,False,,,,,
128,64.0,9,1,1,False,,,,,
128,64.0,10,1,1,False,,,,,
128,64.0,11,1,1,False,,,,,
128,64.0,12,1,1,False,,,,,
128,64.0,13,1,1,False,,,,,
128,64.0,14,1,1,False,,,,,
128,64.0,15,1,1,False,,,,,
128,64.0,16,1,1,False,,,,,
128,64.0,17,1,1,False,,,,,
128,64.0,18,1,1,False,,,,,
128,64.0,19,1,1,False,,,,,
128,64.0,20,1,1,False,,,,,
128,64.0,21,1,1,False,,,,,
128,64.0,22,1,1,False,,,,,
128,64.0,23,1,1,False,,,,,
128,64.0,24,1,1,False,,,,,
128,64.0,25,1,1,False,,,,,
128,64.0,26,1,1,False,,,,,
128,64.0,27,1,1,False,,,,,
128,64.0,28,1,1,False,,,,,
128,64.0,29,1,1,False,,,,,
128,64.0,30,1,1,False,,,,,
128,64.0,31,1,1,False,,,,,
128,64.0,32,1,1,False,,,,,
128,64.0,33,1,1,False,,,,,
128,64.0,34,1,1,False,,,,,
128,64.0,35,1,1,False,,,,,
128,64.0,36,1,1,False,,,,,
128,64.0,37,1,1,False,,,,,
128,64.0,38,1,1,False,,,,,
128,64.0,39,1,1,False,,,,,
129,64.5,0,1,1,False,,,,,
129,64.5,1,1,1,False,,,,,
129,64.5,2,1,1,False,,,,,
129,64.5,3,1,1,False,,,,,
129,64.5,4,1,1,False,,,,,
129,64.5,5,1,1,False,,,,,
129,64.5,6,1,1,False,,,,,
129,64.5,7,1,1,False,,,,,
129,64.5,8,1,1,False,,,,,
129,64.5,9,1,1,False,,,,,
129,64.5,10,1,1,False,,,,,
129,64.5,11,1,1,False,,,,,
129,64.5,12,1,1,False,,,,,
129,64.5,13,1,1,False,,,,,
129,64.5,14,1,1,False,,,,,
129,64.5,15,1,1,False,,,,,
129,64.5,16,1,1,False,,,,,
129,64.5,17,1,1,False,,,,,
129,64.5,18,1,1,False,,,,,
129,64.5,19,1,1,False,,,,,
129,64.5,20,1,1,False,,,,,
129,64.5,21,1,1,False,,,,,
129,64.5,22,1,1,False,,,,,
129,64.5,23,1,1,False,,,,,
129,64.5,24,1,1,False,,,,,
129,64.5,25,1,1,False,,,,,
129,64.5,26,1,1,False,,,,,
129,64.5,27,1,1,False,,,,,
129,64.5,28,1,1,False,,,,,
129,64.5,29,1,1,False,,,,,
129,64.5,30,1,1,False,,,,,
129,64.5,31,1,1,False,,,,,
129,64.5,32,1,1,False,,,,,
129,64.5,33,1,1,False,,,,,
129,64.5,34,1,1,False,,,,,
129,64.5,35,1,1,False,,,,,
129,64.5,36,1,1,False,,,,,
129,64.5,37,1,1,False,,,,,
129,64.5,38,1,1,False,,,,,
129,64.5,39,1,1,False,,,,,
130,65.0,0,1,1,False,,,,,
130,65.0,1,1,1,False,,,,,
130,65.0,2,1,1,False,,,,,
130,65.0,3,1,1,False,,,,,
130,65.0,4,1,1,False,,,,,
130,65.0,5,1,1,False,,,,,
130,65.0,6,1,1,False,,,,,
130,65.0,7,1,1,False,,,,,
130,65.0,8,1,1,False,,,,,
130,65.0,9,1,1,False,,,,,
130,65.0,10,1,1,False,,,,,
130,65.0,11,1,1,False,,,,,
130,65.0,12,1,1,False,,,,,
130,65.0,13,1,1,False,,,,,
130,65.0,14,1,1,False,,,,,
130,65.0,15,1,1,False,,,,,
130,65.0,16,1,1,False,,,,,
130,65.0,17,1,1,False,,,,,
130,65.0,18,1,1,False,,,,,
130,65.0,19,1,1,False,,,,,
130,65.0,20,1,1,False,,,,,
130,65.0,21,1,1,False,,,,,
130,65.0,22,1,1,False,,,,,
130,65.0,23,1,1,False,,,,,
130,65.0,24,1,1,False,,,,,
130,65.0,25,1,1,False,,,,,
130,65.0,26,1,1,False,,,,,
130,65.0,27,1,1,False,,,,,
130,65.0,28,1,1,False,,,,,
130,65.0,29,1,1,False,,,,,
130,65.0,30,1,1,False,,,,,
130,65.0,31,1,1,False,,,,,
130,65.0,32,1,1,False,,,,,
130,65.0,33,1,1,False,,,,,
130,65.0,34,1,1,False,,,,,
130,65.0,35,1,1,False,,,,,
130,65.0,36,1,1,False,,,,,
130,65.0,37,1,1,False,,,,,
130,65.0,38,1,1,False,,,,,
130,65.0,39,1,1,False,,,,,
131,65.5,0,1,1,False,,,,,
131,65.5,1,1,1,False,,,,,
131,65.5,2,1,1,False,,,,,
131,65.5,3,1,1,False,,,,,
131,65.5,4,1,1,False,,,,,
131,65.5,5,1,1,False,,,,,
131,65.5,6,1,1,False,,,,,
131,65.5,7,1,1,False,,,,,
131,65.5,8,1,1,False,,,,,
131,65.5,9,1,1,False,,,,,
131,65.5,10,1,1,False,,,,,
131,65.5,11,1,1,False,,,,,
131,65.5,12,1,1,False,,,,,
131,65.5,13,1,1,False,,,,,
131,65.5,14,1,1,False,,,,,
131,65.5,15,1,1,False,,,,,
131,65.5,16,1,1,False,,,,,
131,65.5,17,1,1,False,,,,,
131,65.5,18,1,1,False,,,,,
131,65.5,19,1,1,False,,,,,
131,65.5,20,1,1,False,,,,,
131,65.5,21,1,1,False,,,,,
131,65.5,22,1,1,False,,,,,
131,65.5,23,1,1,False,,,,,
131,65.5,24,1,1,False,,,,,
131,65.5,25,1,1,False,,,,,
131,65.5,26,1,1,False,,,,,
131,65.5,27,1,1,False,,,,,
131,65.5,28,1,1,False,,,,,
131,65.5,29,1,1,False,,,,,
131,65.5,30,1,1,False,,,,,
131,65.5,31,1,1,False,,,,,
131,65.5,32,1,1,False,,,,,
131,65.5,33,1,1,False,,,,,
131,65.5,34,1,1,False,,,,,
131,65.5,35,1,1,False,,,,,
131,65.5,36,1,1,False,,,,,
131,65.5,37,1,1,False,,,,,
131,65.5,38,1,1,False,,,,,
131,65.5,39,1,1,False,,,,,
132,66.0,0,1,1,False,,,,,
132,66.0,1,1,1,False,,,,,
132,66.0,2,1,1,False,,,,,
132,66.0,3,1,1,False,,,,,
132,66.0,4,1,1,False,,,,,
132,66.0,5,1,1,False,,,,,
132,66.0,6,1,1,False,,,,,
132,66.0,7,1,1,False,,,,,
132,66.0,8,1,1,False,,,,,
132,66.0,9,1,1,False,,,,,
132,66.0,10,1,1,False,,,,,
132,66.0,11,1,1,False,,,,,
132,66.0,12,1,1,False,,,,,
132,66.0,13,1,1,False,,,,,
132,66.0,14,1,1,False,,,,,
132,66.0,15,1,1,False,,,,,
132,66.0,16,1,1,False,,,,,
132,66.0,17,1,1,False,,,,,
132,66.0,18,1,1,False,,,,,
132,66.0,19,1,1,False,,,,,
132,66.0,20,1,1,False,,,,,
132,66.0,21,1,1,False,,,,,
132,66.0,22,1,1,False,,,,,
132,66.0,23,1,1,False,,,,,
132,66.0,24,1,1,False,,,,,
132,66.0,25,1,1,False,,,,,
132,66.0,26,1,1,False,,,,,
132,66.0,27,1,1,False,,,,,
132,66.0,28,1,1,False,,,,,
132,66.0,29,1,1,False,,,,,
132,66.0,30,1,1,False,,,,,
132,66.0,31,1,1,False,,,,,
132,66.0,32,1,1,False,,,,,
132,66.0,33,1,1,False,,,,,
132,66.0,34,1,1,False,,,,,
132,66.0,35,1,1,False,,,,,
132,66.0,36,1,1,False,,,,,
132,66.0,37,1,1,False,,,,,
132,66.0,38,1,1,False,,,,,
132,66.0,39,1,1,False,,,,,
133,66.5,0,1,1,False,,,,,
133,66.5,1,1,1,False,,,,,
133,66.5,2,1,1,False,,,,,
133,66.5,3,1,1,False,,,,,
133,66.5,4,1,1,False,,,,,
133,66.5,5,1,1,False,,,,,
133,66.5,6,1,1,False,,,,,
133,66.5,7,1,1,False,,,,,
133,66.5,8,1,1,False,,,,,
133,66.5,9,1,1,False,,,,,
133,66.5,10,1,1,False,,,,,
133,66.5,11,1,1,False,,,,,
133,66.5,12,1,1,False,,,,,
133,66.5,13,1,1,False,,,,,
133,66.5,14,1,1,False,,,,,
133,66.5,15,1,1,False,,,,,
133,66.5,16,1,1,False,,,,,
133,66.5,17,1,1,False,,,,,
133,66.5,18,1,1,False,,,,,
133,66.5,19,1,1,False,,,,,
133,66.5,20,1,1,False,,,,,
133,66.5,21,1,1,False,,,,,
133,66.5,22,1,1,False,,,,,
133,66.5,23,1,1,False,,,,,
133,66.5,24,1,1,False,,,,,
133,66.5,25,1,1,False,,,,,
133,66.5,26,1,1,False,,,,,
133,66.5,27,1,1,False,,,,,
133,66.5,28,1,1,False,,,,,
133,66.5,29,1,1,False,,,,,
133,66.5,30,1,1,False,,,,,
133,66.5,31,1,1,False,,,,,
133,66.5,32,1,1,False,,,,,
133,66.5,33,1,1,False,,,,,
133,66.5,34,1,1,False,,,,,
133,66.5,35,1,1,False,,,,,
133,66.5,36,1,1,False,,,,,
133,66.5,37,1,1,False,,,,,
133,66.5,38,1,1,False,,,,,
133,66.5,39,1,1,False,,,,,
134,67.0,0,1,1,False,,,,,
134,67.0,1,1,1,False,,,,,
134,67.0,2,1,1,False,,,,,
134,67.0,3,1,1,False,,,,,
134,67.0,4,1,1,False,,,,,
134,67.0,5,1,1,False,,,,,
134,67.0,6,1,1,False,,,,,
134,67.0,7,1,1,False,,,,,
134,67.0,8,1,1,False,,,,,
134,67.0,9,1,1,False,,,,,
134,67.0,10,1,1,False,,,,,
134,67.0,11,1,1,False,,,,,
134,67.0,12,1,1,False,,,,,
134,67.0,13,1,1,False,,,,,
134,67.0,14,1,1,False,,,,,
134,67.0,15,1,1,False,,,,,
134,67.0,16,1,1,False,,,,,
134,67.0,17,1,1,False,,,,,
134,67.0,18,1,1,False,,,,,
134,67.0,19,1,1,False,,,,,
134,67.0,20,1,1,False,,,,,
134,67.0,21,1,1,False,,,,,
134,67.0,22,1,1,False,,,,,
134,67.0,23,1,1,False,,,,,
134,67.0,24,1,1,False,,,,,
134,67.0,25,1,1,False,,,,,
134,67.0,26,1,1,False,,,,,
134,67.0,27,1,1,False,,,,,
134,67.0,28,1,1,False,,,,,
134,67.0,29,1,1,False,,,,,
134,67.0,30,1,1,False,,,,,
134,67.0,31,1,1,False,,,,,
134,67.0,32,1,1,False,,,,,
134,67.0,33,1,1,False,,,,,
134,67.0,34,1,1,False,,,,,
134,67.0,35,1,1,False,,,,,
134,67.0,36,1,1,False,,,,,
134,67.0,37,1,1,False,,,,,
134,67.0,38,1,1,False,,,,,
134,67.0,39,1,1,False,,,,,
135,67.5,0,1,1,False,,,,,
135,67.5,1,1,1,False,,,,,
135,67.5,2,1,1,False,,,,,
135,67.5,3,1,1,False,,,,,
135,67.5,4,1,1,False,,,,,
135,67.5,5,1,1,False,,,,,
135,67.5,6,1,1,False,,,,,
135,67.5,7,1,1,False,,,,,
135,67.5,8,1,1,False,,,,,
135,67.5,9,1,1,False,,,,,
135,67.5,10,1,1,False,,,,,
135,67.5,11,1,1,False,,,,,
135,67.5,12,1,1,False,,,,,
135,67.5,13,1,1,False,,,,,
135,67.5,14,1,1,False,,,,,
135,67.5,15,1,1,False,,,,,
135,67.5,16,1,1,False,,,,,
135,67.5,17,1,1,False,,,,,
135,67.5,18,1,1,False,,,,,
135,67.5,19,1,1,False,,,,,
135,67.5,20,1,1,False,,,,,
135,67.5,21,1,1,False,,,,,
135,67.5,22,1,1,False,,,,,
135,67.5,23,1,1,False,,,,,
135,67.5,24,1,1,False,,,,,
135,67.5,25,1,1,False,,,,,
135,67.5,26,1,1,False,,,,,
135,67.5,27,1,1,False,,,,,
135,67.5,28,1,1,False,,,,,
135,67.5,29,1,1,False,,,,,
135,67.5,30,1,1,False,,,,,
135,67.5,31,1,1,False,,,,,
135,67.5,32,1,1,False,,,,,
135,67.5,33,1,1,False,,,,,
135,67.5,34,1,1,False,,,,,
135,67.5,35,1,1,False,,,,,
135,67.5,36,1,1,False,,,,,
135,67.5,37,1,1,False,,,,,
135,67.5,38,1,1,False,,,,,
135,67.5,39,1,1,False,,,,,
136,68.0,0,1,1,False,,,,,
136,68.0,1,1,1,False,,,,,
136,68.0,2,1,1,False,,,,,
136,68.0,3,1,1,False,,,,,
136,68.0,4,1,1,False,,,,,
136,68.0,5,1,1,False,,,,,
136,68.0,6,1,1,False,,,,,
136,68.0,7,1,1,False,,,,,
136,68.0,8,1,1,False,,,,,
136,68.0,9,1,1,False,,,,,
136,68.0,10,1,1,False,,,,,
136,68.0,11,1,1,False,,,,,
136,68.0,12,1,1,False,,,,,
136,68.0,13,1,1,False,,,,,
136,68.0,14,1,1,False,,,,,
136,68.0,15,1,1,False,,,,,
136,68.0,16,1,1,False,,,,,
136,68.0,17,1,1,False,,,,,
136,68.0,18,1,1,False,,,,,
136,68.0,19,1,1,False,,,,,
136,68.0,20,1,1,False,,,,,
136,68.0,21,1,1,False,,,,,
136,68.0,22,1,1,False,,,,,
136,68.0,23,1,1,False,,,,,
136,68.0,24,1,1,False,,,,,
136,68.0,25,1,1,False,,,,,
136,68.0,26,1,1,False,,,,,
136,68.0,27,1,1,False,,,,,
136,68.0,28,1,1,False,,,,,
136,68.0,29,1,1,False,,,,,
136,68.0,30,1,1,False,,,,,
136,68.0,31,1,1,False,,,,,
136,68.0,32,1,1,False,,,,,
136,68.0,33,1,1,False,,,,,
136,68.0,34,1,1,False,,,,,
136,68.0,35,1,1,False,,,,,
136,68.0,36,1,1,False,,,,,
136,68.0,37,1,1,False,,,,,
136,68.0,38,1,1,False,,,,,
136,68.0,39,1,1,False,,,,,
137,68.5,0,1,1,False,,,,,
137,68.5,1,1,1,False,,,,,
137,68.5,2,1,1,False,,,,,
137,68.5,3,1,1,False,,,,,
137,68.5,4,1,1,False,,,,,
137,68.5,5,1,1,False,,,,,
137,68.5,6,1,1,False,,,,,
137,68.5,7,1,1,False,,,,,
137,68.5,8,1,1,False,,,,,
137,68.5,9,1,1,False,,,,,
137,68.5,10,1,1,False,,,,,
137,68.5,11,1,1,False,,,,,
137,68.5,12,1,1,False,,,,,
137,68.5,13,1,1,False,,,,,
137,68.5,14,1,1,False,,,,,
137,68.5,15,1,1,False,,,,,
137,68.5,16,1,1,False,,,,,
137,68.5,17,1,1,False,,,,,
137,68.5,18,1,1,False,,,,,
137,68.5,19,1,1,False,,,,,
137,68.5,20,1,1,False,,,,,
137,68.5,21,1,1,False,,,,,
137,68.5,22,1,1,False,,,,,
137,68.5,23,1,1,False,,,,,
137,68.5,24,1,1,False,,,,,
137,68.5,25,1,1,False,,,,,
137,68.5,26,1,1,False,,,,,
137,68.5,27,1,1,False,,,,,
137,68.5,28,1,1,False,,,,,
137,68.5,29,1,1,False,,,,,
137,68.5,30,1,1,False,,,,,
137,68.5,31,1,1,False,,,,,
137,68.5,32,1,1,False,,,,,
137,68.5,33,1,1,False,,,,,
137,68.5,34,1,1,False,,,,,
137,68.5,35,1,1,False,,,,,
137,68.5,36,1,1,False,,,,,
137,68.5,37,1,1,False,,,,,
137,68.5,38,1,1,False,,,,,
137,68.5,39,1,1,False,,,,,
138,69.0,0,1,1,False,,,,,
138,69.0,1,1,1,False,,,,,
138,69.0,2,1,1,False,,,,,
138,69.0,3,1,1,False,,,,,
138,69.0,4,1,1,False,,,,,
138,69.0,5,1,1,False,,,,,
138,69.0,6,1,1,False,,,,,
138,69.0,7,1,1,False,,,,,
138,69.0,8,1,1,False,,,,,
138,69.0,9,1,1,False,,,,,
138,69.0,10,1,1,False,,,,,
138,69.0,11,1,1,False,,,,,
138,69.0,12,1,1,False,,,,,
138,69.0,13,1,1,False,,,,,
138,69.0,14,1,1,False,,,,,
138,69.0,15,1,1,False,,,,,
138,69.0,16,1,1,False,,,,,
138,69.0,17,1,1,False,,,,,
138,69.0,18,1,1,False,,,,,
138,69.0,19,1,1,False,,,,,
138,69.0,20,1,1,False,,,,,
138,69.0,21,1,1,False,,,,,
138,69.0,22,1,1,False,,,,,
138,69.0,23,1,1,False,,,,,
138,69.0,24,1,1,False,,,,,
138,69.0,25,1,1,False,,,,,
138,69.0,26,1,1,False,,,,,
138,69.0,27,1,1,False,,,,,
138,69.0,28,1,1,False,,,,,
138,69.0,29,1,1,False,,,,,
138,69.0,30,1,1,False,,,,,
138,69.0,31,1,1,False,,,,,
138,69.0,32,1,1,False,,,,,
138,69.0,33,1,1,False,,,,,
138,69.0,34,1,1,False,,,,,
138,69.0,35,1,1,False,,,,,
138,69.0,36,1,1,False,,,,,
138,69.0,37,1,1,False,,,,,
138,69.0,38,1,1,False,,,,,
138,69.0,39,1,1,False,,,,,
139,69.5,0,1,1,False,,,,,
139,69.5,1,1,1,False,,,,,
139,69.5,2,1,1,False,,,,,
139,69.5,3,1,1,False,,,,,
139,69.5,4,1,1,False,,,,,
139,69.5,5,1,1,False,,,,,
139,69.5,6,1,1,False,,,,,
139,69.5,7,1,1,False,,,,,
139,69.5,8,1,1,False,,,,,
139,69.5,9,1,1,False,,,,,
139,69.5,10,1,1,False,,,,,
139,69.5,11,1,1,False,,,,,
139,69.5,12,1,1,False,,,,,
139,69.5,13,1,1,False,,,,,
139,69.5,14,1,1,False,,,,,
139,69.5,15,1,1,False,,,,,
139,69.5,16,1,1,False,,,,,
139,69.5,17,1,1,False,,,,,
139,69.5,18,1,1,False,,,,,
139,69.5,19,1,1,False,,,,,
139,69.5,20,1,1,False,,,,,
139,69.5,21,1,1,False,,,,,
139,69.5,22,1,1,False,,,,,
139,69.5,23,1,1,False,,,,,
139,69.5,24,1,1,False,,,,,
139,69.5,25,1,1,False,,,,,
139,69.5,26,1,1,False,,,,,
139,69.5,27,1,1,False,,,,,
139,69.5,28,1,1,False,,,,,
139,69.5,29,1,1,False,,,,,
139,69.5,30,1,1,False,,,,,
139,69.5,31,1,1,False,,,,,
139,69.5,32,1,1,False,,,,,
139,69.5,33,1,1,False,,,,,
139,69.5,34,1,1,False,,,,,
139,69.5,35,1,1,False,,,,,
139,69.5,36,1,1,False,,,,,
139,69.5,37,1,1,False,,,,,
139,69.5,38,1,1,False,,,,,
139,69.5,39,1,1,False,,,,,
140,70.0,0,1,1,False,,,,,
140,70.0,1,1,1,False,,,,,
140,70.0,2,1,1,False,,,,,
140,70.0,3,1,1,False,,,,,
140,70.0,4,1,1,False,,,,,
140,70.0,5,1,1,False,,,,,
140,70.0,6,1,1,False,,,,,
140,70.0,7,1,1,False,,,,,
140,70.0,8,1,1,False,,,,,
140,70.0,9,1,1,False,,,,,
140,70.0,10,1,1,False,,,,,
140,70.0,11,1,1,False,,,,,
140,70.0,12,1,1,False,,,,,
140,70.0,13,1,1,False,,,,,
140,70.0,14,1,1,False,,,,,
140,70.0,15,1,1,False,,,,,
140,70.0,16,1,1,False,,,,,
140,70.0,17,1,1,False,,,,,
140,70.0,18,1,1,False,,,,,
140,70.0,19,1,1,False,,,,,
140,70.0,20,1,1,False,,,,,
140,70.0,21,1,1,False,,,,,
140,70.0,22,1,1,False,,,,,
140,70.0,23,1,1,False,,,,,
140,70.0,24,1,1,False,,,,,
140,70.0,25,1,1,False,,,,,
140,70.0,26,1,1,False,,,,,
140,70.0,27,1,1,False,,,,,
140,70.0,28,1,1,False,,,,,
140,70.0,29,1,1,False,,,,,
140,70.0,30,1,1,False,,,,,
140,70.0,31,1,1,False,,,,,
140,70.0,32,1,1,False,,,,,
140,70.0,33,1,1,False,,,,,
140,70.0,34,1,1,False,,,,,
140,70.0,35,1,1,False,,,,,
140,70.0,36,1,1,False,,,,,
140,70.0,37,1,1,False,,,,,
140,70.0,38,1,1,False,,,,,
140,70.0,39,1,1,False,,,,,
141,70.5,0,1,1,False,,,,,
141,70.5,1,1,1,False,,,,,
141,70.5,2,1,1,False,,,,,
141,70.5,3,1,1,False,,,,,
141,70.5,4,1,1,False,,,,,
141,70.5,5,1,1,False,,,,,
141,70.5,6,1,1,False,,,,,
141,70.5,7,1,1,False,,,,,
141,70.5,8,1,1,False,,,,,
141,70.5,9,1,1,False,,,,,
141,70.5,10,1,1,False,,,,,
141,70.5,11,1,1,False,,,,,
141,70.5,12,1,1,False,,,,,
141,70.5,13,1,1,False,,,,,
141,70.5,14,1,1,False,,,,,
141,70.5,15,1,1,False,,,,,
141,70.5,16,1,1,False,,,,,
141,70.5,17,1,1,False,,,,,
141,70.5,18,1,1,False,,,,,
141,70.5,19,1,1,False,,,,,
141,70.5,20,1,1,False,,,,,
141,70.5,21,1,1,False,,,,,
141,70.5,22,1,1,False,,,,,
141,70.5,23,1,1,False,,,,,
141,70.5,24,1,1,False,,,,,
141,70.5,25,1,1,False,,,,,
141,70.5,26,1,1,False,,,,,
141,70.5,27,1,1,False,,,,,
141,70.5,28,1,1,False,,,,,
141,70.5,29,1,1,False,,,,,
141,70.5,30,1,1,False,,,,,
141,70.5,31,1,1,False,,,,,
141,70.5,32,1,1,False,,,,,
141,70.5,33,1,1,False,,,,,
141,70.5,34,1,1,False,,,,,
141,70.5,35,1,1,False,,,,,
141,70.5,36,1,1,False,,,,,
141,70.5,37,1,1,False,,,,,
141,70.5,38,1,1,False,,,,,
141,70.5,39,1,1,False,,,,,
142,71.0,0,1,1,False,,,,,
142,71.0,1,1,1,False,,,,,
142,71.0,2,1,1,False,,,,,
142,71.0,3,1,1,False,,,,,
142,71.0,4,1,1,False,,,,,
142,71.0,5,1,1,False,,,,,
142,71.0,6,1,1,False,,,,,
142,71.0,7,1,1,False,,,,,
142,71.0,8,1,1,False,,,,,
142,71.0,9,1,1,False,,,,,
142,71.0,10,1,1,False,,,,,
142,71.0,11,1,1,False,,,,,
142,71.0,12,1,1,False,,,,,
142,71.0,13,1,1,False,,,,,
142,71.0,14,1,1,False,,,,,
142,71.0,15,1,1,False,,,,,
142,71.0,16,1,1,False,,,,,
142,71.0,17,1,1,False,,,,,
142,71.0,18,1,1,False,,,,,
142,71.0,19,1,1,False,,,,,
142,71.0,20,1,1,False,,,,,
142,71.0,21,1,1,False,,,,,
142,71.0,22,1,1,False,,,,,
142,71.0,23,1,1,False,,,,,
142,71.0,24,1,1,False,,,,,
142,71.0,25,1,1,False,,,,,
142,71.0,26,1,1,False,,,,,
142,71.0,27,1,1,False,,,,,
142,71.0,28,1,1,False,,,,,
142,71.0,29,1,1,False,,,,,
142,71.0,30,1,1,False,,,,,
142,71.0,31,1,1,False,,,,,
142,71.0,32,1,1,False,,,,,
142,71.0,33,1,1,False,,,,,
142,71.0,34,1,1,False,,,,,
142,71.0,35,1,1,False,,,,,
142,71.0,36,1,1,False,,,,,
142,71.0,37,1,1,False,,,,,
142,71.0,38,1,1,False,,,,,
142,71.0,39,1,1,False,,,,,
143,71.5,0,1,1,False,,,,,
143,71.5,1,1,1,False,,,,,
143,71.5,2,1,1,False,,,,,
143,71.5,3,1,1,False,,,,,
143,71.5,4,1,1,False,,,,,
143,71.5,5,1,1,False,,,,,
143,71.5,6,1,1,False,,,,,
143,71.5,7,1,1,False,,,,,
143,71.5,8,1,1,False,,,,,
143,71.5,9,1,1,False,,,,,
143,71.5,10,1,1,False,,,,,
143,71.5,11,1,1,False,,,,,
143,71.5,12,1,1,False,,,,,
143,71.5,13,1,1,False,,,,,
143,71.5,14,1,1,False,,,,,
143,71.5,15,1,1,False,,,,,
143,71.5,16,1,1,False,,,,,
143,71.5,17,1,1,False,,,,,
143,71.5,18,1,1,False,,,,,
143,71.5,19,1,1,False,,,,,
143,71.5,20,1,1,False,,,,,
143,71.5,21,1,1,False,,,,,
143,71.5,22,1,1,False,,,,,
143,71.5,23,1,1,False,,,,,
143,71.5,24,1,1,False,,,,,
143,71.5,25,1,1,False,,,,,
143,71.5,26,1,1,False,,,,,
143,71.5,27,1,1,False,,,,,
143,71.5,28,1,1,False,,,,,
143,71.5,29,1,1,False,,,,,
143,71.5,30,1,1,False,,,,,
143,71.5,31,1,1,False,,,,,
143,71.5,32,1,1,False,,,,,
143,71.5,33,1,1,False,,,,,
143,71.5,34,1,1,False,,,,,
143,71.5,35,1,1,False,,,,,
143,71.5,36,1,1,False,,,,,
143,71.5,37,1,1,False,,,,,
143,71.5,38,1,1,False,,,,,
143,71.5,39,1,1,False,,,,,
144,72.0,0,1,1,False,,,,,
144,72.0,1,1,1,False,,,,,
144,72.0,2,1,1,False,,,,,
144,72.0,3,1,1,False,,,,,
144,72.0,4,1,1,False,,,,,
144,72.0,5,1,1,False,,,,,
144,72.0,6,1,1,False,,,,,
144,72.0,7,1,1,False,,,,,
144,72.0,8,1,1,False,,,,,
144,72.0,9,1,1,False,,,,,
144,72.0,10,1,1,False,,,,,
144,72.0,11,1,1,False,,,,,
144,72.0,12,1,1,False,,,,,
144,72.0,13,1,1,False,,,,,
144,72.0,14,1,1,False,,,,,
144,72.0,15,1,1,False,,,,,
144,72.0,16,1,1,False,,,,,
144,72.0,17,1,1,False,,,,,
144,72.0,18,1,1,False,,,,,
144,72.0,19,1,1,False,,,,,
144,72.0,20,1,1,False,,,,,
144,72.0,21,1,1,False,,,,,
144,72.0,22,1,1,False,,,,,
144,72.0,23,1,1,False,,,,,
144,72.0,24,1,1,False,,,,,
144,72.0,25,1,1,False,,,,,
144,72.0,26,1,1,False,,,,,
144,72.0,27,1,1,False,,,,,
144,72.0,28,1,1,False,,,,,
144,72.0,29,1,1,False,,,,,
144,72.0,30,1,1,False,,,,,
144,72.0,31,1,1,False,,,,,
144,72.0,32,1,1,False,,,,,
144,72.0,33,1,1,False,,,,,
144,72.0,34,1,1,False,,,,,
144,72.0,35,1,1,False,,,,,
144,72.0,36,1,1,False,,,,,
144,72.0,37,1,1,False,,,,,
144,72.0,38,1,1,False,,,,,
144,72.0,39,1,1,False,,,,,
145,72.5,0,1,1,False,,,,,
145,72.5,1,1,1,False,,,,,
145,72.5,2,1,1,False,,,,,
145,72.5,3,1,1,False,,,,,
145,72.5,4,1,1,False,,,,,
145,72.5,5,1,1,False,,,,,
145,72.5,6,1,1,False,,,,,
145,72.5,7,1,1,False,,,,,
145,72.5,8,1,1,False,,,,,
145,72.5,9,1,1,False,,,,,
145,72.5,10,1,1,False,,,,,
145,72.5,11,1,1,False,,,,,
145,72.5,12,1,1,False,,,,,
145,72.5,13,1,1,False,,,,,
145,72.5,14,1,1,False,,,,,
145,72.5,15,1,1,False,,,,,
145,72.5,16,1,1,False,,,,,
145,72.5,17,1,1,False,,,,,
145,72.5,18,1,1,False,,,,,
145,72.5,19,1,1,False,,,,,
145,72.5,20,1,1,False,,,,,
145,72.5,21,1,1,False,,,,,
145,72.5,22,1,1,False,,,,,
145,72.5,23,1,1,False,,,,,
145,72.5,24,1,1,False,,,,,
145,72.5,25,1,1,False,,,,,
145,72.5,26,1,1,False,,,,,
145,72.5,27,1,1,False,,,,,
145,72.5,28,1,1,False,,,,,
145,72.5,29,1,1,False,,,,,
145,72.5,30,1,1,False,,,,,
145,72.5,31,1,1,False,,,,,
145,72.5,32,1,1,False,,,,,
145,72.5,33,1,1,False,,,,,
145,72.5,34,1,1,False,,,,,
145,72.5,35,1,1,False,,,,,
145,72.5,36,1,1,False,,,,,
145,72.5,37,1,1,False,,,,,
145,72.5,38,1,1,False,,,,,
145,72.5,39,1,1,False,,,,,
146,73.0,0,1,1,False,,,,,
146,73.0,1,1,1,False,,,,,
146,73.0,2,1,1,False,,,,,
146,73.0,3,1,1,False,,,,,
146,73.0,4,1,1,False,,,,,
146,73.0,5,1,1,False,,,,,
146,73.0,6,1,1,False,,,,,
146,73.0,7,1,1,False,,,,,
146,73.0,8,1,1,False,,,,,
146,73.0,9,1,1,False,,,,,
146,73.0,10,1,1,False,,,,,
146,73.0,11,1,1,False,,,,,
146,73.0,12,1,1,False,,,,,
146,73.0,13,1,1,False,,,,,
146,73.0,14,1,1,False,,,,,
146,73.0,15,1,1,False,,,,,
146,73.0,16,1,1,False,,,,,
146,73.0,17,1,1,False,,,,,
146,73.0,18,1,1,False,,,,,
146,73.0,19,1,1,False,,,,,
146,73.0,20,1,1,False,,,,,
146,73.0,21,1,1,False,,,,,
146,73.0,22,1,1,False,,,,,
146,73.0,23,1,1,False,,,,,
146,73.0,24,1,1,False,,,,,
146,73.0,25,1,1,False,,,,,
146,73.0,26,1,1,False,,,,,
146,73.0,27,1,1,False,,,,,
146,73.0,28,1,1,False,,,,,
146,73.0,29,1,1,False,,,,,
146,73.0,30,1,1,False,,,,,
146,73.0,31,1,1,False,,,,,
146,73.0,32,1,1,False,,,,,
146,73.0,33,1,1,False,,,,,
146,73.0,34,1,1,False,,,,,
146,73.0,35,1,1,False,,,,,
146,73.0,36,1,1,False,,,,,
146,73.0,37,1,1,False,,,,,
146,73.0,38,1,1,False,,,,,
146,73.0,39,1,1,False,,,,,
147,73.5,0,1,1,False,,,,,
147,73.5,1,1,1,False,,,,,
147,73.5,2,1,1,False,,,,,
147,73.5,3,1,1,False,,,,,
147,73.5,4,1,1,False,,,,,
147,73.5,5,1,1,False,,,,,
147,73.5,6,1,1,False,,,,,
147,73.5,7,1,1,False,,,,,
147,73.5,8,1,1,False,,,,,
147,73.5,9,1,1,False,,,,,
147,73.5,10,1,1,False,,,,,
147,73.5,11,1,1,False,,,,,
147,73.5,12,1,1,False,,,,,
147,73.5,13,1,1,False,,,,,
147,73.5,14,1,1,False,,,,,
147,73.5,15,1,1,False,,,,,
147,73.5,16,1,1,False,,,,,
147,73.5,17,1,1,False,,,,,
147,73.5,18,1,1,False,,,,,
147,73.5,19,1,1,False,,,,,
147,73.5,20,1,1,False,,,,,
147,73.5,21,1,1,False,,,,,
147,73.5,22,1,1,False,,,,,
147,73.5,23,1,1,False,,,,,
147,73.5,24,1,1,False,,,,,
147,73.5,25,1,1,False,,,,,
147,73.5,26,1,1,False,,,,,
147,73.5,27,1,1,False,,,,,
147,73.5,28,1,1,False,,,,,
147,73.5,29,1,1,False,,,,,
147,73.5,30,1,1,False,,,,,
147,73.5,31,1,1,False,,,,,
147,73.5,32,1,1,False,,,,,
147,73.5,33,1,1,False,,,,,
147,73.5,34,1,1,False,,,,,
147,73.5,35,1,1,False,,,,,
147,73.5,36,1,1,False,,,,,
147,73.5,37,1,1,False,,,,,
147,73.5,38,1,1,False,,,,,
147,73.5,39,1,1,False,,,,,
148,74.0,0,1,1,False,,,,,
148,74.0,1,1,1,False,,,,,
148,74.0,2,1,1,False,,,,,
148,74.0,3,1,1,False,,,,,
148,74.0,4,1,1,False,,,,,
148,74.0,5,1,1,False,,,,,
148,74.0,6,1,1,False,,,,,
148,74.0,7,1,1,False,,,,,
148,74.0,8,1,1,False,,,,,
148,74.0,9,1,1,False,,,,,
148,74.0,10,1,1,False,,,,,
148,74.0,11,1,1,False,,,,,
148,74.0,12,1,1,False,,,,,
148,74.0,13,1,1,False,,,,,
148,74.0,14,1,1,False,,,,,
148,74.0,15,1,1,False,,,,,
148,74.0,16,1,1,False,,,,,
148,74.0,17,1,1,False,,,,,
148,74.0,18,1,1,False,,,,,
148,74.0,19,1,1,False,,,,,
148,74.0,20,1,1,False,,,,,
148,74.0,21,1,1,False,,,,,
148,74.0,22,1,1,False,,,,,
148,74.0,23,1,1,False,,,,,
148,74.0,24,1,1,False,,,,,
148,74.0,25,1,1,False,,,,,
148,74.0,26,1,1,False,,,,,
148,74.0,27,1,1,False,,,,,
148,74.0,28,1,1,False,,,,,
148,74.0,29,1,1,False,,,,,
148,74.0,30,1,1,False,,,,,
148,74.0,31,1,1,False,,,,,
148,74.0,32,1,1,False,,,,,
148,74.0,33,1,1,False,,,,,
148,74.0,34,1,1,False,,,,,
148,74.0,35,1,1,False,,,,,
148,74.0,36,1,1,False,,,,,
148,74.0,37,1,1,False,,,,,
148,74.0,38,1,1,False,,,,,
148,74.0,39,1,1,False,,,,,
149,74.5,0,1,1,False,,,,,
149,74.5,1,1,1,False,,,,,
149,74.5,2,1,1,False,,,,,
149,74.5,3,1,1,False,,,,,
149,74.5,4,1,1,False,,,,,
149,74.5,5,1,1,False,,,,,
149,74.5,6,1,1,False,,,,,
149,74.5,7,1,1,False,,,,,
149,74.5,8,1,1,False,,,,,
149,74.5,9,1,1,False,,,,,
149,74.5,10,1,1,False,,,,,
149,74.5,11,1,1,False,,,,,
149,74.5,12,1,1,False,,,,,
149,74.5,13,1,1,False,,,,,
149,74.5,14,1,1,False,,,,,
149,74.5,15,1,1,False,,,,,
149,74.5,16,1,1,False,,,,,
149,74.5,17,1,1,False,,,,,
149,74.5,18,1,1,False,,,,,
149,74.5,19,1,1,False,,,,,
149,74.5,20,1,1,False,,,,,
149,74.5,21,1,1,False,,,,,
149,74.5,22,1,1,False,,,,,
149,74.5,23,1,1,False,,,,,
149,74.5,24,1,1,False,,,,,
149,74.5,25,1,1,False,,,,,
149,74.5,26,1,1,False,,,,,
149,74.5,27,1,1,False,,,,,
149,74.5,28,1,1,False,,,,,
149,74.5,29,1,1,False,,,,,
149,74.5,30,1,1,False,,,,,
149,74.5,31,1,1,False,,,,,
149,74.5,32,1,1,False,,,,,
149,74.5,33,1,1,False,,,,,
149,74.5,34,1,1,False,,,,,
149,74.5,35,1,1,False,,,,,
149,74.5,36,1,1,False,,,,,
149,74.5,37,1,1,False,,,,,
149,74.5,38,1,1,False,,,,,
149,74.5,39,1,1,False,,,,,
150,75.0,0,1,1,False,,,,,
150,75.0,1,1,1,False,,,,,
150,75.0,2,1,1,False,,,,,
150,75.0,3,1,1,False,,,,,
150,75.0,4,1,1,False,,,,,
150,75.0,5,1,1,False,,,,,
150,75.0,6,1,1,False,,,,,
150,75.0,7,1,1,False,,,,,
150,75.0,8,1,1,False,,,,,
150,75.0,9,1,1,False,,,,,
150,75.0,10,1,1,False,,,,,
150,75.0,11,1,1,False,,,,,
150,75.0,12,1,1,False,,,,,
150,75.0,13,1,1,False,,,,,
150,75.0,14,1,1,False,,,,,
150,75.0,15,1,1,False,,,,,
150,75.0,16,1,1,False,,,,,
150,75.0,17,1,1,False,,,,,
150,75.0,18,1,1,False,,,,,
150,75.0,19,1,1,False,,,,,
150,75.0,20,1,1,False,,,,,
150,75.0,21,1,1,False,,,,,
150,75.0,22,1,1,False,,,,,
150,75.0,23,1,1,False,,,,,
150,75.0,24,1,1,False,,,,,
150,75.0,25,1,1,False,,,,,
150,75.0,26,1,1,False,,,,,
150,75.0,27,1,1,False,,,,,
150,75.0,28,1,1,False,,,,,
150,75.0,29,1,1,False,,,,,
150,75.0,30,1,1,False,,,,,
150,75.0,31,1,1,False,,,,,
150,75.0,32,1,1,False,,,,,
150,75.0,33,1,1,False,,,,,
150,75.0,34,1,1,False,,,,,
150,75.0,35,1,1,False,,,,,
150,75.0,36,1,1,False,,,,,
150,75.0,37,1,1,False,,,,,
150,75.0,38,1,1,False,,,,,
150,75.0,39,1,1,False,,,,,
151,75.5,0,1,1,False,,,,,
151,75.5,1,1,1,False,,,,,
151,75.5,2,1,1,False,,,,,
151,75.5,3,1,1,False,,,,,
151,75.5,4,1,1,False,,,,,
151,75.5,5,1,1,False,,,,,
151,75.5,6,1,1,False,,,,,
151,75.5,7,1,1,False,,,,,
151,75.5,8,1,1,False,,,,,
151,75.5,9,1,1,False,,,,,
151,75.5,10,1,1,False,,,,,
151,75.5,11,1,1,False,,,,,
151,75.5,12,1,1,False,,,,,
151,75.5,13,1,1,False,,,,,
151,75.5,14,1,1,False,,,,,
151,75.5,15,1,1,False,,,,,
151,75.5,16,1,1,False,,,,,
151,75.5,17,1,1,False,,,,,
151,75.5,18,1,1,False,,,,,
151,75.5,19,1,1,False,,,,,
151,75.5,20,1,1,False,,,,,
151,75.5,21,1,1,False,,,,,
151,75.5,22,1,1,False,,,,,
151,75.5,23,1,1,False,,,,,
151,75.5,24,1,1,False,,,,,
151,75.5,25,1,1,False,,,,,
151,75.5,26,1,1,False,,,,,
151,75.5,27,1,1,False,,,,,
151,75.5,28,1,1,False,,,,,
151,75.5,29,1,1,False,,,,,
151,75.5,30,1,1,False,,,,,
151,75.5,31,1,1,False,,,,,
151,75.5,32,1,1,False,,,,,
151,75.5,33,1,1,False,,,,,
151,75.5,34,1,1,False,,,,,
151,75.5,35,1,1,False,,,,,
151,75.5,36,1,1,False,,,,,
151,75.5,37,1,1,False,,,,,
151,75.5,38,1,1,False,,,,,
151,75.5,39,1,1,False,,,,,
152,76.0,0,1,1,False,,,,,
152,76.0,1,1,1,False,,,,,
152,76.0,2,1,1,False,,,,,
152,76.0,3,1,1,False,,,,,
152,76.0,4,1,1,False,,,,,
152,76.0,5,1,1,False,,,,,
152,76.0,6,1,1,False,,,,,
152,76.0,7,1,1,False,,,,,
152,76.0,8,1,1,False,,,,,
152,76.0,9,1,1,False,,,,,
152,76.0,10,1,1,False,,,,,
152,76.0,11,1,1,False,,,,,
152,76.0,12,1,1,False,,,,,
152,76.0,13,1,1,False,,,,,
152,76.0,14,1,1,False,,,,,
152,76.0,15,1,1,False,,,,,
152,76.0,16,1,1,False,,,,,
152,76.0,17,1,1,False,,,,,
152,76.0,18,1,1,False,,,,,
152,76.0,19,1,1,False,,,,,
152,76.0,20,1,1,False,,,,,
152,76.0,21,1,1,False,,,,,
152,76.0,22,1,1,False,,,,,
152,76.0,23,1,1,False,,,,,
152,76.0,24,1,1,False,,,,,
152,76.0,25,1,1,False,,,,,
152,76.0,26,1,1,False,,,,,
152,76.0,27,1,1,False,,,,,
152,76.0,28,1,1,False,,,,,
152,76.0,29,1,1,False,,,,,
152,76.0,30,1,1,False,,,,,
152,76.0,31,1,1,False,,,,,
152,76.0,32,1,1,False,,,,,
152,76.0,33,1,1,False,,,,,
152,76.0,34,1,1,False,,,,,
152,76.0,35,1,1,False,,,,,
152,76.0,36,1,1,False,,,,,
152,76.0,37,1,1,False,,,,,
152,76.0,38,1,1,False,,,,,
152,76.0,39,1,1,False,,,,,
153,76.5,0,1,1,False,,,,,
153,76.5,1,1,1,False,,,,,
153,76.5,2,1,1,False,,,,,
153,76.5,3,1,1,False,,,,,
153,76.5,4,1,1,False,,,,,
153,76.5,5,1,1,False,,,,,
153,76.5,6,1,1,False,,,,,
153,76.5,7,1,1,False,,,,,
153,76.5,8,1,1,False,,,,,
153,76.5,9,1,1,False,,,,,
153,76.5,10,1,1,False,,,,,
153,76.5,11,1,1,False,,,,,
153,76.5,12,1,1,False,,,,,
153,76.5,13,1,1,False,,,,,
153,76.5,14,1,1,False,,,,,
153,76.5,15,1,1,False,,,,,
153,76.5,16,1,1,False,,,,,
153,76.5,17,1,1,False,,,,,
153,76.5,18,1,1,False,,,,,
153,76.5,19,1,1,False,,,,,
153,76.5,20,1,1,False,,,,,
153,76.5,21,1,1,False,,,,,
153,76.5,22,1,1,False,,,,,
153,76.5,23,1,1,False,,,,,
153,76.5,24,1,1,False,,,,,
153,76.5,25,1,1,False,,,,,
153,76.5,26,1,1,False,,,,,
153,76.5,27,1,1,False,,,,,
153,76.5,28,1,1,False,,,,,
153,76.5,29,1,1,False,,,,,
153,76.5,30,1,1,False,,,,,
153,76.5,31,1,1,False,,,,,
153,76.5,32,1,1,False,,,,,
153,76.5,33,1,1,False,,,,,
153,76.5,34,1,1,False,,,,,
153,76.5,35,1,1,False,,,,,
153,76.5,36,1,1,False,,,,,
153,76.5,37,1,1,False,,,,,
153,76.5,38,1,1,False,,,,,
153,76.5,39,1,1,False,,,,,
154,77.0,0,1,1,False,,,,,
154,77.0,1,1,1,False,,,,,
154,77.0,2,1,1,False,,,,,
154,77.0,3,1,1,False,,,,,
154,77.0,4,1,1,False,,,,,
154,77.0,5,1,1,False,,,,,
154,77.0,6,1,1,False,,,,,
154,77.0,7,1,1,False,,,,,
154,77.0,8,1,1,False,,,,,
154,77.0,9,1,1,False,,,,,
154,77.0,10,1,1,False,,,,,
154,77.0,11,1,1,False,,,,,
154,77.0,12,1,1,False,,,,,
154,77.0,13,1,1,False,,,,,
154,77.0,14,1,1,False,,,,,
154,77.0,15,1,1,False,,,,,
154,77.0,16,1,1,False,,,,,
154,77.0,17,1,1,False,,,,,
154,77.0,18,1,1,False,,,,,
154,77.0,19,1,1,False,,,,,
154,77.0,20,1,1,False,,,,,
154,77.0,21,1,1,False,,,,,
154,77.0,22,1,1,False,,,,,
154,77.0,23,1,1,False,,,,,
154,77.0,24,1,1,False,,,,,
154,77.0,25,1,1,False,,,,,
154,77.0,26,1,1,False,,,,,
154,77.0,27,1,1,False,,,,,
154,77.0,28,1,1,False,,,,,
154,77.0,29,1,1,False,,,,,
154,77.0,30,1,1,False,,,,,
154,77.0,31,1,1,False,,,,,
154,77.0,32,1,1,False,,,,,
154,77.0,33,1,1,False,,,,,
154,77.0,34,1,1,False,,,,,
154,77.0,35,1,1,False,,,,,
154,77.0,36,1,1,False,,,,,
154,77.0,37,1,1,False,,,,,
154,77.0,38,1,1,False,,,,,
154,77.0,39,1,1,False,,,,,
155,77.5,0,1,1,False,,,,,
155,77.5,1,1,1,False,,,,,
155,77.5,2,1,1,False,,,,,
155,77.5,3,1,1,False,,,,,
155,77.5,4,1,1,False,,,,,
155,77.5,5,1,1,False,,,,,
155,77.5,6,1,1,False,,,,,
155,77.5,7,1,1,False,,,,,
155,77.5,8,1,1,False,,,,,
155,77.5,9,1,1,False,,,,,
155,77.5,10,1,1,False,,,,,
155,77.5,11,1,1,False,,,,,
155,77.5,12,1,1,False,,,,,
155,77.5,13,1,1,False,,,,,
155,77.5,14,1,1,False,,,,,
155,77.5,15,1,1,False,,,,,
155,77.5,16,1,1,False,,,,,
155,77.5,17,1,1,False,,,,,
155,77.5,18,1,1,False,,,,,
155,77.5,19,1,1,False,,,,,
155,77.5,20,1,1,False,,,,,
155,77.5,21,1,1,False,,,,,
155,77.5,22,1,1,False,,,,,
155,77.5,23,1,1,False,,,,,
155,77.5,24,1,1,False,,,,,
155,77.5,25,1,1,False,,,,,
155,77.5,26,1,1,False,,,,,
155,77.5,27,1,1,False,,,,,
155,77.5,28,1,1,False,,,,,
155,77.5,29,1,1,False,,,,,
155,77.5,30,1,1,False,,,,,
155,77.5,31,1,1,False,,,,,
155,77.5,32,1,1,False,,,,,
155,77.5,33,1,1,False,,,,,
155,77.5,34,1,1,False,,,,,
155,77.5,35,1,1,False,,,,,
155,77.5,36,1,1,False,,,,,
155,77.5,37,1,1,False,,,,,
155,77.5,38,1,1,False,,,,,
155,77.5,39,1,1,False,,,,,
156,78.0,0,1,1,False,,,,,
156,78.0,1,1,1,False,,,,,
156,78.0,2,1,1,False,,,,,
156,78.0,3,1,1,False,,,,,
156,78.0,4,1,1,False,,,,,
156,78.0,5,1,1,False,,,,,
156,78.0,6,1,1,False,,,,,
156,78.0,7,1,1,False,,,,,
156,78.0,8,1,1,False,,,,,
156,78.0,9,1,1,False,,,,,
156,78.0,10,1,1,False,,,,,
156,78.0,11,1,1,False,,,,,
156,78.0,12,1,1,False,,,,,
156,78.0,13,1,1,False,,,,,
156,78.0,14,1,1,False,,,,,
156,78.0,15,1,1,False,,,,,
156,78.0,16,1,1,False,,,,,
156,78.0,17,1,1,False,,,,,
156,78.0,18,1,1,False,,,,,
156,78.0,19,1,1,False,,,,,
156,78.0,20,1,1,False,,,,,
156,78.0,21,1,1,False,,,,,
156,78.0,22,1,1,False,,,,,
156,78.0,23,1,1,False,,,,,
156,78.0,24,1,1,False,,,,,
156,78.0,25,1,1,False,,,,,
156,78.0,26,1,1,False,,,,,
156,78.0,27,1,1,False,,,,,
156,78.0,28,1,1,False,,,,,
156,78.0,29,1,1,False,,,,,
156,78.0,30,1,1,False,,,,,
156,78.0,31,1,1,False,,,,,
156,78.0,32,1,1,False,,,,,
156,78.0,33,1,1,False,,,,,
156,78.0,34,1,1,False,,,,,
156,78.0,35,1,1,False,,,,,
156,78.0,36,1,1,False,,,,,
156,78.0,37,1,1,False,,,,,
156,78.0,38,1,1,False,,,,,
156,78.0,39,1,1,False,,,,,
157,78.5,0,1,1,False,,,,,
157,78.5,1,1,1,False,,,,,
157,78.5,2,1,1,False,,,,,
157,78.5,3,1,1,False,,,,,
157,78.5,4,1,1,False,,,,,
157,78.5,5,1,1,False,,,,,
157,78.5,6,1,1,False,,,,,
157,78.5,7,1,1,False,,,,,
157,78.5,8,1,1,False,,,,,
157,78.5,9,1,1,False,,,,,
157,78.5,10,1,1,False,,,,,
157,78.5,11,1,1,False,,,,,
157,78.5,12,1,1,False,,,,,
157,78.5,13,1,1,False,,,,,
157,78.5,14,1,1,False,,,,,
157,78.5,15,1,1,False,,,,,
157,78.5,16,1,1,False,,,,,
157,78.5,17,1,1,False,,,,,
157,78.5,18,1,1,False,,,,,
157,78.5,19,1,1,False,,,,,
157,78.5,20,1,1,False,,,,,
157,78.5,21,1,1,False,,,,,
157,78.5,22,1,1,False,,,,,
157,78.5,23,1,1,False,,,,,
157,78.5,24,1,1,False,,,,,
157,78.5,25,1,1,False,,,,,
157,78.5,26,1,1,False,,,,,
157,78.5,27,1,1,False,,,,,
157,78.5,28,1,1,False,,,,,
157,78.5,29,1,1,False,,,,,
157,78.5,30,1,1,False,,,,,
157,78.5,31,1,1,False,,,,,
157,78.5,32,1,1,False,,,,,
157,78.5,33,1,1,False,,,,,
157,78.5,34,1,1,False,,,,,
157,78.5,35,1,1,False,,,,,
157,78.5,36,1,1,False,,,,,
157,78.5,37,1,1,False,,,,,
157,78.5,38,1,1,False,,,,,
157,78.5,39,1,1,False,,,,,
158,79.0,0,1,1,False,,,,,
158,79.0,1,1,1,False,,,,,
158,79.0,2,1,1,False,,,,,
158,79.0,3,1,1,False,,,,,
158,79.0,4,1,1,False,,,,,
158,79.0,5,1,1,False,,,,,
158,79.0,6,1,1,False,,,,,
158,79.0,7,1,1,False,,,,,
158,79.0,8,1,1,False,,,,,
158,79.0,9,1,1,False,,,,,
158,79.0,10,1,1,False,,,,,
158,79.0,11,1,1,False,,,,,
158,79.0,12,1,1,False,,,,,
158,79.0,13,1,1,False,,,,,
158,79.0,14,1,1,False,,,,,
158,79.0,15,1,1,False,,,,,
158,79.0,16,1,1,False,,,,,
158,79.0,17,1,1,False,,,,,
158,79.0,18,1,1,False,,,,,
158,79.0,19,1,1,False,,,,,
158,79.0,20,1,1,False,,,,,
158,79.0,21,1,1,False,,,,,
158,79.0,22,1,1,False,,,,,
158,79.0,23,1,1,False,,,,,
158,79.0,24,1,1,False,,,,,
158,79.0,25,1,1,False,,,,,
158,79.0,26,1,1,False,,,,,
158,79.0,27,1,1,False,,,,,
158,79.0,28,1,1,False,,,,,
158,79.0,29,1,1,False,,,,,
158,79.0,30,1,1,False,,,,,
158,79.0,31,1,1,False,,,,,
158,79.0,32,1,1,False,,,,,
158,79.0,33,1,1,False,,,,,
158,79.0,34,1,1,False,,,,,
158,79.0,35,1,1,False,,,,,
158,79.0,36,1,1,False,,,,,
158,79.0,37,1,1,False,,,,,
158,79.0,38,1,1,False,,,,,
158,79.0,39,1,1,False,,,,,
159,79.5,0,1,1,False,,,,,
159,79.5,1,1,1,False,,,,,
159,79.5,2,1,1,False,,,,,
159,79.5,3,1,1,False,,,,,
159,79.5,4,1,1,False,,,,,
159,79.5,5,1,1,False,,,,,
159,79.5,6,1,1,False,,,,,
159,79.5,7,1,1,False,,,,,
159,79.5,8,1,1,False,,,,,
159,79.5,9,1,1,False,,,,,
159,79.5,10,1,1,False,,,,,
159,79.5,11,1,1,False,,,,,
159,79.5,12,1,1,False,,,,,
159,79.5,13,1,1,False,,,,,
159,79.5,14,1,1,False,,,,,
159,79.5,15,1,1,False,,,,,
159,79.5,16,1,1,False,,,,,
159,79.5,17,1,1,False,,,,,
159,79.5,18,1,1,False,,,,,
159,79.5,19,1,1,False,,,,,
159,79.5,20,1,1,False,,,,,
159,79.5,21,1,1,False,,,,,
159,79.5,22,1,1,False,,,,,
159,79.5,23,1,1,False,,,,,
159,79.5,24,1,1,False,,,,,
159,79.5,25,1,1,False,,,,,
159,79.5,26,1,1,False,,,,,
159,79.5,27,1,1,False,,,,,
159,79.5,28,1,1,False,,,,,
159,79.5,29,1,1,False,,,,,
159,79.5,30,1,1,False,,,,,
159,79.5,31,1,1,False,,,,,
159,79.5,32,1,1,False,,,,,
159,79.5,33,1,1,False,,,,,
159,79.5,34,1,1,False,,,,,
159,79.5,35,1,1,False,,,,,
159,79.5,36,1,1,False,,,,,
159,79.5,37,1,1,False,,,,,
159,79.5,38,1,1,False,,,,,
159,79.5,39,1,1,False,,,,,
160,80.0,0,1,1,False,,,,,
160,80.0,1,1,1,False,,,,,
160,80.0,2,1,1,False,,,,,
160,80.0,3,1,1,False,,,,,
160,80.0,4,1,1,False,,,,,
160,80.0,5,1,1,False,,,,,
160,80.0,6,1,1,False,,,,,
160,80.0,7,1,1,False,,,,,
160,80.0,8,1,1,False,,,,,
160,80.0,9,1,1,False,,,,,
160,80.0,10,1,1,False,,,,,
160,80.0,11,1,1,False,,,,,
160,80.0,12,1,1,False,,,,,
160,80.0,13,1,1,False,,,,,
160,80.0,14,1,1,False,,,,,
160,80.0,15,1,1,False,,,,,
160,80.0,16,1,1,False,,,,,
160,80.0,17,1,1,False,,,,,
160,80.0,18,1,1,False,,,,,
160,80.0,19,1,1,False,,,,,
160,80.0,20,1,1,False,,,,,
160,80.0,21,1,1,False,,,,,
160,80.0,22,1,1,False,,,,,
160,80.0,23,1,1,False,,,,,
160,80.0,24,1,1,False,,,,,
160,80.0,25,1,1,False,,,,,
160,80.0,26,1,1,False,,,,,
160,80.0,27,1,1,False,,,,,
160,80.0,28,1,1,False,,,,,
160,80.0,29,1,1,False,,,,,
160,80.0,30,1,1,False,,,,,
160,80.0,31,1,1,False,,,,,
160,80.0,32,1,1,False,,,,,
160,80.0,33,1,1,False,,,,,
160,80.0,34,1,1,False,,,,,
160,80.0,35,1,1,False,,,,,
160,80.0,36,1,1,False,,,,,
160,80.0,37,1,1,False,,,,,
160,80.0,38,1,1,False,,,,,
160,80.0,39,1,1,False,,,,,
161,80.5,0,1,1,False,,,,,
161,80.5,1,1,1,False,,,,,
161,80.5,2,1,1,False,,,,,
161,80.5,3,1,1,False,,,,,
161,80.5,4,1,1,False,,,,,
161,80.5,5,1,1,False,,,,,
161,80.5,6,1,1,False,,,,,
161,80.5,7,1,1,False,,,,,
161,80.5,8,1,1,False,,,,,
161,80.5,9,1,1,False,,,,,
161,80.5,10,1,1,False,,,,,
161,80.5,11,1,1,False,,,,,
161,80.5,12,1,1,False,,,,,
161,80.5,13,1,1,False,,,,,
161,80.5,14,1,1,False,,,,,
161,80.5,15,1,1,False,,,,,
161,80.5,16,1,1,False,,,,,
161,80.5,17,1,1,False,,,,,
161,80.5,18,1,1,False,,,,,
161,80.5,19,1,1,False,,,,,
161,80.5,20,1,1,False,,,,,
161,80.5,21,1,1,False,,,,,
161,80.5,22,1,1,False,,,,,
161,80.5,23,1,1,False,,,,,
161,80.5,24,1,1,False,,,,,
161,80.5,25,1,1,False,,,,,
161,80.5,26,1,1,False,,,,,
161,80.5,27,1,1,False,,,,,
161,80.5,28,1,1,False,,,,,
161,80.5,29,1,1,False,,,,,
161,80.5,30,1,1,False,,,,,
161,80.5,31,1,1,False,,,,,
161,80.5,32,1,1,False,,,,,
161,80.5,33,1,1,False,,,,,
161,80.5,34,1,1,False,,,,,
161,80.5,35,1,1,False,,,,,
161,80.5,36,1,1,False,,,,,
161,80.5,37,1,1,False,,,,,
161,80.5,38,1,1,False,,,,,
161,80.5,39,1,1,False,,,,,
162,81.0,0,1,1,False,,,,,
162,81.0,1,1,1,False,,,,,
162,81.0,2,1,1,False,,,,,
162,81.0,3,1,1,False,,,,,
162,81.0,4,1,1,False,,,,,
162,81.0,5,1,1,False,,,,,
162,81.0,6,1,1,False,,,,,
162,81.0,7,1,1,False,,,,,
162,81.0,8,1,1,False,,,,,
162,81.0,9,1,1,False,,,,,
162,81.0,10,1,1,False,,,,,
162,81.0,11,1,1,False,,,,,
162,81.0,12,1,1,False,,,,,
162,81.0,13,1,1,False,,,,,
162,81.0,14,1,1,False,,,,,
162,81.0,15,1,1,False,,,,,
162,81.0,16,1,1,False,,,,,
162,81.0,17,1,1,False,,,,,
162,81.0,18,1,1,False,,,,,
162,81.0,19,1,1,False,,,,,
162,81.0,20,1,1,False,,,,,
162,81.0,21,1,1,False,,,,,
162,81.0,22,1,1,False,,,,,
162,81.0,23,1,1,False,,,,,
162,81.0,24,1,1,False,,,,,
162,81.0,25,1,1,False,,,,,
162,81.0,26,1,1,False,,,,,
162,81.0,27,1,1,False,,,,,
162,81.0,28,1,1,False,,,,,
162,81.0,29,1,1,False,,,,,
162,81.0,30,1,1,False,,,,,
162,81.0,31,1,1,False,,,,,
162,81.0,32,1,1,False,,,,,
162,81.0,33,1,1,False,,,,,
162,81.0,34,1,1,False,,,,,
162,81.0,35,1,1,False,,,,,
162,81.0,36,1,1,False,,,,,
162,81.0,37,1,1,False,,,,,
162,81.0,38,1,1,False,,,,,
162,81.0,39,1,1,False,,,,,
163,81.5,0,1,1,False,,,,,
163,81.5,1,1,1,False,,,,,
163,81.5,2,1,1,False,,,,,
163,81.5,3,1,1,False,,,,,
163,81.5,4,1,1,False,,,,,
163,81.5,5,1,1,False,,,,,
163,81.5,6,1,1,False,,,,,
163,81.5,7,1,1,False,,,,,
163,81.5,8,1,1,False,,,,,
163,81.5,9,1,1,False,,,,,
163,81.5,10,1,1,False,,,,,
163,81.5,11,1,1,False,,,,,
163,81.5,12,1,1,False,,,,,
163,81.5,13,1,1,False,,,,,
163,81.5,14,1,1,False,,,,,
163,81.5,15,1,1,False,,,,,
163,81.5,16,1,1,False,,,,,
163,81.5,17,1,1,False,,,,,
163,81.5,18,1,1,False,,,,,
163,81.5,19,1,1,False,,,,,
163,81.5,20,1,1,False,,,,,
163,81.5,21,1,1,False,,,,,
163,81.5,22,1,1,False,,,,,
163,81.5,23,1,1,False,,,,,
163,81.5,24,1,1,False,,,,,
163,81.5,25,1,1,False,,,,,
163,81.5,26,1,1,False,,,,,
163,81.5,27,1,1,False,,,,,
163,81.5,28,1,1,False,,,,,
163,81.5,29,1,1,False,,,,,
163,81.5,30,1,1,False,,,,,
163,81.5,31,1,1,False,,,,,
163,81.5,32,1,1,False,,,,,
163,81.5,33,1,1,False,,,,,
163,81.5,34,1,1,False,,,,,
163,81.5,35,1,1,False,,,,,
163,81.5,36,1,1,False,,,,,
163,81.5,37,1,1,False,,,,,
163,81.5,38,1,1,False,,,,,
163,81.5,39,1,1,False,,,,,
164,82.0,0,1,1,False,,,,,
164,82.0,1,1,1,False,,,,,
164,82.0,2,1,1,False,,,,,
164,82.0,3,1,1,False,,,,,
164,82.0,4,1,1,False,,,,,
164,82.0,5,1,1,False,,,,,
164,82.0,6,1,1,False,,,,,
164,82.0,7,1,1,False,,,,,
164,82.0,8,1,1,False,,,,,
164,82.0,9,1,1,False,,,,,
164,82.0,10,1,1,False,,,,,
164,82.0,11,1,1,False,,,,,
164,82.0,12,1,1,False,,,,,
164,82.0,13,1,1,False,,,,,
164,82.0,14,1,1,False,,,,,
164,82.0,15,1,1,False,,,,,
164,82.0,16,1,1,False,,,,,
164,82.0,17,1,1,False,,,,,
164,82.0,18,1,1,False,,,,,
164,82.0,19,1,1,False,,,,,
164,82.0,20,1,1,False,,,,,
164,82.0,21,1,1,False,,,,,
164,82.0,22,1,1,False,,,,,
164,82.0,23,1,1,False,,,,,
164,82.0,24,1,1,False,,,,,
164,82.0,25,1,1,False,,,,,
164,82.0,26,1,1,False,,,,,
164,82.0,27,1,1,False,,,,,
164,82.0,28,1,1,False,,,,,
164,82.0,29,1,1,False,,,,,
164,82.0,30,1,1,False,,,,,
164,82.0,31,1,1,False,,,,,
164,82.0,32,1,1,False,,,,,
164,82.0,33,1,1,False,,,,,
164,82.0,34,1,1,False,,,,,
164,82.0,35,1,1,False,,,,,
164,82.0,36,1,1,False,,,,,
164,82.0,37,1,1,False,,,,,
164,82.0,38,1,1,False,,,,,
164,82.0,39,1,1,False,,,,,
165,82.5,0,1,1,False,,,,,
165,82.5,1,1,1,False,,,,,
165,82.5,2,1,1,False,,,,,
165,82.5,3,1,1,False,,,,,
165,82.5,4,1,1,False,,,,,
165,82.5,5,1,1,False,,,,,
165,82.5,6,1,1,False,,,,,
165,82.5,7,1,1,False,,,,,
165,82.5,8,1,1,False,,,,,
165,82.5,9,1,1,False,,,,,
165,82.5,10,1,1,False,,,,,
165,82.5,11,1,1,False,,,,,
165,82.5,12,1,1,False,,,,,
165,82.5,13,1,1,False,,,,,
165,82.5,14,1,1,False,,,,,
165,82.5,15,1,1,False,,,,,
165,82.5,16,1,1,False,,,,,
165,82.5,17,1,1,False,,,,,
165,82.5,18,1,1,False,,,,,
165,82.5,19,1,1,False,,,,,
165,82.5,20,1,1,False,,,,,
165,82.5,21,1,1,False,,,,,
165,82.5,22,1,1,False,,,,,
165,82.5,23,1,1,False,,,,,
165,82.5,24,1,1,False,,,,,
165,82.5,25,1,1,False,,,,,
165,82.5,26,1,1,False,,,,,
165,82.5,27,1,1,False,,,,,
165,82.5,28,1,1,False,,,,,
165,82.5,29,1,1,False,,,,,
165,82.5,30,1,1,False,,,,,
165,82.5,31,1,1,False,,,,,
165,82.5,32,1,1,False,,,,,
165,82.5,33,1,1,False,,,,,
165,82.5,34,1,1,False,,,,,
165,82.5,35,1,1,False,,,,,
165,82.5,36,1,1,False,,,,,
165,82.5,37,1,1,False,,,,,
165,82.5,38,1,1,False,,,,,
165,82.5,39,1,1,False,,,,,
166,83.0,0,1,1,False,,,,,
166,83.0,1,1,1,False,,,,,
166,83.0,2,1,1,False,,,,,
166,83.0,3,1,1,False,,,,,
166,83.0,4,1,1,False,,,,,
166,83.0,5,1,1,False,,,,,
166,83.0,6,1,1,False,,,,,
166,83.0,7,1,1,False,,,,,
166,83.0,8,1,1,False,,,,,
166,83.0,9,1,1,False,,,,,
166,83.0,10,1,1,False,,,,,
166,83.0,11,1,1,False,,,,,
166,83.0,12,1,1,False,,,,,
166,83.0,13,1,1,False,,,,,
166,83.0,14,1,1,False,,,,,
166,83.0,15,1,1,False,,,,,
166,83.0,16,1,1,False,,,,,
166,83.0,17,1,1,False,,,,,
166,83.0,18,1,1,False,,,,,
166,83.0,19,1,1,False,,,,,
166,83.0,20,1,1,False,,,,,
166,83.0,21,1,1,False,,,,,
166,83.0,22,1,1,False,,,,,
166,83.0,23,1,1,False,,,,,
166,83.0,24,1,1,False,,,,,
166,83.0,25,1,1,False,,,,,
166,83.0,26,1,1,False,,,,,
166,83.0,27,1,1,False,,,,,
166,83.0,28,1,1,False,,,,,
166,83.0,29,1,1,False,,,,,
166,83.0,30,1,1,False,,,,,
166,83.0,31,1,1,False,,,,,
166,83.0,32,1,1,False,,,,,
166,83.0,33,1,1,False,,,,,
166,83.0,34,1,1,False,,,,,
166,83.0,35,1,1,False,,,,,
166,83.0,36,1,1,False,,,,,
166,83.0,37,1,1,False,,,,,
166,83.0,38,1,1,False,,,,,
166,83.0,39,1,1,False,,,,,
167,83.5,0,1,1,False,,,,,
167,83.5,1,1,1,False,,,,,
167,83.5,2,1,1,False,,,,,
167,83.5,3,1,1,False,,,,,
167,83.5,4,1,1,False,,,,,
167,83.5,5,1,1,False,,,,,
167,83.5,6,1,1,False,,,,,
167,83.5,7,1,1,False,,,,,
167,83.5,8,1,1,False,,,,,
167,83.5,9,1,1,False,,,,,
167,83.5,10,1,1,False,,,,,
167,83.5,11,1,1,False,,,,,
167,83.5,12,1,1,False,,,,,
167,83.5,13,1,1,False,,,,,
167,83.5,14,1,1,False,,,,,
167,83.5,15,1,1,False,,,,,
167,83.5,16,1,1,False,,,,,
167,83.5,17,1,1,False,,,,,
167,83.5,18,1,1,False,,,,,
167,83.5,19,1,1,False,,,,,
167,83.5,20,1,1,False,,,,,
167,83.5,21,1,1,False,,,,,
167,83.5,22,1,1,False,,,,,
167,83.5,23,1,1,False,,,,,
167,83.5,24,1,1,False,,,,,
167,83.5,25,1,1,False,,,,,
167,83.5,26,1,1,False,,,,,
167,83.5,27,1,1,False,,,,,
167,83.5,28,1,1,False,,,,,
167,83.5,29,1,1,False,,,,,
167,83.5,30,1,1,False,,,,,
167,83.5,31,1,1,False,,,,,
167,83.5,32,1,1,False,,,,,
167,83.5,33,1,1,False,,,,,
167,83.5,34,1,1,False,,,,,
167,83.5,35,1,1,False,,,,,
167,83.5,36,1,1,False,,,,,
167,83.5,37,1,1,False,,,,,
167,83.5,38,1,1,False,,,,,
167,83.5,39,1,1,False,,,,,
168,84.0,0,1,1,False,,,,,
168,84.0,1,1,1,False,,,,,
168,84.0,2,1,1,False,,,,,
168,84.0,3,1,1,False,,,,,
168,84.0,4,1,1,False,,,,,
168,84.0,5,1,1,False,,,,,
168,84.0,6,1,1,False,,,,,
168,84.0,7,1,1,False,,,,,
168,84.0,8,1,1,False,,,,,
168,84.0,9,1,1,False,,,,,
168,84.0,10,1,1,False,,,,,
168,84.0,11,1,1,False,,,,,
168,84.0,12,1,1,False,,,,,
168,84.0,13,1,1,False,,,,,
168,84.0,14,1,1,False,,,,,
168,84.0,15,1,1,False,,,,,
168,84.0,16,1,1,False,,,,,
168,84.0,17,1,1,False,,,,,
168,84.0,18,1,1,False,,,,,
168,84.0,19,1,1,False,,,,,
168,84.0,20,1,1,False,,,,,
168,84.0,21,1,1,False,,,,,
168,84.0,22,1,1,False,,,,,
168,84.0,23,1,1,False,,,,,
168,84.0,24,1,1,False,,,,,
168,84.0,25,1,1,False,,,,,
168,84.0,26,1,1,False,,,,,
168,84.0,27,1,1,False,,,,,
168,84.0,28,1,1,False,,,,,
168,84.0,29,1,1,False,,,,,
168,84.0,30,1,1,False,,,,,
168,84.0,31,1,1,False,,,,,
168,84.0,32,1,1,False,,,,,
168,84.0,33,1,1,False,,,,,
168,84.0,34,1,1,False,,,,,
168,84.0,35,1,1,False,,,,,
168,84.0,36,1,1,False,,,,,
168,84.0,37,1,1,False,,,,,
168,84.0,38,1,1,False,,,,,
168,84.0,39,1,1,False,,,,,
169,84.5,0,1,1,False,,,,,
169,84.5,1,1,1,False,,,,,
169,84.5,2,1,1,False,,,,,
169,84.5,3,1,1,False,,,,,
169,84.5,4,1,1,False,,,,,
169,84.5,5,1,1,False,,,,,
169,84.5,6,1,1,False,,,,,
169,84.5,7,1,1,False,,,,,
169,84.5,8,1,1,False,,,,,
169,84.5,9,1,1,False,,,,,
169,84.5,10,1,1,False,,,,,
169,84.5,11,1,1,False,,,,,
169,84.5,12,1,1,False,,,,,
169,84.5,13,1,1,False,,,,,
169,84.5,14,1,1,False,,,,,
169,84.5,15,1,1,False,,,,,
169,84.5,16,1,1,False,,,,,
169,84.5,17,1,1,False,,,,,
169,84.5,18,1,1,False,,,,,
169,84.5,19,1,1,False,,,,,
169,84.5,20,1,1,False,,,,,
169,84.5,21,1,1,False,,,,,
169,84.5,22,1,1,False,,,,,
169,84.5,23,1,1,False,,,,,
169,84.5,24,1,1,False,,,,,
169,84.5,25,1,1,False,,,,,
169,84.5,26,1,1,False,,,,,
169,84.5,27,1,1,False,,,,,
169,84.5,28,1,1,False,,,,,
169,84.5,29,1,1,False,,,,,
169,84.5,30,1,1,False,,,,,
169,84.5,31,1,1,False,,,,,
169,84.5,32,1,1,False,,,,,
169,84.5,33,1,1,False,,,,,
169,84.5,34,1,1,False,,,,,
169,84.5,35,1,1,False,,,,,
169,84.5,36,1,1,False,,,,,
169,84.5,37,1,1,False,,,,,
169,84.5,38,1,1,False,,,,,
169,84.5,39,1,1,False,,,,,
170,85.0,0,1,1,False,,,,,
170,85.0,1,1,1,False,,,,,
170,85.0,2,1,1,False,,,,,
170,85.0,3,1,1,False,,,,,
170,85.0,4,1,1,False,,,,,
170,85.0,5,1,1,False,,,,,
170,85.0,6,1,1,False,,,,,
170,85.0,7,1,1,False,,,,,
170,85.0,8,1,1,False,,,,,
170,85.0,9,1,1,False,,,,,
170,85.0,10,1,1,False,,,,,
170,85.0,11,1,1,False,,,,,
170,85.0,12,1,1,False,,,,,
170,85.0,13,1,1,False,,,,,
170,85.0,14,1,1,False,,,,,
170,85.0,15,1,1,False,,,,,
170,85.0,16,1,1,False,,,,,
170,85.0,17,1,1,False,,,,,
170,85.0,18,1,1,False,,,,,
170,85.0,19,1,1,False,,,,,
170,85.0,20,1,1,False,,,,,
170,85.0,21,1,1,False,,,,,
170,85.0,22,1,1,False,,,,,
170,85.0,23,1,1,False,,,,,
170,85.0,24,1,1,False,,,,,
170,85.0,25,1,1,False,,,,,
170,85.0,26,1,1,False,,,,,
170,85.0,27,1,1,False,,,,,
170,85.0,28,1,1,False,,,,,
170,85.0,29,1,1,False,,,,,
170,85.0,30,1,1,False,,,,,
170,85.0,31,1,1,False,,,,,
170,85.0,32,1,1,False,,,,,
170,85.0,33,1,1,False,,,,,
170,85.0,34,1,1,False,,,,,
170,85.0,35,1,1,False,,,,,
170,85.0,36,1,1,False,,,,,
170,85.0,37,1,1,False,,,,,
170,85.0,38,1,1,False,,,,,
170,85.0,39,1,1,False,,,,,
171,85.5,0,1,1,False,,,,,
171,85.5,1,1,1,False,,,,,
171,85.5,2,1,1,False,,,,,
171,85.5,3,1,1,False,,,,,
171,85.5,4,1,1,False,,,,,
171,85.5,5,1,1,False,,,,,
171,85.5,6,1,1,False,,,,,
171,85.5,7,1,1,False,,,,,
171,85.5,8,1,1,False,,,,,
171,85.5,9,1,1,False,,,,,
171,85.5,10,1,1,False,,,,,
171,85.5,11,1,1,False,,,,,
171,85.5,12,1,1,False,,,,,
171,85.5,13,1,1,False,,,,,
171,85.5,14,1,1,False,,,,,
171,85.5,15,1,1,False,,,,,
171,85.5,16,1,1,False,,,,,
171,85.5,17,1,1,False,,,,,
171,85.5,18,1,1,False,,,,,
171,85.5,19,1,1,False,,,,,
171,85.5,20,1,1,False,,,,,
171,85.5,21,1,1,False,,,,,
171,85.5,22,1,1,False,,,,,
171,85.5,23,1,1,False,,,,,
171,85.5,24,1,1,False,,,,,
171,85.5,25,1,1,False,,,,,
171,85.5,26,1,1,False,,,,,
171,85.5,27,1,1,False,,,,,
171,85.5,28,1,1,False,,,,,
171,85.5,29,1,1,False,,,,,
171,85.5,30,1,1,False,,,,,
171,85.5,31,1,1,False,,,,,
171,85.5,32,1,1,False,,,,,
171,85.5,33,1,1,False,,,,,
171,85.5,34,1,1,False,,,,,
171,85.5,35,1,1,False,,,,,
171,85.5,36,1,1,False,,,,,
171,85.5,37,1,1,False,,,,,
171,85.5,38,1,1,False,,,,,
171,85.5,39,1,1,False,,,,,
172,86.0,0,1,1,False,,,,,
172,86.0,1,1,1,False,,,,,
172,86.0,2,1,1,False,,,,,
172,86.0,3,1,1,False,,,,,
172,86.0,4,1,1,False,,,,,
172,86.0,5,1,1,False,,,,,
172,86.0,6,1,1,False,,,,,
172,86.0,7,1,1,False,,,,,
172,86.0,8,1,1,False,,,,,
172,86.0,9,1,1,False,,,,,
172,86.0,10,1,1,False,,,,,
172,86.0,11,1,1,False,,,,,
172,86.0,12,1,1,False,,,,,
172,86.0,13,1,1,False,,,,,
172,86.0,14,1,1,False,,,,,
172,86.0,15,1,1,False,,,,,
172,86.0,16,1,1,False,,,,,
172,86.0,17,1,1,False,,,,,
172,86.0,18,1,1,False,,,,,
172,86.0,19,1,1,False,,,,,
172,86.0,20,1,1,False,,,,,
172,86.0,21,1,1,False,,,,,
172,86.0,22,1,1,False,,,,,
172,86.0,23,1,1,False,,,,,
172,86.0,24,1,1,False,,,,,
172,86.0,25,1,1,False,,,,,
172,86.0,26,1,1,False,,,,,
172,86.0,27,1,1,False,,,,,
172,86.0,28,1,1,False,,,,,
172,86.0,29,1,1,False,,,,,
172,86.0,30,1,1,False,,,,,
172,86.0,31,1,1,False,,,,,
172,86.0,32,1,1,False,,,,,
172,86.0,33,1,1,False,,,,,
172,86.0,34,1,1,False,,,,,
172,86.0,35,1,1,False,,,,,
172,86.0,36,1,1,False,,,,,
172,86.0,37,1,1,False,,,,,
172,86.0,38,1,1,False,,,,,
172,86.0,39,1,1,False,,,,,
173,86.5,0,1,1,False,,,,,
173,86.5,1,1,1,False,,,,,
173,86.5,2,1,1,False,,,,,
173,86.5,3,1,1,False,,,,,
173,86.5,4,1,1,False,,,,,
173,86.5,5,1,1,False,,,,,
173,86.5,6,1,1,False,,,,,
173,86.5,7,1,1,False,,,,,
173,86.5,8,1,1,False,,,,,
173,86.5,9,1,1,False,,,,,
173,86.5,10,1,1,False,,,,,
173,86.5,11,1,1,False,,,,,
173,86.5,12,1,1,False,,,,,
173,86.5,13,1,1,False,,,,,
173,86.5,14,1,1,False,,,,,
173,86.5,15,1,1,False,,,,,
173,86.5,16,1,1,False,,,,,
173,86.5,17,1,1,False,,,,,
173,86.5,18,1,1,False,,,,,
173,86.5,19,1,1,False,,,,,
173,86.5,20,1,1,False,,,,,
173,86.5,21,1,1,False,,,,,
173,86.5,22,1,1,False,,,,,
173,86.5,23,1,1,False,,,,,
173,86.5,24,1,1,False,,,,,
173,86.5,25,1,1,False,,,,,
173,86.5,26,1,1,False,,,,,
173,86.5,27,1,1,False,,,,,
173,86.5,28,1,1,False,,,,,
173,86.5,29,1,1,False,,,,,
173,86.5,30,1,1,False,,,,,
173,86.5,31,1,1,False,,,,,
173,86.5,32,1,1,False,,,,,
173,86.5,33,1,1,False,,,,,
173,86.5,34,1,1,False,,,,,
173,86.5,35,1,1,False,,,,,
173,86.5,36,1,1,False,,,,,
173,86.5,37,1,1,False,,,,,
173,86.5,38,1,1,False,,,,,
173,86.5,39,1,1,False,,,,,
174,87.0,0,1,1,False,,,,,
174,87.0,1,1,1,False,,,,,
174,87.0,2,1,1,False,,,,,
174,87.0,3,1,1,False,,,,,
174,87.0,4,1,1,False,,,,,
174,87.0,5,1,1,False,,,,,
174,87.0,6,1,1,False,,,,,
174,87.0,7,1,1,False,,,,,
174,87.0,8,1,1,False,,,,,
174,87.0,9,1,1,False,,,,,
174,87.0,10,1,1,False,,,,,
174,87.0,11,1,1,False,,,,,
174,87.0,12,1,1,False,,,,,
174,87.0,13,1,1,False,,,,,
174,87.0,14,1,1,False,,,,,
174,87.0,15,1,1,False,,,,,
174,87.0,16,1,1,False,,,,,
174,87.0,17,1,1,False,,,,,
174,87.0,18,1,1,False,,,,,
174,87.0,19,1,1,False,,,,,
174,87.0,20,1,1,False,,,,,
174,87.0,21,1,1,False,,,,,
174,87.0,22,1,1,False,,,,,
174,87.0,23,1,1,False,,,,,
174,87.0,24,1,1,False,,,,,
174,87.0,25,1,1,False,,,,,
174,87.0,26,1,1,False,,,,,
174,87.0,27,1,1,False,,,,,
174,87.0,28,1,1,False,,,,,
174,87.0,29,1,1,False,,,,,
174,87.0,30,1,1,False,,,,,
174,87.0,31,1,1,False,,,,,
174,87.0,32,1,1,False,,,,,
174,87.0,33,1,1,False,,,,,
174,87.0,34,1,1,False,,,,,
174,87.0,35,1,1,False,,,,,
174,87.0,36,1,1,False,,,,,
174,87.0,37,1,1,False,,,,,
174,87.0,38,1,1,False,,,,,
174,87.0,39,1,1,False,,,,,
175,87.5,0,1,1,False,,,,,
175,87.5,1,1,1,False,,,,,
175,87.5,2,1,1,False,,,,,
175,87.5,3,1,1,False,,,,,
175,87.5,4,1,1,False,,,,,
175,87.5,5,1,1,False,,,,,
175,87.5,6,1,1,False,,,,,
175,87.5,7,1,1,False,,,,,
175,87.5,8,1,1,False,,,,,
175,87.5,9,1,1,False,,,,,
175,87.5,10,1,1,False,,,,,
175,87.5,11,1,1,False,,,,,
175,87.5,12,1,1,False,,,,,
175,87.5,13,1,1,False,,,,,
175,87.5,14,1,1,False,,,,,
175,87.5,15,1,1,False,,,,,
175,87.5,16,1,1,False,,,,,
175,87.5,17,1,1,False,,,,,
175,87.5,18,1,1,False,,,,,
175,87.5,19,1,1,False,,,,,
175,87.5,20,1,1,False,,,,,
175,87.5,21,1,1,False,,,,,
175,87.5,22,1,1,False,,,,,
175,87.5,23,1,1,False,,,,,
175,87.5,24,1,1,False,,,,,
175,87.5,25,1,1,False,,,,,
175,87.5,26,1,1,False,,,,,
175,87.5,27,1,1,False,,,,,
175,87.5,28,1,1,False,,,,,
175,87.5,29,1,1,False,,,,,
175,87.5,30,1,1,False,,,,,
175,87.5,31,1,1,False,,,,,
175,87.5,32,1,1,False,,,,,
175,87.5,33,1,1,False,,,,,
175,87.5,34,1,1,False,,,,,
175,87.5,35,1,1,False,,,,,
175,87.5,36,1,1,False,,,,,
175,87.5,37,1,1,False,,,,,
175,87.5,38,1,1,False,,,,,
175,87.5,39,1,1,False,,,,,
176,88.0,0,1,1,False,,,,,
176,88.0,1,1,1,False,,,,,
176,88.0,2,1,1,False,,,,,
176,88.0,3,1,1,False,,,,,
176,88.0,4,1,1,False,,,,,
176,88.0,5,1,1,False,,,,,
176,88.0,6,1,1,False,,,,,
176,88.0,7,1,1,False,,,,,
176,88.0,8,1,1,False,,,,,
176,88.0,9,1,1,False,,,,,
176,88.0,10,1,1,False,,,,,
176,88.0,11,1,1,False,,,,,
176,88.0,12,1,1,False,,,,,
176,88.0,13,1,1,False,,,,,
176,88.0,14,1,1,False,,,,,
176,88.0,15,1,1,False,,,,,
176,88.0,16,1,1,False,,,,,
176,88.0,17,1,1,False,,,,,
176,88.0,18,1,1,False,,,,,
176,88.0,19,1,1,False,,,,,
176,88.0,20,1,1,False,,,,,
176,88.0,21,1,1,False,,,,,
176,88.0,22,1,1,False,,,,,
176,88.0,23,1,1,False,,,,,
176,88.0,24,1,1,False,,,,,
176,88.0,25,1,1,False,,,,,
176,88.0,26,1,1,False,,,,,
176,88.0,27,1,1,False,,,,,
176,88.0,28,1,1,False,,,,,
176,88.0,29,1,1,False,,,,,
176,88.0,30,1,1,False,,,,,
176,88.0,31,1,1,False,,,,,
176,88.0,32,1,1,False,,,,,
176,88.0,33,1,1,False,,,,,
176,88.0,34,1,1,False,,,,,
176,88.0,35,1,1,False,,,,,
176,88.0,36,1,1,False,,,,,
176,88.0,37,1,1,False,,,,,
176,88.0,38,1,1,False,,,,,
176,88.0,39,1,1,False,,,,,
177,88.5,0,1,1,False,,,,,
177,88.5,1,1,1,False,,,,,
177,88.5,2,1,1,False,,,,,
177,88.5,3,1,1,False,,,,,
177,88.5,4,1,1,False,,,,,
177,88.5,5,1,1,False,,,,,
177,88.5,6,1,1,False,,,,,
177,88.5,7,1,1,False,,,,,
177,88.5,8,1,1,False,,,,,
177,88.5,9,1,1,False,,,,,
177,88.5,10,1,1,False,,,,,
177,88.5,11,1,1,False,,,,,
177,88.5,12,1,1,False,,,,,
177,88.5,13,1,1,False,,,,,
177,88.5,14,1,1,False,,,,,
177,88.5,15,1,1,False,,,,,
177,88.5,16,1,1,False,,,,,
177,88.5,17,1,1,False,,,,,
177,88.5,18,1,1,False,,,,,
177,88.5,19,1,1,False,,,,,
177,88.5,20,1,1,False,,,,,
177,88.5,21,1,1,False,,,,,
177,88.5,22,1,1,False,,,,,
177,88.5,23,1,1,False,,,,,
177,88.5,24,1,1,False,,,,,
177,88.5,25,1,1,False,,,,,
177,88.5,26,1,1,False,,,,,
177,88.5,27,1,1,False,,,,,
177,88.5,28,1,1,False,,,,,
177,88.5,29,1,1,False,,,,,
177,88.5,30,1,1,False,,,,,
177,88.5,31,1,1,False,,,,,
177,88.5,32,1,1,False,,,,,
177,88.5,33,1,1,False,,,,,
177,88.5,34,1,1,False,,,,,
177,88.5,35,1,1,False,,,,,
177,88.5,36,1,1,False,,,,,
177,88.5,37,1,1,False,,,,,
177,88.5,38,1,1,False,,,,,
177,88.5,39,1,1,False,,,,,
178,89.0,0,1,1,False,,,,,
178,89.0,1,1,1,False,,,,,
178,89.0,2,1,1,False,,,,,
178,89.0,3,1,1,False,,,,,
178,89.0,4,1,1,False,,,,,
178,89.0,5,1,1,False,,,,,
178,89.0,6,1,1,False,,,,,
178,89.0,7,1,1,False,,,,,
178,89.0,8,1,1,False,,,,,
178,89.0,9,1,1,False,,,,,
178,89.0,10,1,1,False,,,,,
178,89.0,11,1,1,False,,,,,
178,89.0,12,1,1,False,,,,,
178,89.0,13,1,1,False,,,,,
178,89.0,14,1,1,False,,,,,
178,89.0,15,1,1,False,,,,,
178,89.0,16,1,1,False,,,,,
178,89.0,17,1,1,False,,,,,
178,89.0,18,1,1,False,,,,,
178,89.0,19,1,1,False,,,,,
178,89.0,20,1,1,False,,,,,
178,89.0,21,1,1,False,,,,,
178,89.0,22,1,1,False,,,,,
178,89.0,23,1,1,False,,,,,
178,89.0,24,1,1,False,,,,,
178,89.0,25,1,1,False,,,,,
178,89.0,26,1,1,False,,,,,
178,89.0,27,1,1,False,,,,,
178,89.0,28,1,1,False,,,,,
178,89.0,29,1,1,False,,,,,
178,89.0,30,1,1,False,,,,,
178,89.0,31,1,1,False,,,,,
178,89.0,32,1,1,False,,,,,
178,89.0,33,1,1,False,,,,,
178,89.0,34,1,1,False,,,,,
178,89.0,35,1,1,False,,,,,
178,89.0,36,1,1,False,,,,,
178,89.0,37,1,1,False,,,,,
178,89.0,38,1,1,False,,,,,
178,89.0,39,1,1,False,,,,,
179,89.5,0,1,1,False,,,,,
179,89.5,1,1,1,False,,,,,
179,89.5,2,1,1,False,,,,,
179,89.5,3,1,1,False,,,,,
179,89.5,4,1,1,False,,,,,
179,89.5,5,1,1,False,,,,,
179,89.5,6,1,1,False,,,,,
179,89.5,7,1,1,False,,,,,
179,89.5,8,1,1,False,,,,,
179,89.5,9,1,1,False,,,,,
179,89.5,10,1,1,False,,,,,
179,89.5,11,1,1,False,,,,,
179,89.5,12,1,1,False,,,,,
179,89.5,13,1,1,False,,,,,
179,89.5,14,1,1,False,,,,,
179,89.5,15,1,1,False,,,,,
179,89.5,16,1,1,False,,,,,
179,89.5,17,1,1,False,,,,,
179,89.5,18,1,1,False,,,,,
179,89.5,19,1,1,False,,,,,
179,89.5,20,1,1,False,,,,,
179,89.5,21,1,1,False,,,,,
179,89.5,22,1,1,False,,,,,
179,89.5,23,1,1,False,,,,,
179,89.5,24,1,1,False,,,,,
179,89.5,25,1,1,False,,,,,
179,89.5,26,1,1,False,,,,,
179,89.5,27,1,1,False,,,,,
179,89.5,28,1,1,False,,,,,
179,89.5,29,1,1,False,,,,,
179,89.5,30,1,1,False,,,,,
179,89.5,31,1,1,False,,,,,
179,89.5,32,1,1,False,,,,,
179,89.5,33,1,1,False,,,,,
179,89.5,34,1,1,False,,,,,
179,89.5,35,1,1,False,,,,,
179,89.5,36,1,1,False,,,,,
179,89.5,37,1,1,False,,,,,
179,89.5,38,1,1,False,,,,,
179,89.5,39,1,1,False,,,,,
180,90.0,0,1,1,False,,,,,
180,90.0,1,1,1,False,,,,,
180,90.0,2,1,1,False,,,,,
180,90.0,3,1,1,False,,,,,
180,90.0,4,1,1,False,,,,,
180,90.0,5,1,1,False,,,,,
180,90.0,6,1,1,False,,,,,
180,90.0,7,1,1,False,,,,,
180,90.0,8,1,1,False,,,,,
180,90.0,9,1,1,False,,,,,
180,90.0,10,1,1,False,,,,,
180,90.0,11,1,1,False,,,,,
180,90.0,12,1,1,False,,,,,
180,90.0,13,1,1,False,,,,,
180,90.0,14,1,1,False,,,,,
180,90.0,15,1,1,False,,,,,
180,90.0,16,1,1,False,,,,,
180,90.0,17,1,1,False,,,,,
180,90.0,18,1,1,False,,,,,
180,90.0,19,1,1,False,,,,,
180,90.0,20,1,1,False,,,,,
180,90.0,21,1,1,False,,,,,
180,90.0,22,1,1,False,,,,,
180,90.0,23,1,1,False,,,,,
180,90.0,24,1,1,False,,,,,
180,90.0,25,1,1,False,,,,,
180,90.0,26,1,1,False,,,,,
180,90.0,27,1,1,False,,,,,
180,90.0,28,1,1,False,,,,,
180,90.0,29,1,1,False,,,,,
180,90.0,30,1,1,False,,,,,
180,90.0,31,1,1,False,,,,,
180,90.0,32,1,1,False,,,,,
180,90.0,33,1,1,False,,,,,
180,90.0,34,1,1,False,,,,,
180,90.0,35,1,1,False,,,,,
180,90.0,36,1,1,False,,,,,
180,90.0,37,1,1,False,,,,,
180,90.0,38,1,1,False,,,,,
180,90.0,39,1,1,False,,,,,
181,90.5,0,1,1,False,,,,,
181,90.5,1,1,1,False,,,,,
181,90.5,2,1,1,False,,,,,
181,90.5,3,1,1,False,,,,,
181,90.5,4,1,1,False,,,,,
181,90.5,5,1,1,False,,,,,
181,90.5,6,1,1,False,,,,,
181,90.5,7,1,1,False,,,,,
181,90.5,8,1,1,False,,,,,
181,90.5,9,1,1,False,,,,,
181,90.5,10,1,1,False,,,,,
181,90.5,11,1,1,False,,,,,
181,90.5,12,1,1,False,,,,,
181,90.5,13,1,1,False,,,,,
181,90.5,14,1,1,False,,,,,
181,90.5,15,1,1,False,,,,,
181,90.5,16,1,1,False,,,,,
181,90.5,17,1,1,False,,,,,
181,90.5,18,1,1,False,,,,,
181,90.5,19,1,1,False,,,,,
181,90.5,20,1,1,False,,,,,
181,90.5,21,1,1,False,,,,,
181,90.5,22,1,1,False,,,,,
181,90.5,23,1,1,False,,,,,
181,90.5,24,1,1,False,,,,,
181,90.5,25,1,1,False,,,,,
181,90.5,26,1,1,False,,,,,
181,90.5,27,1,1,False,,,,,
181,90.5,28,1,1,False,,,,,
181,90.5,29,1,1,False,,,,,
181,90.5,30,1,1,False,,,,,
181,90.5,31,1,1,False,,,,,
181,90.5,32,1,1,False,,,,,
181,90.5,33,1,1,False,,,,,
181,90.5,34,1,1,False,,,,,
181,90.5,35,1,1,False,,,,,
181,90.5,36,1,1,False,,,,,
181,90.5,37,1,1,False,,,,,
181,90.5,38,1,1,False,,,,,
181,90.5,39,1,1,False,,,,,
182,91.0,0,1,1,False,,,,,
182,91.0,1,1,1,False,,,,,
182,91.0,2,1,1,False,,,,,
182,91.0,3,1,1,False,,,,,
182,91.0,4,1,1,False,,,,,
182,91.0,5,1,1,False,,,,,
182,91.0,6,1,1,False,,,,,
182,91.0,7,1,1,False,,,,,
182,91.0,8,1,1,False,,,,,
182,91.0,9,1,1,False,,,,,
182,91.0,10,1,1,False,,,,,
182,91.0,11,1,1,False,,,,,
182,91.0,12,1,1,False,,,,,
182,91.0,13,1,1,False,,,,,
182,91.0,14,1,1,False,,,,,
182,91.0,15,1,1,False,,,,,
182,91.0,16,1,1,False,,,,,
182,91.0,17,1,1,False,,,,,
182,91.0,18,1,1,False,,,,,
182,91.0,19,1,1,False,,,,,
182,91.0,20,1,1,False,,,,,
182,91.0,21,1,1,False,,,,,
182,91.0,22,1,1,False,,,,,
182,91.0,23,1,1,False,,,,,
182,91.0,24,1,1,False,,,,,
182,91.0,25,1,1,False,,,,,
182,91.0,26,1,1,False,,,,,
182,91.0,27,1,1,False,,,,,
182,91.0,28,1,1,False,,,,,
182,91.0,29,1,1,False,,,,,
182,91.0,30,1,1,False,,,,,
182,91.0,31,1,1,False,,,,,
182,91.0,32,1,1,False,,,,,
182,91.0,33,1,1,False,,,,,
182,91.0,34,1,1,False,,,,,
182,91.0,35,1,1,False,,,,,
182,91.0,36,1,1,False,,,,,
182,91.0,37,1,1,False,,,,,
182,91.0,38,1,1,False,,,,,
182,91.0,39,1,1,False,,,,,
183,91.5,0,1,1,False,,,,,
183,91.5,1,1,1,False,,,,,
183,91.5,2,1,1,False,,,,,
183,91.5,3,1,1,False,,,,,
183,91.5,4,1,1,False,,,,,
183,91.5,5,1,1,False,,,,,
183,91.5,6,1,1,False,,,,,
183,91.5,7,1,1,False,,,,,
183,91.5,8,1,1,False,,,,,
183,91.5,9,1,1,False,,,,,
183,91.5,10,1,1,False,,,,,
183,91.5,11,1,1,False,,,,,
183,91.5,12,1,1,False,,,,,
183,91.5,13,1,1,False,,,,,
183,91.5,14,1,1,False,,,,,
183,91.5,15,1,1,False,,,,,
183,91.5,16,1,1,False,,,,,
183,91.5,17,1,1,False,,,,,
183,91.5,18,1,1,False,,,,,
183,91.5,19,1,1,False,,,,,
183,91.5,20,1,1,False,,,,,
183,91.5,21,1,1,False,,,,,
183,91.5,22,1,1,False,,,,,
183,91.5,23,1,1,False,,,,,
183,91.5,24,1,1,False,,,,,
183,91.5,25,1,1,False,,,,,
183,91.5,26,1,1,False,,,,,
183,91.5,27,1,1,False,,,,,
183,91.5,28,1,1,False,,,,,
183,91.5,29,1,1,False,,,,,
183,91.5,30,1,1,False,,,,,
183,91.5,31,1,1,False,,,,,
183,91.5,32,1,1,False,,,,,
183,91.5,33,1,1,False,,,,,
183,91.5,34,1,1,False,,,,,
183,91.5,35,1,1,False,,,,,
183,91.5,36,1,1,False,,,,,
183,91.5,37,1,1,False,,,,,
183,91.5,38,1,1,False,,,,,
183,91.5,39,1,1,False,,,,,
184,92.0,0,1,1,False,,,,,
184,92.0,1,1,1,False,,,,,
184,92.0,2,1,1,False,,,,,
184,92.0,3,1,1,False,,,,,
184,92.0,4,1,1,False,,,,,
184,92.0,5,1,1,False,,,,,
184,92.0,6,1,1,False,,,,,
184,92.0,7,1,1,False,,,,,
184,92.0,8,1,1,False,,,,,
184,92.0,9,1,1,False,,,,,
184,92.0,10,1,1,False,,,,,
184,92.0,11,1,1,False,,,,,
184,92.0,12,1,1,False,,,,,
184,92.0,13,1,1,False,,,,,
184,92.0,14,1,1,False,,,,,
184,92.0,15,1,1,False,,,,,
184,92.0,16,1,1,False,,,,,
184,92.0,17,1,1,False,,,,,
184,92.0,18,1,1,False,,,,,
184,92.0,19,1,1,False,,,,,
184,92.0,20,1,1,False,,,,,
184,92.0,21,1,1,False,,,,,
184,92.0,22,1,1,False,,,,,
184,92.0,23,1,1,False,,,,,
184,92.0,24,1,1,False,,,,,
184,92.0,25,1,1,False,,,,,
184,92.0,26,1,1,False,,,,,
184,92.0,27,1,1,False,,,,,
184,92.0,28,1,1,False,,,,,
184,92.0,29,1,1,False,,,,,
184,92.0,30,1,1,False,,,,,
184,92.0,31,1,1,False,,,,,
184,92.0,32,1,1,False,,,,,
184,92.0,33,1,1,False,,,,,
184,92.0,34,1,1,False,,,,,
184,92.0,35,1,1,False,,,,,
184,92.0,36,1,1,False,,,,,
184,92.0,37,1,1,False,,,,,
184,92.0,38,1,1,False,,,,,
184,92.0,39,1,1,False,,,,,
185,92.5,0,1,1,False,,,,,
185,92.5,1,1,1,False,,,,,
185,92.5,2,1,1,False,,,,,
185,92.5,3,1,1,False,,,,,
185,92.5,4,1,1,False,,,,,
185,92.5,5,1,1,False,,,,,
185,92.5,6,1,1,False,,,,,
185,92.5,7,1,1,False,,,,,
185,92.5,8,1,1,False,,,,,
185,92.5,9,1,1,False,,,,,
185,92.5,10,1,1,False,,,,,
185,92.5,11,1,1,False,,,,,
185,92.5,12,1,1,False,,,,,
185,92.5,13,1,1,False,,,,,
185,92.5,14,1,1,False,,,,,
185,92.5,15,1,1,False,,,,,
185,92.5,16,1,1,False,,,,,
185,92.5,17,1,1,False,,,,,
185,92.5,18,1,1,False,,,,,
185,92.5,19,1,1,False,,,,,
185,92.5,20,1,1,False,,,,,
185,92.5,21,1,1,False,,,,,
185,92.5,22,1,1,False,,,,,
185,92.5,23,1,1,False,,,,,
185,92.5,24,1,1,False,,,,,
185,92.5,25,1,1,False,,,,,
185,92.5,26,1,1,False,,,,,
185,92.5,27,1,1,False,,,,,
185,92.5,28,1,1,False,,,,,
185,92.5,29,1,1,False,,,,,
185,92.5,30,1,1,False,,,,,
185,92.5,31,1,1,False,,,,,
185,92.5,32,1,1,False,,,,,
185,92.5,33,1,1,False,,,,,
185,92.5,34,1,1,False,,,,,
185,92.5,35,1,1,False,,,,,
185,92.5,36,1,1,False,,,,,
185,92.5,37,1,1,False,,,,,
185,92.5,38,1,1,False,,,,,
185,92.5,39,1,1,False,,,,,
186,93.0,0,1,1,False,,,,,
186,93.0,1,1,1,False,,,,,
186,93.0,2,1,1,False,,,,,
186,93.0,3,1,1,False,,,,,
186,93.0,4,1,1,False,,,,,
186,93.0,5,1,1,False,,,,,
186,93.0,6,1,1,False,,,,,
186,93.0,7,1,1,False,,,,,
186,93.0,8,1,1,False,,,,,
186,93.0,9,1,1,False,,,,,
186,93.0,10,1,1,False,,,,,
186,93.0,11,1,1,False,,,,,
186,93.0,12,1,1,False,,,,,
186,93.0,13,1,1,False,,,,,
186,93.0,14,1,1,False,,,,,
186,93.0,15,1,1,False,,,,,
186,93.0,16,1,1,False,,,,,
186,93.0,17,1,1,False,,,,,
186,93.0,18,1,1,False,,,,,
186,93.0,19,1,1,False,,,,,
186,93.0,20,1,1,False,,,,,
186,93.0,21,1,1,False,,,,,
186,93.0,22,1,1,False,,,,,
186,93.0,23,1,1,False,,,,,
186,93.0,24,1,1,False,,,,,
186,93.0,25,1,1,False,,,,,
186,93.0,26,1,1,False,,,,,
186,93.0,27,1,1,False,,,,,
186,93.0,28,1,1,False,,,,,
186,93.0,29,1,1,False,,,,,
186,93.0,30,1,1,False,,,,,
186,93.0,31,1,1,False,,,,,
186,93.0,32,1,1,False,,,,,
186,93.0,33,1,1,False,,,,,
186,93.0,34,1,1,False,,,,,
186,93.0,35,1,1,False,,,,,
186,93.0,36,1,1,False,,,,,
186,93.0,37,1,1,False,,,,,
186,93.0,38,1,1,False,,,,,
186,93.0,39,1,1,False,,,,,
187,93.5,0,1,1,False,,,,,
187,93.5,1,1,1,False,,,,,
187,93.5,2,1,1,False,,,,,
187,93.5,3,1,1,False,,,,,
187,93.5,4,1,1,False,,,,,
187,93.5,5,1,1,False,,,,,
187,93.5,6,1,1,False,,,,,
187,93.5,7,1,1,False,,,,,
187,93.5,8,1,1,False,,,,,
187,93.5,9,1,1,False,,,,,
187,93.5,10,1,1,False,,,,,
187,93.5,11,1,1,False,,,,,
187,93.5,12,1,1,False,,,,,
187,93.5,13,1,1,False,,,,,
187,93.5,14,1,1,False,,,,,
187,93.5,15,1,1,False,,,,,
187,93.5,16,1,1,False,,,,,
187,93.5,17,1,1,False,,,,,
187,93.5,18,1,1,False,,,,,
187,93.5,19,1,1,False,,,,,
187,93.5,20,1,1,False,,,,,
187,93.5,21,1,1,False,,,,,
187,93.5,22,1,1,False,,,,,
187,93.5,23,1,1,False,,,,,
187,93.5,24,1,1,False,,,,,
187,93.5,25,1,1,False,,,,,
187,93.5,26,1,1,False,,,,,
187,93.5,27,1,1,False,,,,,
187,93.5,28,1,1,False,,,,,
187,93.5,29,1,1,False,,,,,
187,93.5,30,1,1,False,,,,,
187,93.5,31,1,1,False,,,,,
187,93.5,32,1,1,False,,,,,
187,93.5,33,1,1,False,,,,,
187,93.5,34,1,1,False,,,,,
187,93.5,35,1,1,False,,,,,
187,93.5,36,1,1,False,,,,,
187,93.5,37,1,1,False,,,,,
187,93.5,38,1,1,False,,,,,
187,93.5,39,1,1,False,,,,,
188,94.0,0,1,1,False,,,,,
188,94.0,1,1,1,False,,,,,
188,94.0,2,1,1,False,,,,,
188,94.0,3,1,1,False,,,,,
188,94.0,4,1,1,False,,,,,
188,94.0,5,1,1,False,,,,,
188,94.0,6,1,1,False,,,,,
188,94.0,7,1,1,False,,,,,
188,94.0,8,1,1,False,,,,,
188,94.0,9,1,1,False,,,,,
188,94.0,10,1,1,False,,,,,
188,94.0,11,1,1,False,,,,,
188,94.0,12,1,1,False,,,,,
188,94.0,13,1,1,False,,,,,
188,94.0,14,1,1,False,,,,,
188,94.0,15,1,1,False,,,,,
188,94.0,16,1,1,False,,,,,
188,94.0,17,1,1,False,,,,,
188,94.0,18,1,1,False,,,,,
188,94.0,19,1,1,False,,,,,
188,94.0,20,1,1,False,,,,,
188,94.0,21,1,1,False,,,,,
188,94.0,22,1,1,False,,,,,
188,94.0,23,1,1,False,,,,,
188,94.0,24,1,1,False,,,,,
188,94.0,25,1,1,False,,,,,
188,94.0,26,1,1,False,,,,,
188,94.0,27,1,1,False,,,,,
188,94.0,28,1,1,False,,,,,
188,94.0,29,1,1,False,,,,,
188,94.0,30,1,1,False,,,,,
188,94.0,31,1,1,False,,,,,
188,94.0,32,1,1,False,,,,,
188,94.0,33,1,1,False,,,,,
188,94.0,34,1,1,False,,,,,
188,94.0,35,1,1,False,,,,,
188,94.0,36,1,1,False,,,,,
188,94.0,37,1,1,False,,,,,
188,94.0,38,1,1,False,,,,,
188,94.0,39,1,1,False,,,,,
189,94.5,0,1,1,False,,,,,
189,94.5,1,1,1,False,,,,,
189,94.5,2,1,1,False,,,,,
189,94.5,3,1,1,False,,,,,
189,94.5,4,1,1,False,,,,,
189,94.5,5,1,1,False,,,,,
189,94.5,6,1,1,False,,,,,
189,94.5,7,1,1,False,,,,,
189,94.5,8,1,1,False,,,,,
189,94.5,9,1,1,False,,,,,
189,94.5,10,1,1,False,,,,,
189,94.5,11,1,1,False,,,,,
189,94.5,12,1,1,False,,,,,
189,94.5,13,1,1,False,,,,,
189,94.5,14,1,1,False,,,,,
189,94.5,15,1,1,False,,,,,
189,94.5,16,1,1,False,,,,,
189,94.5,17,1,1,False,,,,,
189,94.5,18,1,1,False,,,,,
189,94.5,19,1,1,False,,,,,
189,94.5,20,1,1,False,,,,,
189,94.5,21,1,1,False,,,,,
189,94.5,22,1,1,False,,,,,
189,94.5,23,1,1,False,,,,,
189,94.5,24,1,1,False,,,,,
189,94.5,25,1,1,False,,,,,
189,94.5,26,1,1,False,,,,,
189,94.5,27,1,1,False,,,,,
189,94.5,28,1,1,False,,,,,
189,94.5,29,1,1,False,,,,,
189,94.5,30,1,1,False,,,,,
189,94.5,31,1,1,False,,,,,
189,94.5,32,1,1,False,,,,,
189,94.5,33,1,1,False,,,,,
189,94.5,34,1,1,False,,,,,
189,94.5,35,1,1,False,,,,,
189,94.5,36,1,1,False,,,,,
189,94.5,37,1,1,False,,,,,
189,94.5,38,1,1,False,,,,,
189,94.5,39,1,1,False,,,,,
190,95.0,0,1,1,False,,,,,
190,95.0,1,1,1,False,,,,,
190,95.0,2,1,1,False,,,,,
190,95.0,3,1,1,False,,,,,
190,95.0,4,1,1,False,,,,,
190,95.0,5,1,1,False,,,,,
190,95.0,6,1,1,False,,,,,
190,95.0,7,1,1,False,,,,,
190,95.0,8,1,1,False,,,,,
190,95.0,9,1,1,False,,,,,
190,95.0,10,1,1,False,,,,,
190,95.0,11,1,1,False,,,,,
190,95.0,12,1,1,False,,,,,
190,95.0,13,1,1,False,,,,,
190,95.0,14,1,1,False,,,,,
190,95.0,15,1,1,False,,,,,
190,95.0,16,1,1,False,,,,,
190,95.0,17,1,1,False,,,,,
190,95.0,18,1,1,False,,,,,
190,95.0,19,1,1,False,,,,,
190,95.0,20,1,1,False,,,,,
190,95.0,21,1,1,False,,,,,
190,95.0,22,1,1,False,,,,,
190,95.0,23,1,1,False,,,,,
190,95.0,24,1,1,False,,,,,
190,95.0,25,1,1,False,,,,,
190,95.0,26,1,1,False,,,,,
190,95.0,27,1,1,False,,,,,
190,95.0,28,1,1,False,,,,,
190,95.0,29,1,1,False,,,,,
190,95.0,30,1,1,False,,,,,
190,95.0,31,1,1,False,,,,,
190,95.0,32,1,1,False,,,,,
190,95.0,33,1,1,False,,,,,
190,95.0,34,1,1,False,,,,,
190,95.0,35,1,1,False,,,,,
190,95.0,36,1,1,False,,,,,
190,95.0,37,1,1,False,,,,,
190,95.0,38,1,1,False,,,,,
190,95.0,39,1,1,False,,,,,
191,95.5,0,1,1,False,,,,,
191,95.5,1,1,1,False,,,,,
191,95.5,2,1,1,False,,,,,
191,95.5,3,1,1,False,,,,,
191,95.5,4,1,1,False,,,,,
191,95.5,5,1,1,False,,,,,
191,95.5,6,1,1,False,,,,,
191,95.5,7,1,1,False,,,,,
191,95.5,8,1,1,False,,,,,
191,95.5,9,1,1,False,,,,,
191,95.5,10,1,1,False,,,,,
191,95.5,11,1,1,False,,,,,
191,95.5,12,1,1,False,,,,,
191,95.5,13,1,1,False,,,,,
191,95.5,14,1,1,False,,,,,
191,95.5,15,1,1,False,,,,,
191,95.5,16,1,1,False,,,,,
191,95.5,17,1,1,False,,,,,
191,95.5,18,1,1,False,,,,,
191,95.5,19,1,1,False,,,,,
191,95.5,20,1,1,False,,,,,
191,95.5,21,1,1,False,,,,,
191,95.5,22,1,1,False,,,,,
191,95.5,23,1,1,False,,,,,
191,95.5,24,1,1,False,,,,,
191,95.5,25,1,1,False,,,,,
191,95.5,26,1,1,False,,,,,
191,95.5,27,1,1,False,,,,,
191,95.5,28,1,1,False,,,,,
191,95.5,29,1,1,False,,,,,
191,95.5,30,1,1,False,,,,,
191,95.5,31,1,1,False,,,,,
191,95.5,32,1,1,False,,,,,
191,95.5,33,1,1,False,,,,,
191,95.5,34,1,1,False,,,,,
191,95.5,35,1,1,False,,,,,
191,95.5,36,1,1,False,,,,,
191,95.5,37,1,1,False,,,,,
191,95.5,38,1,1,False,,,,,
191,95.5,39,1,1,False,,,,,
192,96.0,0,1,1,False,,,,,
192,96.0,1,1,1,False,,,,,
192,96.0,2,1,1,False,,,,,
192,96.0,3,1,1,False,,,,,
192,96.0,4,1,1,False,,,,,
192,96.0,5,1,1,False,,,,,
192,96.0,6,1,1,False,,,,,
192,96.0,7,1,1,False,,,,,
192,96.0,8,1,1,False,,,,,
192,96.0,9,1,1,False,,,,,
192,96.0,10,1,1,False,,,,,
192,96.0,11,1,1,False,,,,,
192,96.0,12,1,1,False,,,,,
192,96.0,13,1,1,False,,,,,
192,96.0,14,1,1,False,,,,,
192,96.0,15,1,1,False,,,,,
192,96.0,16,1,1,False,,,,,
192,96.0,17,1,1,False,,,,,
192,96.0,18,1,1,False,,,,,
192,96.0,19,1,1,False,,,,,
192,96.0,20,1,1,False,,,,,
192,96.0,21,1,1,False,,,,,
192,96.0,22,1,1,False,,,,,
192,96.0,23,1,1,False,,,,,
192,96.0,24,1,1,False,,,,,
192,96.0,25,1,1,False,,,,,
192,96.0,26,1,1,False,,,,,
192,96.0,27,1,1,False,,,,,
192,96.0,28,1,1,False,,,,,
192,96.0,29,1,1,False,,,,,
192,96.0,30,1,1,False,,,,,
192,96.0,31,1,1,False,,,,,
192,96.0,32,1,1,False,,,,,
192,96.0,33,1,1,False,,,,,
192,96.0,34,1,1,False,,,,,
192,96.0,35,1,1,False,,,,,
192,96.0,36,1,1,False,,,,,
192,96.0,37,1,1,False,,,,,
192,96.0,38,1,1,False,,,,,
192,96.0,39,1,1,False,,,,,
193,96.5,0,1,1,False,,,,,
193,96.5,1,1,1,False,,,,,
193,96.5,2,1,1,False,,,,,
193,96.5,3,1,1,False,,,,,
193,96.5,4,1,1,False,,,,,
193,96.5,5,1,1,False,,,,,
193,96.5,6,1,1,False,,,,,
193,96.5,7,1,1,False,,,,,
193,96.5,8,1,1,False,,,,,
193,96.5,9,1,1,False,,,,,
193,96.5,10,1,1,False,,,,,
193,96.5,11,1,1,False,,,,,
193,96.5,12,1,1,False,,,,,
193,96.5,13,1,1,False,,,,,
193,96.5,14,1,1,False,,,,,
193,96.5,15,1,1,False,,,,,
193,96.5,16,1,1,False,,,,,
193,96.5,17,1,1,False,,,,,
193,96.5,18,1,1,False,,,,,
193,96.5,19,1,1,False,,,,,
193,96.5,20,1,1,False,,,,,
193,96.5,21,1,1,False,,,,,
193,96.5,22,1,1,False,,,,,
193,96.5,23,1,1,False,,,,,
193,96.5,24,1,1,False,,,,,
193,96.5,25,1,1,False,,,,,
193,96.5,26,1,1,False,,,,,
193,96.5,27,1,1,False,,,,,
193,96.5,28,1,1,False,,,,,
193,96.5,29,1,1,False,,,,,
193,96.5,30,1,1,False,,,,,
193,96.5,31,1,1,False,,,,,
193,96.5,32,1,1,False,,,,,
193,96.5,33,1,1,False,,,,,
193,96.5,34,1,1,False,,,,,
193,96.5,35,1,1,False,,,,,
193,96.5,36,1,1,False,,,,,
193,96.5,37,1,1,False,,,,,
193,96.5,38,1,1,False,,,,,
193,96.5,39,1,1,False,,,,,
194,97.0,0,1,1,False,,,,,
194,97.0,1,1,1,False,,,,,
194,97.0,2,1,1,False,,,,,
194,97.0,3,1,1,False,,,,,
194,97.0,4,1,1,False,,,,,
194,97.0,5,1,1,False,,,,,
194,97.0,6,1,1,False,,,,,
194,97.0,7,1,1,False,,,,,
194,97.0,8,1,1,False,,,,,
194,97.0,9,1,1,False,,,,,
194,97.0,10,1,1,False,,,,,
194,97.0,11,1,1,False,,,,,
194,97.0,12,1,1,False,,,,,
194,97.0,13,1,1,False,,,,,
194,97.0,14,1,1,False,,,,,
194,97.0,15,1,1,False,,,,,
194,97.0,16,1,1,False,,,,,
194,97.0,17,1,1,False,,,,,
194,97.0,18,1,1,False,,,,,
194,97.0,19,1,1,False,,,,,
194,97.0,20,1,1,False,,,,,
194,97.0,21,1,1,False,,,,,
194,97.0,22,1,1,False,,,,,
194,97.0,23,1,1,False,,,,,
194,97.0,24,1,1,False,,,,,
194,97.0,25,1,1,False,,,,,
194,97.0,26,1,1,False,,,,,
194,97.0,27,1,1,False,,,,,
194,97.0,28,1,1,False,,,,,
194,97.0,29,1,1,False,,,,,
194,97.0,30,1,1,False,,,,,
194,97.0,31,1,1,False,,,,,
194,97.0,32,1,1,False,,,,,
194,97.0,33,1,1,False,,,,,
194,97.0,34,1,1,False,,,,,
194,97.0,35,1,1,False,,,,,
194,97.0,36,1,1,False,,,,,
194,97.0,37,1,1,False,,,,,
194,97.0,38,1,1,False,,,,,
194,97.0,39,1,1,False,,,,,
195,97.5,0,1,1,False,,,,,
195,97.5,1,1,1,False,,,,,
195,97.5,2,1,1,False,,,,,
195,97.5,3,1,1,False,,,,,
195,97.5,4,1,1,False,,,,,
195,97.5,5,1,1,False,,,,,
195,97.5,6,1,1,False,,,,,
195,97.5,7,1,1,False,,,,,
195,97.5,8,1,1,False,,,,,
195,97.5,9,1,1,False,,,,,
195,97.5,10,1,1,False,,,,,
195,97.5,11,1,1,False,,,,,
195,97.5,12,1,1,False,,,,,
195,97.5,13,1,1,False,,,,,
195,97.5,14,1,1,False,,,,,
195,97.5,15,1,1,False,,,,,
195,97.5,16,1,1,False,,,,,
195,97.5,17,1,1,False,,,,,
195,97.5,18,1,1,False,,,,,
195,97.5,19,1,1,False,,,,,
195,97.5,20,1,1,False,,,,,
195,97.5,21,1,1,False,,,,,
195,97.5,22,1,1,False,,,,,
195,97.5,23,1,1,False,,,,,
195,97.5,24,1,1,False,,,,,
195,97.5,25,1,1,False,,,,,
195,97.5,26,1,1,False,,,,,
195,97.5,27,1,1,False,,,,,
195,97.5,28,1,1,False,,,,,
195,97.5,29,1,1,False,,,,,
195,97.5,30,1,1,False,,,,,
195,97.5,31,1,1,False,,,,,
195,97.5,32,1,1,False,,,,,
195,97.5,33,1,1,False,,,,,
195,97.5,34,1,1,False,,,,,
195,97.5,35,1,1,False,,,,,
195,97.5,36,1,1,False,,,,,
195,97.5,37,1,1,False,,,,,
195,97.5,38,1,1,False,,,,,
195,97.5,39,1,1,False,,,,,
196,98.0,0,1,1,False,,,,,
196,98.0,1,1,1,False,,,,,
196,98.0,2,1,1,False,,,,,
196,98.0,3,1,1,False,,,,,
196,98.0,4,1,1,False,,,,,
196,98.0,5,1,1,False,,,,,
196,98.0,6,1,1,False,,,,,
196,98.0,7,1,1,False,,,,,
196,98.0,8,1,1,False,,,,,
196,98.0,9,1,1,False,,,,,
196,98.0,10,1,1,False,,,,,
196,98.0,11,1,1,False,,,,,
196,98.0,12,1,1,False,,,,,
196,98.0,13,1,1,False,,,,,
196,98.0,14,1,1,False,,,,,
196,98.0,15,1,1,False,,,,,
196,98.0,16,1,1,False,,,,,
196,98.0,17,1,1,False,,,,,
196,98.0,18,1,1,False,,,,,
196,98.0,19,1,1,False,,,,,
196,98.0,20,1,1,False,,,,,
196,98.0,21,1,1,False,,,,,
196,98.0,22,1,1,False,,,,,
196,98.0,23,1,1,False,,,,,
196,98.0,24,1,1,False,,,,,
196,98.0,25,1,1,False,,,,,
196,98.0,26,1,1,False,,,,,
196,98.0,27,1,1,False,,,,,
196,98.0,28,1,1,False,,,,,
196,98.0,29,1,1,False,,,,,
196,98.0,30,1,1,False,,,,,
196,98.0,31,1,1,False,,,,,
196,98.0,32,1,1,False,,,,,
196,98.0,33,1,1,False,,,,,
196,98.0,34,1,1,False,,,,,
196,98.0,35,1,1,False,,,,,
196,98.0,36,1,1,False,,,,,
196,98.0,37,1,1,False,,,,,
196,98.0,38,1,1,False,,,,,
196,98.0,39,1,1,False,,,,,
197,98.5,0,1,1,False,,,,,
197,98.5,1,1,1,False,,,,,
197,98.5,2,1,1,False,,,,,
197,98.5,3,1,1,False,,,,,
197,98.5,4,1,1,False,,,,,
197,98.5,5,1,1,False,,,,,
197,98.5,6,1,1,False,,,,,
197,98.5,7,1,1,False,,,,,
197,98.5,8,1,1,False,,,,,
197,98.5,9,1,1,False,,,,,
197,98.5,10,1,1,False,,,,,
197,98.5,11,1,1,False,,,,,
197,98.5,12,1,1,False,,,,,
197,98.5,13,1,1,False,,,,,
197,98.5,14,1,1,False,,,,,
197,98.5,15,1,1,False,,,,,
197,98.5,16,1,1,False,,,,,
197,98.5,17,1,1,False,,,,,
197,98.5,18,1,1,False,,,,,
197,98.5,19,1,1,False,,,,,
197,98.5,20,1,1,False,,,,,
197,98.5,21,1,1,False,,,,,
197,98.5,22,1,1,False,,,,,
197,98.5,23,1,1,False,,,,,
197,98.5,24,1,1,False,,,,,
197,98.5,25,1,1,False,,,,,
197,98.5,26,1,1,False,,,,,
197,98.5,27,1,1,False,,,,,
197,98.5,28,1,1,False,,,,,
197,98.5,29,1,1,False,,,,,
197,98.5,30,1,1,False,,,,,
197,98.5,31,1,1,False,,,,,
197,98.5,32,1,1,False,,,,,
197,98.5,33,1,1,False,,,,,
197,98.5,34,1,1,False,,,,,
197,98.5,35,1,1,False,,,,,
197,98.5,36,1,1,False,,,,,
197,98.5,37,1,1,False,,,,,
197,98.5,38,1,1,False,,,,,
197,98.5,39,1,1,False,,,,,
198,99.0,0,1,1,False,,,,,
198,99.0,1,1,1,False,,,,,
198,99.0,2,1,1,False,,,,,
198,99.0,3,1,1,False,,,,,
198,99.0,4,1,1,False,,,,,
198,99.0,5,1,1,False,,,,,
198,99.0,6,1,1,False,,,,,
198,99.0,7,1,1,False,,,,,
198,99.0,8,1,1,False,,,,,
198,99.0,9,1,1,False,,,,,
198,99.0,10,1,1,False,,,,,
198,99.0,11,1,1,False,,,,,
198,99.0,12,1,1,False,,,,,
198,99.0,13,1,1,False,,,,,
198,99.0,14,1,1,False,,,,,
198,99.0,15,1,1,False,,,,,
198,99.0,16,1,1,False,,,,,
198,99.0,17,1,1,False,,,,,
198,99.0,18,1,1,False,,,,,
198,99.0,19,1,1,False,,,,,
198,99.0,20,1,1,False,,,,,
198,99.0,21,1,1,False,,,,,
198,99.0,22,1,1,False,,,,,
198,99.0,23,1,1,False,,,,,
198,99.0,24,1,1,False,,,,,
198,99.0,25,1,1,False,,,,,
198,99.0,26,1,1,False,,,,,
198,99.0,27,1,1,False,,,,,
198,99.0,28,1,1,False,,,,,
198,99.0,29,1,1,False,,,,,
198,99.0,30,1,1,False,,,,,
198,99.0,31,1,1,False,,,,,
198,99.0,32,1,1,False,,,,,
198,99.0,33,1,1,False,,,,,
198,99.0,34,1,1,False,,,,,
198,99.0,35,1,1,False,,,,,
198,99.0,36,1,1,False,,,,,
198,99.0,37,1,1,False,,,,,
198,99.0,38,1,1,False,,,,,
198,99.0,39,1,1,False,,,,,
199,99.5,0,1,1,False,,,,,
199,99.5,1,1,1,False,,,,,
199,99.5,2,1,1,False,,,,,
199,99.5,3,1,1,False,,,,,
199,99.5,4,1,1,False,,,,,
199,99.5,5,1,1,False,,,,,
199,99.5,6,1,1,False,,,,,
199,99.5,7,1,1,False,,,,,
199,99.5,8,1,1,False,,,,,
199,99.5,9,1,1,False,,,,,
199,99.5,10,1,1,False,,,,,
199,99.5,11,1,1,False,,,,,
199,99.5,12,1,1,False,,,,,
199,99.5,13,1,1,False,,,,,
199,99.5,14,1,1,False,,,,,
199,99.5,15,1,1,False,,,,,
199,99.5,16,1,1,False,,,,,
199,99.5,17,1,1,False,,,,,
199,99.5,18,1,1,False,,,,,
199,99.5,19,1,1,False,,,,,
199,99.5,20,1,1,False,,,,,
199,99.5,21,1,1,False,,,,,
199,99.5,22,1,1,False,,,,,
199,99.5,23,1,1,False,,,,,
199,99.5,24,1,1,False,,,,,
199,99.5,25,1,1,False,,,,,
199,99.5,26,1,1,False,,,,,
199,99.5,27,1,1,False,,,,,
199,99.5,28,1,1,False,,,,,
199,99.5,29,1,1,False,,,,,
199,99.5,30,1,1,False,,,,,
199,99.5,31,1,1,False,,,,,
199,99.5,32,1,1,False,,,,,
199,99.5,33,1,1,False,,,,,
199,99.5,34,1,1,False,,,,,
199,99.5,35,1,1,False,,,,,
199,99.5,36,1,1,False,,,,,
199,99.5,37,1,1,False,,,,,
199,99.5,38,1,1,False,,,,,
199,99.5,39,1,1,False,,,,,
200,100.0,0,1,1,False,,,,,
200,100.0,1,1,1,False,,,,,
200,100.0,2,1,1,False,,,,,
200,100.0,3,1,1,False,,,,,
200,100.0,4,1,1,False,,,,,
200,100.0,5,1,1,False,,,,,
200,100.0,6,1,1,False,,,,,
200,100.0,7,1,1,False,,,,,
200,100.0,8,1,1,False,,,,,
200,100.0,9,1,1,False,,,,,
200,100.0,10,1,1,False,,,,,
200,100.0,11,1,1,False,,,,,
200,100.0,12,1,1,False,,,,,
200,100.0,13,1,1,False,,,,,
200,100.0,14,1,1,False,,,,,
200,100.0,15,1,1,False,,,,,
200,100.0,16,1,1,False,,,,,
200,100.0,17,1,1,False,,,,,
200,100.0,18,1,1,False,,,,,
200,100.0,19,1,1,False,,,,,
200,100.0,20,1,1,False,,,,,
200,100.0,21,1,1,False,,,,,
200,100.0,22,1,1,False,,,,,
200,100.0,23,1,1,False,,,,,
200,100.0,24,1,1,False,,,,,
200,100.0,25,1,1,False,,,,,
200,100.0,26,1,1,False,,,,,
200,100.0,27,1,1,False,,,,,
200,100.0,28,1,1,False,,,,,
200,100.0,29,1,1,False,,,,,
200,100.0,30,1,1,False,,,,,
200,100.0,31,1,1,False,,,,,
200,100.0,32,1,1,False,,,,,
200,100.0,33,1,1,False,,,,,
200,100.0,34,1,1,False,,,,,
200,100.0,35,1,1,False,,,,,
200,100.0,36,1,1,False,,,,,
200,100.0,37,1,1,False,,,,,
200,100.0,38,1,1,False,,,,,
200,100.0,39,1,1,False,,,,,
201,100.5,0,1,1,False,,,,,
201,100.5,1,1,1,False,,,,,
201,100.5,2,1,1,False,,,,,
201,100.5,3,1,1,False,,,,,
201,100.5,4,1,1,False,,,,,
201,100.5,5,1,1,False,,,,,
201,100.5,6,1,1,False,,,,,
201,100.5,7,1,1,False,,,,,
201,100.5,8,1,1,False,,,,,
201,100.5,9,1,1,False,,,,,
201,100.5,10,1,1,False,,,,,
201,100.5,11,1,1,False,,,,,
201,100.5,12,1,1,False,,,,,
201,100.5,13,1,1,False,,,,,
201,100.5,14,1,1,False,,,,,
201,100.5,15,1,1,False,,,,,
201,100.5,16,1,1,False,,,,,
201,100.5,17,1,1,False,,,,,
201,100.5,18,1,1,False,,,,,
201,100.5,19,1,1,False,,,,,
201,100.5,20,1,1,False,,,,,
201,100.5,21,1,1,False,,,,,
201,100.5,22,1,1,False,,,,,
201,100.5,23,1,1,False,,,,,
201,100.5,24,1,1,False,,,,,
201,100.5,25,1,1,False,,,,,
201,100.5,26,1,1,False,,,,,
201,100.5,27,1,1,False,,,,,
201,100.5,28,1,1,False,,,,,
201,100.5,29,1,1,False,,,,,
201,100.5,30,1,1,False,,,,,
201,100.5,31,1,1,False,,,,,
201,100.5,32,1,1,False,,,,,
201,100.5,33,1,1,False,,,,,
201,100.5,34,1,1,False,,,,,
201,100.5,35,1,1,False,,,,,
201,100.5,36,1,1,False,,,,,
201,100.5,37,1,1,False,,,,,
201,100.5,38,1,1,False,,,,,
201,100.5,39,1,1,False,,,,,
202,101.0,0,1,1,False,,,,,
202,101.0,1,1,1,False,,,,,
202,101.0,2,1,1,False,,,,,
202,101.0,3,1,1,False,,,,,
202,101.0,4,1,1,False,,,,,
202,101.0,5,1,1,False,,,,,
202,101.0,6,1,1,False,,,,,
202,101.0,7,1,1,False,,,,,
202,101.0,8,1,1,False,,,,,
202,101.0,9,1,1,False,,,,,
202,101.0,10,1,1,False,,,,,
202,101.0,11,1,1,False,,,,,
202,101.0,12,1,1,False,,,,,
202,101.0,13,1,1,False,,,,,
202,101.0,14,1,1,False,,,,,
202,101.0,15,1,1,False,,,,,
202,101.0,16,1,1,False,,,,,
202,101.0,17,1,1,False,,,,,
202,101.0,18,1,1,False,,,,,
202,101.0,19,1,1,False,,,,,
202,101.0,20,1,1,False,,,,,
202,101.0,21,1,1,False,,,,,
202,101.0,22,1,1,False,,,,,
202,101.0,23,1,1,False,,,,,
202,101.0,24,1,1,False,,,,,
202,101.0,25,1,1,False,,,,,
202,101.0,26,1,1,False,,,,,
202,101.0,27,1,1,False,,,,,
202,101.0,28,1,1,False,,,,,
202,101.0,29,1,1,False,,,,,
202,101.0,30,1,1,False,,,,,
202,101.0,31,1,1,False,,,,,
202,101.0,32,1,1,False,,,,,
202,101.0,33,1,1,False,,,,,
202,101.0,34,1,1,False,,,,,
202,101.0,35,1,1,False,,,,,
202,101.0,36,1,1,False,,,,,
202,101.0,37,1,1,False,,,,,
202,101.0,38,1,1,False,,,,,
202,101.0,39,1,1,False,,,,,
203,101.5,0,1,1,False,,,,,
203,101.5,1,1,1,False,,,,,
203,101.5,2,1,1,False,,,,,
203,101.5,3,1,1,False,,,,,
203,101.5,4,1,1,False,,,,,
203,101.5,5,1,1,False,,,,,
203,101.5,6,1,1,False,,,,,
203,101.5,7,1,1,False,,,,,
203,101.5,8,1,1,False,,,,,
203,101.5,9,1,1,False,,,,,
203,101.5,10,1,1,False,,,,,
203,101.5,11,1,1,False,,,,,
203,101.5,12,1,1,False,,,,,
203,101.5,13,1,1,False,,,,,
203,101.5,14,1,1,False,,,,,
203,101.5,15,1,1,False,,,,,
203,101.5,16,1,1,False,,,,,
203,101.5,17,1,1,False,,,,,
203,101.5,18,1,1,False,,,,,
203,101.5,19,1,1,False,,,,,
203,101.5,20,1,1,False,,,,,
203,101.5,21,1,1,False,,,,,
203,101.5,22,1,1,False,,,,,
203,101.5,23,1,1,False,,,,,
203,101.5,24,1,1,False,,,,,
203,101.5,25,1,1,False,,,,,
203,101.5,26,1,1,False,,,,,
203,101.5,27,1,1,False,,,,,
203,101.5,28,1,1,False,,,,,
203,101.5,29,1,1,False,,,,,
203,101.5,30,1,1,False,,,,,
203,101.5,31,1,1,False,,,,,
203,101.5,32,1,1,False,,,,,
203,101.5,33,1,1,False,,,,,
203,101.5,34,1,1,False,,,,,
203,101.5,35,1,1,False,,,,,
203,101.5,36,1,1,False,,,,,
203,101.5,37,1,1,False,,,,,
203,101.5,38,1,1,False,,,,,
203,101.5,39,1,1,False,,,,,
204,102.0,0,1,1,False,,,,,
204,102.0,1,1,1,False,,,,,
204,102.0,2,1,1,False,,,,,
204,102.0,3,1,1,False,,,,,
204,102.0,4,1,1,False,,,,,
204,102.0,5,1,1,False,,,,,
204,102.0,6,1,1,False,,,,,
204,102.0,7,1,1,False,,,,,
204,102.0,8,1,1,False,,,,,
204,102.0,9,1,1,False,,,,,
204,102.0,10,1,1,False,,,,,
204,102.0,11,1,1,False,,,,,
204,102.0,12,1,1,False,,,,,
204,102.0,13,1,1,False,,,,,
204,102.0,14,1,1,False,,,,,
204,102.0,15,1,1,False,,,,,
204,102.0,16,1,1,False,,,,,
204,102.0,17,1,1,False,,,,,
204,102.0,18,1,1,False,,,,,
204,102.0,19,1,1,False,,,,,
204,102.0,20,1,1,False,,,,,
204,102.0,21,1,1,False,,,,,
204,102.0,22,1,1,False,,,,,
204,102.0,23,1,1,False,,,,,
204,102.0,24,1,1,False,,,,,
204,102.0,25,1,1,False,,,,,
204,102.0,26,1,1,False,,,,,
204,102.0,27,1,1,False,,,,,
204,102.0,28,1,1,False,,,,,
204,102.0,29,1,1,False,,,,,
204,102.0,30,1,1,False,,,,,
204,102.0,31,1,1,False,,,,,
204,102.0,32,1,1,False,,,,,
204,102.0,33,1,1,False,,,,,
204,102.0,34,1,1,False,,,,,
204,102.0,35,1,1,False,,,,,
204,102.0,36,1,1,False,,,,,
204,102.0,37,1,1,False,,,,,
204,102.0,38,1,1,False,,,,,
204,102.0,39,1,1,False,,,,,
205,102.5,0,1,1,False,,,,,
205,102.5,1,1,1,False,,,,,
205,102.5,2,1,1,False,,,,,
205,102.5,3,1,1,False,,,,,
205,102.5,4,1,1,False,,,,,
205,102.5,5,1,1,False,,,,,
205,102.5,6,1,1,False,,,,,
205,102.5,7,1,1,False,,,,,
205,102.5,8,1,1,False,,,,,
205,102.5,9,1,1,False,,,,,
205,102.5,10,1,1,False,,,,,
205,102.5,11,1,1,False,,,,,
205,102.5,12,1,1,False,,,,,
205,102.5,13,1,1,False,,,,,
205,102.5,14,1,1,False,,,,,
205,102.5,15,1,1,False,,,,,
205,102.5,16,1,1,False,,,,,
205,102.5,17,1,1,False,,,,,
205,102.5,18,1,1,False,,,,,
205,102.5,19,1,1,False,,,,,
205,102.5,20,1,1,False,,,,,
205,102.5,21,1,1,False,,,,,
205,102.5,22,1,1,False,,,,,
205,102.5,23,1,1,False,,,,,
205,102.5,24,1,1,False,,,,,
205,102.5,25,1,1,False,,,,,
205,102.5,26,1,1,False,,,,,
205,102.5,27,1,1,False,,,,,
205,102.5,28,1,1,False,,,,,
205,102.5,29,1,1,False,,,,,
205,102.5,30,1,1,False,,,,,
205,102.5,31,1,1,False,,,,,
205,102.5,32,1,1,False,,,,,
205,102.5,33,1,1,False,,,,,
205,102.5,34,1,1,False,,,,,
205,102.5,35,1,1,False,,,,,
205,102.5,36,1,1,False,,,,,
205,102.5,37,1,1,False,,,,,
205,102.5,38,1,1,False,,,,,
205,102.5,39,1,1,False,,,,,
206,103.0,0,1,1,False,,,,,
206,103.0,1,1,1,False,,,,,
206,103.0,2,1,1,False,,,,,
206,103.0,3,1,1,False,,,,,
206,103.0,4,1,1,False,,,,,
206,103.0,5,1,1,False,,,,,
206,103.0,6,1,1,False,,,,,
206,103.0,7,1,1,False,,,,,
206,103.0,8,1,1,False,,,,,
206,103.0,9,1,1,False,,,,,
206,103.0,10,1,1,False,,,,,
206,103.0,11,1,1,False,,,,,
206,103.0,12,1,1,False,,,,,
206,103.0,13,1,1,False,,,,,
206,103.0,14,1,1,False,,,,,
206,103.0,15,1,1,False,,,,,
206,103.0,16,1,1,False,,,,,
206,103.0,17,1,1,False,,,,,
206,103.0,18,1,1,False,,,,,
206,103.0,19,1,1,False,,,,,
206,103.0,20,1,1,False,,,,,
206,103.0,21,1,1,False,,,,,
206,103.0,22,1,1,False,,,,,
206,103.0,23,1,1,False,,,,,
206,103.0,24,1,1,False,,,,,
206,103.0,25,1,1,False,,,,,
206,103.0,26,1,1,False,,,,,
206,103.0,27,1,1,False,,,,,
206,103.0,28,1,1,False,,,,,
206,103.0,29,1,1,False,,,,,
206,103.0,30,1,1,False,,,,,
206,103.0,31,1,1,False,,,,,
206,103.0,32,1,1,False,,,,,
206,103.0,33,1,1,False,,,,,
206,103.0,34,1,1,False,,,,,
206,103.0,35,1,1,False,,,,,
206,103.0,36,1,1,False,,,,,
206,103.0,37,1,1,False,,,,,
206,103.0,38,1,1,False,,,,,
206,103.0,39,1,1,False,,,,,
207,103.5,0,1,1,False,,,,,
207,103.5,1,1,1,False,,,,,
207,103.5,2,1,1,False,,,,,
207,103.5,3,1,1,False,,,,,
207,103.5,4,1,1,False,,,,,
207,103.5,5,1,1,False,,,,,
207,103.5,6,1,1,False,,,,,
207,103.5,7,1,1,False,,,,,
207,103.5,8,1,1,False,,,,,
207,103.5,9,1,1,False,,,,,
207,103.5,10,1,1,False,,,,,
207,103.5,11,1,1,False,,,,,
207,103.5,12,1,1,False,,,,,
207,103.5,13,1,1,False,,,,,
207,103.5,14,1,1,False,,,,,
207,103.5,15,1,1,False,,,,,
207,103.5,16,1,1,False,,,,,
207,103.5,17,1,1,False,,,,,
207,103.5,18,1,1,False,,,,,
207,103.5,19,1,1,False,,,,,
207,103.5,20,1,1,False,,,,,
207,103.5,21,1,1,False,,,,,
207,103.5,22,1,1,False,,,,,
207,103.5,23,1,1,False,,,,,
207,103.5,24,1,1,False,,,,,
207,103.5,25,1,1,False,,,,,
207,103.5,26,1,1,False,,,,,
207,103.5,27,1,1,False,,,,,
207,103.5,28,1,1,False,,,,,
207,103.5,29,1,1,False,,,,,
207,103.5,30,1,1,False,,,,,
207,103.5,31,1,1,False,,,,,
207,103.5,32,1,1,False,,,,,
207,103.5,33,1,1,False,,,,,
207,103.5,34,1,1,False,,,,,
207,103.5,35,1,1,False,,,,,
207,103.5,36,1,1,False,,,,,
207,103.5,37,1,1,False,,,,,
207,103.5,38,1,1,False,,,,,
207,103.5,39,1,1,False,,,,,
208,104.0,0,1,1,False,,,,,
208,104.0,1,1,1,False,,,,,
208,104.0,2,1,1,False,,,,,
208,104.0,3,1,1,False,,,,,
208,104.0,4,1,1,False,,,,,
208,104.0,5,1,1,False,,,,,
208,104.0,6,1,1,False,,,,,
208,104.0,7,1,1,False,,,,,
208,104.0,8,1,1,False,,,,,
208,104.0,9,1,1,False,,,,,
208,104.0,10,1,1,False,,,,,
208,104.0,11,1,1,False,,,,,
208,104.0,12,1,1,False,,,,,
208,104.0,13,1,1,False,,,,,
208,104.0,14,1,1,False,,,,,
208,104.0,15,1,1,False,,,,,
208,104.0,16,1,1,False,,,,,
208,104.0,17,1,1,False,,,,,
208,104.0,18,1,1,False,,,,,
208,104.0,19,1,1,False,,,,,
208,104.0,20,1,1,False,,,,,
208,104.0,21,1,1,False,,,,,
208,104.0,22,1,1,False,,,,,
208,104.0,23,1,1,False,,,,,
208,104.0,24,1,1,False,,,,,
208,104.0,25,1,1,False,,,,,
208,104.0,26,1,1,False,,,,,
208,104.0,27,1,1,False,,,,,
208,104.0,28,1,1,False,,,,,
208,104.0,29,1,1,False,,,,,
208,104.0,30,1,1,False,,,,,
208,104.0,31,1,1,False,,,,,
208,104.0,32,1,1,False,,,,,
208,104.0,33,1,1,False,,,,,
208,104.0,34,1,1,False,,,,,
208,104.0,35,1,1,False,,,,,
208,104.0,36,1,1,False,,,,,
208,104.0,37,1,1,False,,,,,
208,104.0,38,1,1,False,,,,,
208,104.0,39,1,1,False,,,,,
209,104.5,0,1,1,False,,,,,
209,104.5,1,1,1,False,,,,,
209,104.5,2,1,1,False,,,,,
209,104.5,3,1,1,False,,,,,
209,104.5,4,1,1,False,,,,,
209,104.5,5,1,1,False,,,,,
209,104.5,6,1,1,False,,,,,
209,104.5,7,1,1,False,,,,,
209,104.5,8,1,1,False,,,,,
209,104.5,9,1,1,False,,,,,
209,104.5,10,1,1,False,,,,,
209,104.5,11,1,1,False,,,,,
209,104.5,12,1,1,False,,,,,
209,104.5,13,1,1,False,,,,,
209,104.5,14,1,1,False,,,,,
209,104.5,15,1,1,False,,,,,
209,104.5,16,1,1,False,,,,,
209,104.5,17,1,1,False,,,,,
209,104.5,18,1,1,False,,,,,
209,104.5,19,1,1,False,,,,,
209,104.5,20,1,1,False,,,,,
209,104.5,21,1,1,False,,,,,
209,104.5,22,1,1,False,,,,,
209,104.5,23,1,1,False,,,,,
209,104.5,24,1,1,False,,,,,
209,104.5,25,1,1,False,,,,,
209,104.5,26,1,1,False,,,,,
209,104.5,27,1,1,False,,,,,
209,104.5,28,1,1,False,,,,,
209,104.5,29,1,1,False,,,,,
209,104.5,30,1,1,False,,,,,
209,104.5,31,1,1,False,,,,,
209,104.5,32,1,1,False,,,,,
209,104.5,33,1,1,False,,,,,
209,104.5,34,1,1,False,,,,,
209,104.5,35,1,1,False,,,,,
209,104.5,36,1,1,False,,,,,
209,104.5,37,1,1,False,,,,,
209,104.5,38,1,1,False,,,,,
209,104.5,39,1,1,False,,,,,
210,105.0,0,1,1,False,,,,,
210,105.0,1,1,1,False,,,,,
210,105.0,2,1,1,False,,,,,
210,105.0,3,1,1,False,,,,,
210,105.0,4,1,1,False,,,,,
210,105.0,5,1,1,False,,,,,
210,105.0,6,1,1,False,,,,,
210,105.0,7,1,1,False,,,,,
210,105.0,8,1,1,False,,,,,
210,105.0,9,1,1,False,,,,,
210,105.0,10,1,1,False,,,,,
210,105.0,11,1,1,False,,,,,
210,105.0,12,1,1,False,,,,,
210,105.0,13,1,1,False,,,,,
210,105.0,14,1,1,False,,,,,
210,105.0,15,1,1,False,,,,,
210,105.0,16,1,1,False,,,,,
210,105.0,17,1,1,False,,,,,
210,105.0,18,1,1,False,,,,,
210,105.0,19,1,1,False,,,,,
210,105.0,20,1,1,False,,,,,
210,105.0,21,1,1,False,,,,,
210,105.0,22,1,1,False,,,,,
210,105.0,23,1,1,False,,,,,
210,105.0,24,1,1,False,,,,,
210,105.0,25,1,1,False,,,,,
210,105.0,26,1,1,False,,,,,
210,105.0,27,1,1,False,,,,,
210,105.0,28,1,1,False,,,,,
210,105.0,29,1,1,False,,,,,
210,105.0,30,1,1,False,,,,,
210,105.0,31,1,1,False,,,,,
210,105.0,32,1,1,False,,,,,
210,105.0,33,1,1,False,,,,,
210,105.0,34,1,1,False,,,,,
210,105.0,35,1,1,False,,,,,
210,105.0,36,1,1,False,,,,,
210,105.0,37,1,1,False,,,,,
210,105.0,38,1,1,False,,,,,
210,105.0,39,1,1,False,,,,,
211,105.5,0,1,1,False,,,,,
211,105.5,1,1,1,False,,,,,
211,105.5,2,1,1,False,,,,,
211,105.5,3,1,1,False,,,,,
211,105.5,4,1,1,False,,,,,
211,105.5,5,1,1,False,,,,,
211,105.5,6,1,1,False,,,,,
211,105.5,7,1,1,False,,,,,
211,105.5,8,1,1,False,,,,,
211,105.5,9,1,1,False,,,,,
211,105.5,10,1,1,False,,,,,
211,105.5,11,1,1,False,,,,,
211,105.5,12,1,1,False,,,,,
211,105.5,13,1,1,False,,,,,
211,105.5,14,1,1,False,,,,,
211,105.5,15,1,1,False,,,,,
211,105.5,16,1,1,False,,,,,
211,105.5,17,1,1,False,,,,,
211,105.5,18,1,1,False,,,,,
211,105.5,19,1,1,False,,,,,
211,105.5,20,1,1,False,,,,,
211,105.5,21,1,1,False,,,,,
211,105.5,22,1,1,False,,,,,
211,105.5,23,1,1,False,,,,,
211,105.5,24,1,1,False,,,,,
211,105.5,25,1,1,False,,,,,
211,105.5,26,1,1,False,,,,,
211,105.5,27,1,1,False,,,,,
211,105.5,28,1,1,False,,,,,
211,105.5,29,1,1,False,,,,,
211,105.5,30,1,1,False,,,,,
211,105.5,31,1,1,False,,,,,
211,105.5,32,1,1,False,,,,,
211,105.5,33,1,1,False,,,,,
211,105.5,34,1,1,False,,,,,
211,105.5,35,1,1,False,,,,,
211,105.5,36,1,1,False,,,,,
211,105.5,37,1,1,False,,,,,
211,105.5,38,1,1,False,,,,,
211,105.5,39,1,1,False,,,,,
212,106.0,0,1,1,False,,,,,
212,106.0,1,1,1,False,,,,,
212,106.0,2,1,1,False,,,,,
212,106.0,3,1,1,False,,,,,
212,106.0,4,1,1,False,,,,,
212,106.0,5,1,1,False,,,,,
212,106.0,6,1,1,False,,,,,
212,106.0,7,1,1,False,,,,,
212,106.0,8,1,1,False,,,,,
212,106.0,9,1,1,False,,,,,
212,106.0,10,1,1,False,,,,,
212,106.0,11,1,1,False,,,,,
212,106.0,12,1,1,False,,,,,
212,106.0,13,1,1,False,,,,,
212,106.0,14,1,1,False,,,,,
212,106.0,15,1,1,False,,,,,
212,106.0,16,1,1,False,,,,,
212,106.0,17,1,1,False,,,,,
212,106.0,18,1,1,False,,,,,
212,106.0,19,1,1,False,,,,,
212,106.0,20,1,1,False,,,,,
212,106.0,21,1,1,False,,,,,
212,106.0,22,1,1,False,,,,,
212,106.0,23,1,1,False,,,,,
212,106.0,24,1,1,False,,,,,
212,106.0,25,1,1,False,,,,,
212,106.0,26,1,1,False,,,,,
212,106.0,27,1,1,False,,,,,
212,106.0,28,1,1,False,,,,,
212,106.0,29,1,1,False,,,,,
212,106.0,30,1,1,False,,,,,
212,106.0,31,1,1,False,,,,,
212,106.0,32,1,1,False,,,,,
212,106.0,33,1,1,False,,,,,
212,106.0,34,1,1,False,,,,,
212,106.0,35,1,1,False,,,,,
212,106.0,36,1,1,False,,,,,
212,106.0,37,1,1,False,,,,,
212,106.0,38,1,1,False,,,,,
212,106.0,39,1,1,False,,,,,
213,106.5,0,1,1,False,,,,,
213,106.5,1,1,1,False,,,,,
213,106.5,2,1,1,False,,,,,
213,106.5,3,1,1,False,,,,,
213,106.5,4,1,1,False,,,,,
213,106.5,5,1,1,False,,,,,
213,106.5,6,1,1,False,,,,,
213,106.5,7,1,1,False,,,,,
213,106.5,8,1,1,False,,,,,
213,106.5,9,1,1,False,,,,,
213,106.5,10,1,1,False,,,,,
213,106.5,11,1,1,False,,,,,
213,106.5,12,1,1,False,,,,,
213,106.5,13,1,1,False,,,,,
213,106.5,14,1,1,False,,,,,
213,106.5,15,1,1,False,,,,,
213,106.5,16,1,1,False,,,,,
213,106.5,17,1,1,False,,,,,
213,106.5,18,1,1,False,,,,,
213,106.5,19,1,1,False,,,,,
213,106.5,20,1,1,False,,,,,
213,106.5,21,1,1,False,,,,,
213,106.5,22,1,1,False,,,,,
213,106.5,23,1,1,False,,,,,
213,106.5,24,1,1,False,,,,,
213,106.5,25,1,1,False,,,,,
213,106.5,26,1,1,False,,,,,
213,106.5,27,1,1,False,,,,,
213,106.5,28,1,1,False,,,,,
213,106.5,29,1,1,False,,,,,
213,106.5,30,1,1,False,,,,,
213,106.5,31,1,1,False,,,,,
213,106.5,32,1,1,False,,,,,
213,106.5,33,1,1,False,,,,,
213,106.5,34,1,1,False,,,,,
213,106.5,35,1,1,False,,,,,
213,106.5,36,1,1,False,,,,,
213,106.5,37,1,1,False,,,,,
213,106.5,38,1,1,False,,,,,
213,106.5,39,1,1,False,,,,,
214,107.0,0,1,1,False,,,,,
214,107.0,1,1,1,False,,,,,
214,107.0,2,1,1,False,,,,,
214,107.0,3,1,1,False,,,,,
214,107.0,4,1,1,False,,,,,
214,107.0,5,1,1,False,,,,,
214,107.0,6,1,1,False,,,,,
214,107.0,7,1,1,False,,,,,
214,107.0,8,1,1,False,,,,,
214,107.0,9,1,1,False,,,,,
214,107.0,10,1,1,False,,,,,
214,107.0,11,1,1,False,,,,,
214,107.0,12,1,1,False,,,,,
214,107.0,13,1,1,False,,,,,
214,107.0,14,1,1,False,,,,,
214,107.0,15,1,1,False,,,,,
214,107.0,16,1,1,False,,,,,
214,107.0,17,1,1,False,,,,,
214,107.0,18,1,1,False,,,,,
214,107.0,19,1,1,False,,,,,
214,107.0,20,1,1,False,,,,,
214,107.0,21,1,1,False,,,,,
214,107.0,22,1,1,False,,,,,
214,107.0,23,1,1,False,,,,,
214,107.0,24,1,1,False,,,,,
214,107.0,25,1,1,False,,,,,
214,107.0,26,1,1,False,,,,,
214,107.0,27,1,1,False,,,,,
214,107.0,28,1,1,False,,,,,
214,107.0,29,1,1,False,,,,,
214,107.0,30,1,1,False,,,,,
214,107.0,31,1,1,False,,,,,
214,107.0,32,1,1,False,,,,,
214,107.0,33,1,1,False,,,,,
214,107.0,34,1,1,False,,,,,
214,107.0,35,1,1,False,,,,,
214,107.0,36,1,1,False,,,,,
214,107.0,37,1,1,False,,,,,
214,107.0,38,1,1,False,,,,,
214,107.0,39,1,1,False,,,,,
215,107.5,0,1,1,False,,,,,
215,107.5,1,1,1,False,,,,,
215,107.5,2,1,1,False,,,,,
215,107.5,3,1,1,False,,,,,
215,107.5,4,1,1,False,,,,,
215,107.5,5,1,1,False,,,,,
215,107.5,6,1,1,False,,,,,
215,107.5,7,1,1,False,,,,,
215,107.5,8,1,1,False,,,,,
215,107.5,9,1,1,False,,,,,
215,107.5,10,1,1,False,,,,,
215,107.5,11,1,1,False,,,,,
215,107.5,12,1,1,False,,,,,
215,107.5,13,1,1,False,,,,,
215,107.5,14,1,1,False,,,,,
215,107.5,15,1,1,False,,,,,
215,107.5,16,1,1,False,,,,,
215,107.5,17,1,1,False,,,,,
215,107.5,18,1,1,False,,,,,
215,107.5,19,1,1,False,,,,,
215,107.5,20,1,1,False,,,,,
215,107.5,21,1,1,False,,,,,
215,107.5,22,1,1,False,,,,,
215,107.5,23,1,1,False,,,,,
215,107.5,24,1,1,False,,,,,
215,107.5,25,1,1,False,,,,,
215,107.5,26,1,1,False,,,,,
215,107.5,27,1,1,False,,,,,
215,107.5,28,1,1,False,,,,,
215,107.5,29,1,1,False,,,,,
215,107.5,30,1,1,False,,,,,
215,107.5,31,1,1,False,,,,,
215,107.5,32,1,1,False,,,,,
215,107.5,33,1,1,False,,,,,
215,107.5,34,1,1,False,,,,,
215,107.5,35,1,1,False,,,,,
215,107.5,36,1,1,False,,,,,
215,107.5,37,1,1,False,,,,,
215,107.5,38,1,1,False,,,,,
215,107.5,39,1,1,False,,,,,
216,108.0,0,1,1,False,,,,,
216,108.0,1,1,1,False,,,,,
216,108.0,2,1,1,False,,,,,
216,108.0,3,1,1,False,,,,,
216,108.0,4,1,1,False,,,,,
216,108.0,5,1,1,False,,,,,
216,108.0,6,1,1,False,,,,,
216,108.0,7,1,1,False,,,,,
216,108.0,8,1,1,False,,,,,
216,108.0,9,1,1,False,,,,,
216,108.0,10,1,1,False,,,,,
216,108.0,11,1,1,False,,,,,
216,108.0,12,1,1,False,,,,,
216,108.0,13,1,1,False,,,,,
216,108.0,14,1,1,False,,,,,
216,108.0,15,1,1,False,,,,,
216,108.0,16,1,1,False,,,,,
216,108.0,17,1,1,False,,,,,
216,108.0,18,1,1,False,,,,,
216,108.0,19,1,1,False,,,,,
216,108.0,20,1,1,False,,,,,
216,108.0,21,1,1,False,,,,,
216,108.0,22,1,1,False,,,,,
216,108.0,23,1,1,False,,,,,
216,108.0,24,1,1,False,,,,,
216,108.0,25,1,1,False,,,,,
216,108.0,26,1,1,False,,,,,
216,108.0,27,1,1,False,,,,,
216,108.0,28,1,1,False,,,,,
216,108.0,29,1,1,False,,,,,
216,108.0,30,1,1,False,,,,,
216,108.0,31,1,1,False,,,,,
216,108.0,32,1,1,False,,,,,
216,108.0,33,1,1,False,,,,,
216,108.0,34,1,1,False,,,,,
216,108.0,35,1,1,False,,,,,
216,108.0,36,1,1,False,,,,,
216,108.0,37,1,1,False,,,,,
216,108.0,38,1,1,False,,,,,
216,108.0,39,1,1,False,,,,,
217,108.5,0,1,1,False,,,,,
217,108.5,1,1,1,False,,,,,
217,108.5,2,1,1,False,,,,,
217,108.5,3,1,1,False,,,,,
217,108.5,4,1,1,False,,,,,
217,108.5,5,1,1,False,,,,,
217,108.5,6,1,1,False,,,,,
217,108.5,7,1,1,False,,,,,
217,108.5,8,1,1,False,,,,,
217,108.5,9,1,1,False,,,,,
217,108.5,10,1,1,False,,,,,
217,108.5,11,1,1,False,,,,,
217,108.5,12,1,1,False,,,,,
217,108.5,13,1,1,False,,,,,
217,108.5,14,1,1,False,,,,,
217,108.5,15,1,1,False,,,,,
217,108.5,16,1,1,False,,,,,
217,108.5,17,1,1,False,,,,,
217,108.5,18,1,1,False,,,,,
217,108.5,19,1,1,False,,,,,
217,108.5,20,1,1,False,,,,,
217,108.5,21,1,1,False,,,,,
217,108.5,22,1,1,False,,,,,
217,108.5,23,1,1,False,,,,,
217,108.5,24,1,1,False,,,,,
217,108.5,25,1,1,False,,,,,
217,108.5,26,1,1,False,,,,,
217,108.5,27,1,1,False,,,,,
217,108.5,28,1,1,False,,,,,
217,108.5,29,1,1,False,,,,,
217,108.5,30,1,1,False,,,,,
217,108.5,31,1,1,False,,,,,
217,108.5,32,1,1,False,,,,,
217,108.5,33,1,1,False,,,,,
217,108.5,34,1,1,False,,,,,
217,108.5,35,1,1,False,,,,,
217,108.5,36,1,1,False,,,,,
217,108.5,37,1,1,False,,,,,
217,108.5,38,1,1,False,,,,,
217,108.5,39,1,1,False,,,,,
218,109.0,0,1,1,False,,,,,
218,109.0,1,1,1,False,,,,,
218,109.0,2,1,1,False,,,,,
218,109.0,3,1,1,False,,,,,
218,109.0,4,1,1,False,,,,,
218,109.0,5,1,1,False,,,,,
218,109.0,6,1,1,False,,,,,
218,109.0,7,1,1,False,,,,,
218,109.0,8,1,1,False,,,,,
218,109.0,9,1,1,False,,,,,
218,109.0,10,1,1,False,,,,,
218,109.0,11,1,1,False,,,,,
218,109.0,12,1,1,False,,,,,
218,109.0,13,1,1,False,,,,,
218,109.0,14,1,1,False,,,,,
218,109.0,15,1,1,False,,,,,
218,109.0,16,1,1,False,,,,,
218,109.0,17,1,1,False,,,,,
218,109.0,18,1,1,False,,,,,
218,109.0,19,1,1,False,,,,,
218,109.0,20,1,1,False,,,,,
218,109.0,21,1,1,False,,,,,
218,109.0,22,1,1,False,,,,,
218,109.0,23,1,1,False,,,,,
218,109.0,24,1,1,False,,,,,
218,109.0,25,1,1,False,,,,,
218,109.0,26,1,1,False,,,,,
218,109.0,27,1,1,False,,,,,
218,109.0,28,1,1,False,,,,,
218,109.0,29,1,1,False,,,,,
218,109.0,30,1,1,False,,,,,
218,109.0,31,1,1,False,,,,,
218,109.0,32,1,1,False,,,,,
218,109.0,33,1,1,False,,,,,
218,109.0,34,1,1,False,,,,,
218,109.0,35,1,1,False,,,,,
218,109.0,36,1,1,False,,,,,
218,109.0,37,1,1,False,,,,,
218,109.0,38,1,1,False,,,,,
218,109.0,39,1,1,False,,,,,
219,109.5,0,1,1,False,,,,,
219,109.5,1,1,1,False,,,,,
219,109.5,2,1,1,False,,,,,
219,109.5,3,1,1,False,,,,,
219,109.5,4,1,1,False,,,,,
219,109.5,5,1,1,False,,,,,
219,109.5,6,1,1,False,,,,,
219,109.5,7,1,1,False,,,,,
219,109.5,8,1,1,False,,,,,
219,109.5,9,1,1,False,,,,,
219,109.5,10,1,1,False,,,,,
219,109.5,11,1,1,False,,,,,
219,109.5,12,1,1,False,,,,,
219,109.5,13,1,1,False,,,,,
219,109.5,14,1,1,False,,,,,
219,109.5,15,1,1,False,,,,,
219,109.5,16,1,1,False,,,,,
219,109.5,17,1,1,False,,,,,
219,109.5,18,1,1,False,,,,,
219,109.5,19,1,1,False,,,,,
219,109.5,20,1,1,False,,,,,
219,109.5,21,1,1,False,,,,,
219,109.5,22,1,1,False,,,,,
219,109.5,23,1,1,False,,,,,
219,109.5,24,1,1,False,,,,,
219,109.5,25,1,1,False,,,,,
219,109.5,26,1,1,False,,,,,
219,109.5,27,1,1,False,,,,,
219,109.5,28,1,1,False,,,,,
219,109.5,29,1,1,False,,,,,
219,109.5,30,1,1,False,,,,,
219,109.5,31,1,1,False,,,,,
219,109.5,32,1,1,False,,,,,
219,109.5,33,1,1,False,,,,,
219,109.5,34,1,1,False,,,,,
219,109.5,35,1,1,False,,,,,
219,109.5,36,1,1,False,,,,,
219,109.5,37,1,1,False,,,,,
219,109.5,38,1,1,False,,,,,
219,109.5,39,1,1,False,,,,,
220,110.0,0,1,1,False,,,,,
220,110.0,1,1,1,False,,,,,
220,110.0,2,1,1,False,,,,,
220,110.0,3,1,1,False,,,,,
220,110.0,4,1,1,False,,,,,
220,110.0,5,1,1,False,,,,,
220,110.0,6,1,1,False,,,,,
220,110.0,7,1,1,False,,,,,
220,110.0,8,1,1,False,,,,,
220,110.0,9,1,1,False,,,,,
220,110.0,10,1,1,False,,,,,
220,110.0,11,1,1,False,,,,,
220,110.0,12,1,1,False,,,,,
220,110.0,13,1,1,False,,,,,
220,110.0,14,1,1,False,,,,,
220,110.0,15,1,1,False,,,,,
220,110.0,16,1,1,False,,,,,
220,110.0,17,1,1,False,,,,,
220,110.0,18,1,1,False,,,,,
220,110.0,19,1,1,False,,,,,
220,110.0,20,1,1,False,,,,,
220,110.0,21,1,1,False,,,,,
220,110.0,22,1,1,False,,,,,
220,110.0,23,1,1,False,,,,,
220,110.0,24,1,1,False,,,,,
220,110.0,25,1,1,False,,,,,
220,110.0,26,1,1,False,,,,,
220,110.0,27,1,1,False,,,,,
220,110.0,28,1,1,False,,,,,
220,110.0,29,1,1,False,,,,,
220,110.0,30,1,1,False,,,,,
220,110.0,31,1,1,False,,,,,
220,110.0,32,1,1,False,,,,,
220,110.0,33,1,1,False,,,,,
220,110.0,34,1,1,False,,,,,
220,110.0,35,1,1,False,,,,,
220,110.0,36,1,1,False,,,,,
220,110.0,37,1,1,False,,,,,
220,110.0,38,1,1,False,,,,,
220,110.0,39,1,1,False,,,,,
221,110.5,0,1,1,False,,,,,
221,110.5,1,1,1,False,,,,,
221,110.5,2,1,1,False,,,,,
221,110.5,3,1,1,False,,,,,
221,110.5,4,1,1,False,,,,,
221,110.5,5,1,1,False,,,,,
221,110.5,6,1,1,False,,,,,
221,110.5,7,1,1,False,,,,,
221,110.5,8,1,1,False,,,,,
221,110.5,9,1,1,False,,,,,
221,110.5,10,1,1,False,,,,,
221,110.5,11,1,1,False,,,,,
221,110.5,12,1,1,False,,,,,
221,110.5,13,1,1,False,,,,,
221,110.5,14,1,1,False,,,,,
221,110.5,15,1,1,False,,,,,
221,110.5,16,1,1,False,,,,,
221,110.5,17,1,1,False,,,,,
221,110.5,18,1,1,False,,,,,
221,110.5,19,1,1,False,,,,,
221,110.5,20,1,1,False,,,,,
221,110.5,21,1,1,False,,,,,
221,110.5,22,1,1,False,,,,,
221,110.5,23,1,1,False,,,,,
221,110.5,24,1,1,False,,,,,
221,110.5,25,1,1,False,,,,,
221,110.5,26,1,1,False,,,,,
221,110.5,27,1,1,False,,,,,
221,110.5,28,1,1,False,,,,,
221,110.5,29,1,1,False,,,,,
221,110.5,30,1,1,False,,,,,
221,110.5,31,1,1,False,,,,,
221,110.5,32,1,1,False,,,,,
221,110.5,33,1,1,False,,,,,
221,110.5,34,1,1,False,,,,,
221,110.5,35,1,1,False,,,,,
221,110.5,36,1,1,False,,,,,
221,110.5,37,1,1,False,,,,,
221,110.5,38,1,1,False,,,,,
221,110.5,39,1,1,False,,,,,
222,111.0,0,1,1,False,,,,,
222,111.0,1,1,1,False,,,,,
222,111.0,2,1,1,False,,,,,
222,111.0,3,1,1,False,,,,,
222,111.0,4,1,1,False,,,,,
222,111.0,5,1,1,False,,,,,
222,111.0,6,1,1,False,,,,,
222,111.0,7,1,1,False,,,,,
222,111.0,8,1,1,False,,,,,
222,111.0,9,1,1,False,,,,,
222,111.0,10,1,1,False,,,,,
222,111.0,11,1,1,False,,,,,
222,111.0,12,1,1,False,,,,,
222,111.0,13,1,1,False,,,,,
222,111.0,14,1,1,False,,,,,
222,111.0,15,1,1,False,,,,,
222,111.0,16,1,1,False,,,,,
222,111.0,17,1,1,False,,,,,
222,111.0,18,1,1,False,,,,,
222,111.0,19,1,1,False,,,,,
222,111.0,20,1,1,False,,,,,
222,111.0,21,1,1,False,,,,,
222,111.0,22,1,1,False,,,,,
222,111.0,23,1,1,False,,,,,
222,111.0,24,1,1,False,,,,,
222,111.0,25,1,1,False,,,,,
222,111.0,26,1,1,False,,,,,
222,111.0,27,1,1,False,,,,,
222,111.0,28,1,1,False,,,,,
222,111.0,29,1,1,False,,,,,
222,111.0,30,1,1,False,,,,,
222,111.0,31,1,1,False,,,,,
222,111.0,32,1,1,False,,,,,
222,111.0,33,1,1,False,,,,,
222,111.0,34,1,1,False,,,,,
222,111.0,35,1,1,False,,,,,
222,111.0,36,1,1,False,,,,,
222,111.0,37,1,1,False,,,,,
222,111.0,38,1,1,False,,,,,
222,111.0,39,1,1,False,,,,,
223,111.5,0,1,1,False,,,,,
223,111.5,1,1,1,False,,,,,
223,111.5,2,1,1,False,,,,,
223,111.5,3,1,1,False,,,,,
223,111.5,4,1,1,False,,,,,
223,111.5,5,1,1,False,,,,,
223,111.5,6,1,1,False,,,,,
223,111.5,7,1,1,False,,,,,
223,111.5,8,1,1,False,,,,,
223,111.5,9,1,1,False,,,,,
223,111.5,10,1,1,False,,,,,
223,111.5,11,1,1,False,,,,,
223,111.5,12,1,1,False,,,,,
223,111.5,13,1,1,False,,,,,
223,111.5,14,1,1,False,,,,,
223,111.5,15,1,1,False,,,,,
223,111.5,16,1,1,False,,,,,
223,111.5,17,1,1,False,,,,,
223,111.5,18,1,1,False,,,,,
223,111.5,19,1,1,False,,,,,
223,111.5,20,1,1,False,,,,,
223,111.5,21,1,1,False,,,,,
223,111.5,22,1,1,False,,,,,
223,111.5,23,1,1,False,,,,,
223,111.5,24,1,1,False,,,,,
223,111.5,25,1,1,False,,,,,
223,111.5,26,1,1,False,,,,,
223,111.5,27,1,1,False,,,,,
223,111.5,28,1,1,False,,,,,
223,111.5,29,1,1,False,,,,,
223,111.5,30,1,1,False,,,,,
223,111.5,31,1,1,False,,,,,
223,111.5,32,1,1,False,,,,,
223,111.5,33,1,1,False,,,,,
223,111.5,34,1,1,False,,,,,
223,111.5,35,1,1,False,,,,,
223,111.5,36,1,1,False,,,,,
223,111.5,37,1,1,False,,,,,
223,111.5,38,1,1,False,,,,,
223,111.5,39,1,1,False,,,,,
224,112.0,0,1,1,False,,,,,
224,112.0,1,1,1,False,,,,,
224,112.0,2,1,1,False,,,,,
224,112.0,3,1,1,False,,,,,
224,112.0,4,1,1,False,,,,,
224,112.0,5,1,1,False,,,,,
224,112.0,6,1,1,False,,,,,
224,112.0,7,1,1,False,,,,,
224,112.0,8,1,1,False,,,,,
224,112.0,9,1,1,False,,,,,
224,112.0,10,1,1,False,,,,,
224,112.0,11,1,1,False,,,,,
224,112.0,12,1,1,False,,,,,
224,112.0,13,1,1,False,,,,,
224,112.0,14,1,1,False,,,,,
224,112.0,15,1,1,False,,,,,
224,112.0,16,1,1,False,,,,,
224,112.0,17,1,1,False,,,,,
224,112.0,18,1,1,False,,,,,
224,112.0,19,1,1,False,,,,,
224,112.0,20,1,1,False,,,,,
224,112.0,21,1,1,False,,,,,
224,112.0,22,1,1,False,,,,,
224,112.0,23,1,1,False,,,,,
224,112.0,24,1,1,False,,,,,
224,112.0,25,1,1,False,,,,,
224,112.0,26,1,1,False,,,,,
224,112.0,27,1,1,False,,,,,
224,112.0,28,1,1,False,,,,,
224,112.0,29,1,1,False,,,,,
224,112.0,30,1,1,False,,,,,
224,112.0,31,1,1,False,,,,,
224,112.0,32,1,1,False,,,,,
224,112.0,33,1,1,False,,,,,
224,112.0,34,1,1,False,,,,,
224,112.0,35,1,1,False,,,,,
224,112.0,36,1,1,False,,,,,
224,112.0,37,1,1,False,,,,,
224,112.0,38,1,1,False,,,,,
224,112.0,39,1,1,False,,,,,
225,112.5,0,1,1,False,,,,,
225,112.5,1,1,1,False,,,,,
225,112.5,2,1,1,False,,,,,
225,112.5,3,1,1,False,,,,,
225,112.5,4,1,1,False,,,,,
225,112.5,5,1,1,False,,,,,
225,112.5,6,1,1,False,,,,,
225,112.5,7,1,1,False,,,,,
225,112.5,8,1,1,False,,,,,
225,112.5,9,1,1,False,,,,,
225,112.5,10,1,1,False,,,,,
225,112.5,11,1,1,False,,,,,
225,112.5,12,1,1,False,,,,,
225,112.5,13,1,1,False,,,,,
225,112.5,14,1,1,False,,,,,
225,112.5,15,1,1,False,,,,,
225,112.5,16,1,1,False,,,,,
225,112.5,17,1,1,False,,,,,
225,112.5,18,1,1,False,,,,,
225,112.5,19,1,1,False,,,,,
225,112.5,20,1,1,False,,,,,
225,112.5,21,1,1,False,,,,,
225,112.5,22,1,1,False,,,,,
225,112.5,23,1,1,False,,,,,
225,112.5,24,1,1,False,,,,,
225,112.5,25,1,1,False,,,,,
225,112.5,26,1,1,False,,,,,
225,112.5,27,1,1,False,,,,,
225,112.5,28,1,1,False,,,,,
225,112.5,29,1,1,False,,,,,
225,112.5,30,1,1,False,,,,,
225,112.5,31,1,1,False,,,,,
225,112.5,32,1,1,False,,,,,
225,112.5,33,1,1,False,,,,,
225,112.5,34,1,1,False,,,,,
225,112.5,35,1,1,False,,,,,
225,112.5,36,1,1,False,,,,,
225,112.5,37,1,1,False,,,,,
225,112.5,38,1,1,False,,,,,
225,112.5,39,1,1,False,,,,,
226,113.0,0,1,1,False,,,,,
226,113.0,1,1,1,False,,,,,
226,113.0,2,1,1,False,,,,,
226,113.0,3,1,1,False,,,,,
226,113.0,4,1,1,False,,,,,
226,113.0,5,1,1,False,,,,,
226,113.0,6,1,1,False,,,,,
226,113.0,7,1,1,False,,,,,
226,113.0,8,1,1,False,,,,,
226,113.0,9,1,1,False,,,,,
226,113.0,10,1,1,False,,,,,
226,113.0,11,1,1,False,,,,,
226,113.0,12,1,1,False,,,,,
226,113.0,13,1,1,False,,,,,
226,113.0,14,1,1,False,,,,,
226,113.0,15,1,1,False,,,,,
226,113.0,16,1,1,False,,,,,
226,113.0,17,1,1,False,,,,,
226,113.0,18,1,1,False,,,,,
226,113.0,19,1,1,False,,,,,
226,113.0,20,1,1,False,,,,,
226,113.0,21,1,1,False,,,,,
226,113.0,22,1,1,False,,,,,
226,113.0,23,1,1,False,,,,,
226,113.0,24,1,1,False,,,,,
226,113.0,25,1,1,False,,,,,
226,113.0,26,1,1,False,,,,,
226,113.0,27,1,1,False,,,,,
226,113.0,28,1,1,False,,,,,
226,113.0,29,1,1,False,,,,,
226,113.0,30,1,1,False,,,,,
226,113.0,31,1,1,False,,,,,
226,113.0,32,1,1,False,,,,,
226,113.0,33,1,1,False,,,,,
226,113.0,34,1,1,False,,,,,
226,113.0,35,1,1,False,,,,,
226,113.0,36,1,1,False,,,,,
226,113.0,37,1,1,False,,,,,
226,113.0,38,1,1,False,,,,,
226,113.0,39,1,1,False,,,,,
227,113.5,0,1,1,False,,,,,
227,113.5,1,1,1,False,,,,,
227,113.5,2,1,1,False,,,,,
227,113.5,3,1,1,False,,,,,
227,113.5,4,1,1,False,,,,,
227,113.5,5,1,1,False,,,,,
227,113.5,6,1,1,False,,,,,
227,113.5,7,1,1,False,,,,,
227,113.5,8,1,1,False,,,,,
227,113.5,9,1,1,False,,,,,
227,113.5,10,1,1,False,,,,,
227,113.5,11,1,1,False,,,,,
227,113.5,12,1,1,False,,,,,
227,113.5,13,1,1,False,,,,,
227,113.5,14,1,1,False,,,,,
227,113.5,15,1,1,False,,,,,
227,113.5,16,1,1,False,,,,,
227,113.5,17,1,1,False,,,,,
227,113.5,18,1,1,False,,,,,
227,113.5,19,1,1,False,,,,,
227,113.5,20,1,1,False,,,,,
227,113.5,21,1,1,False,,,,,
227,113.5,22,1,1,False,,,,,
227,113.5,23,1,1,False,,,,,
227,113.5,24,1,1,False,,,,,
227,113.5,25,1,1,False,,,,,
227,113.5,26,1,1,False,,,,,
227,113.5,27,1,1,False,,,,,
227,113.5,28,1,1,False,,,,,
227,113.5,29,1,1,False,,,,,
227,113.5,30,1,1,False,,,,,
227,113.5,31,1,1,False,,,,,
227,113.5,32,1,1,False,,,,,
227,113.5,33,1,1,False,,,,,
227,113.5,34,1,1,False,,,,,
227,113.5,35,1,1,False,,,,,
227,113.5,36,1,1,False,,,,,
227,113.5,37,1,1,False,,,,,
227,113.5,38,1,1,False,,,,,
227,113.5,39,1,1,False,,,,,
228,114.0,0,1,1,False,,,,,
228,114.0,1,1,1,False,,,,,
228,114.0,2,1,1,False,,,,,
228,114.0,3,1,1,False,,,,,
228,114.0,4,1,1,False,,,,,
228,114.0,5,1,1,False,,,,,
228,114.0,6,1,1,False,,,,,
228,114.0,7,1,1,False,,,,,
228,114.0,8,1,1,False,,,,,
228,114.0,9,1,1,False,,,,,
228,114.0,10,1,1,False,,,,,
228,114.0,11,1,1,False,,,,,
228,114.0,12,1,1,False,,,,,
228,114.0,13,1,1,False,,,,,
228,114.0,14,1,1,False,,,,,
228,114.0,15,1,1,False,,,,,
228,114.0,16,1,1,False,,,,,
228,114.0,17,1,1,False,,,,,
228,114.0,18,1,1,False,,,,,
228,114.0,19,1,1,False,,,,,
228,114.0,20,1,1,False,,,,,
228,114.0,21,1,1,False,,,,,
228,114.0,22,1,1,False,,,,,
228,114.0,23,1,1,False,,,,,
228,114.0,24,1,1,False,,,,,
228,114.0,25,1,1,False,,,,,
228,114.0,26,1,1,False,,,,,
228,114.0,27,1,1,False,,,,,
228,114.0,28,1,1,False,,,,,
228,114.0,29,1,1,False,,,,,
228,114.0,30,1,1,False,,,,,
228,114.0,31,1,1,False,,,,,
228,114.0,32,1,1,False,,,,,
228,114.0,33,1,1,False,,,,,
228,114.0,34,1,1,False,,,,,
228,114.0,35,1,1,False,,,,,
228,114.0,36,1,1,False,,,,,
228,114.0,37,1,1,False,,,,,
228,114.0,38,1,1,False,,,,,
228,114.0,39,1,1,False,,,,,
229,114.5,0,1,1,False,,,,,
229,114.5,1,1,1,False,,,,,
229,114.5,2,1,1,False,,,,,
229,114.5,3,1,1,False,,,,,
229,114.5,4,1,1,False,,,,,
229,114.5,5,1,1,False,,,,,
229,114.5,6,1,1,False,,,,,
229,114.5,7,1,1,False,,,,,
229,114.5,8,1,1,False,,,,,
229,114.5,9,1,1,False,,,,,
229,114.5,10,1,1,False,,,,,
229,114.5,11,1,1,False,,,,,
229,114.5,12,1,1,False,,,,,
229,114.5,13,1,1,False,,,,,
229,114.5,14,1,1,False,,,,,
229,114.5,15,1,1,False,,,,,
229,114.5,16,1,1,False,,,,,
229,114.5,17,1,1,False,,,,,
229,114.5,18,1,1,False,,,,,
229,114.5,19,1,1,False,,,,,
229,114.5,20,1,1,False,,,,,
229,114.5,21,1,1,False,,,,,
229,114.5,22,1,1,False,,,,,
229,114.5,23,1,1,False,,,,,
229,114.5,24,1,1,False,,,,,
229,114.5,25,1,1,False,,,,,
229,114.5,26,1,1,False,,,,,
229,114.5,27,1,1,False,,,,,
229,114.5,28,1,1,False,,,,,
229,114.5,29,1,1,False,,,,,
229,114.5,30,1,1,False,,,,,
229,114.5,31,1,1,False,,,,,
229,114.5,32,1,1,False,,,,,
229,114.5,33,1,1,False,,,,,
229,114.5,34,1,1,False,,,,,
229,114.5,35,1,1,False,,,,,
229,114.5,36,1,1,False,,,,,
229,114.5,37,1,1,False,,,,,
229,114.5,38,1,1,False,,,,,
229,114.5,39,1,1,False,,,,,
230,115.0,0,1,1,False,,,,,
230,115.0,1,1,1,False,,,,,
230,115.0,2,1,1,False,,,,,
230,115.0,3,1,1,False,,,,,
230,115.0,4,1,1,False,,,,,
230,115.0,5,1,1,False,,,,,
230,115.0,6,1,1,False,,,,,
230,115.0,7,1,1,False,,,,,
230,115.0,8,1,1,False,,,,,
230,115.0,9,1,1,False,,,,,
230,115.0,10,1,1,False,,,,,
230,115.0,11,1,1,False,,,,,
230,115.0,12,1,1,False,,,,,
230,115.0,13,1,1,False,,,,,
230,115.0,14,1,1,False,,,,,
230,115.0,15,1,1,False,,,,,
230,115.0,16,1,1,False,,,,,
230,115.0,17,1,1,False,,,,,
230,115.0,18,1,1,False,,,,,
230,115.0,19,1,1,False,,,,,
230,115.0,20,1,1,False,,,,,
230,115.0,21,1,1,False,,,,,
230,115.0,22,1,1,False,,,,,
230,115.0,23,1,1,False,,,,,
230,115.0,24,1,1,False,,,,,
230,115.0,25,1,1,False,,,,,
230,115.0,26,1,1,False,,,,,
230,115.0,27,1,1,False,,,,,
230,115.0,28,1,1,False,,,,,
230,115.0,29,1,1,False,,,,,
230,115.0,30,1,1,False,,,,,
230,115.0,31,1,1,False,,,,,
230,115.0,32,1,1,False,,,,,
230,115.0,33,1,1,False,,,,,
230,115.0,34,1,1,False,,,,,
230,115.0,35,1,1,False,,,,,
230,115.0,36,1,1,False,,,,,
230,115.0,37,1,1,False,,,,,
230,115.0,38,1,1,False,,,,,
230,115.0,39,1,1,False,,,,,
231,115.5,0,1,1,False,,,,,
231,115.5,1,1,1,False,,,,,
231,115.5,2,1,1,False,,,,,
231,115.5,3,1,1,False,,,,,
231,115.5,4,1,1,False,,,,,
231,115.5,5,1,1,False,,,,,
231,115.5,6,1,1,False,,,,,
231,115.5,7,1,1,False,,,,,
231,115.5,8,1,1,False,,,,,
231,115.5,9,1,1,False,,,,,
231,115.5,10,1,1,False,,,,,
231,115.5,11,1,1,False,,,,,
231,115.5,12,1,1,False,,,,,
231,115.5,13,1,1,False,,,,,
231,115.5,14,1,1,False,,,,,
231,115.5,15,1,1,False,,,,,
231,115.5,16,1,1,False,,,,,
231,115.5,17,1,1,False,,,,,
231,115.5,18,1,1,False,,,,,
231,115.5,19,1,1,False,,,,,
231,115.5,20,1,1,False,,,,,
231,115.5,21,1,1,False,,,,,
231,115.5,22,1,1,False,,,,,
231,115.5,23,1,1,False,,,,,
231,115.5,24,1,1,False,,,,,
231,115.5,25,1,1,False,,,,,
231,115.5,26,1,1,False,,,,,
231,115.5,27,1,1,False,,,,,
231,115.5,28,1,1,False,,,,,
231,115.5,29,1,1,False,,,,,
231,115.5,30,1,1,False,,,,,
231,115.5,31,1,1,False,,,,,
231,115.5,32,1,1,False,,,,,
231,115.5,33,1,1,False,,,,,
231,115.5,34,1,1,False,,,,,
231,115.5,35,1,1,False,,,,,
231,115.5,36,1,1,False,,,,,
231,115.5,37,1,1,False,,,,,
231,115.5,38,1,1,False,,,,,
231,115.5,39,1,1,False,,,,,
232,116.0,0,1,1,False,,,,,
232,116.0,1,1,1,False,,,,,
232,116.0,2,1,1,False,,,,,
232,116.0,3,1,1,False,,,,,
232,116.0,4,1,1,False,,,,,
232,116.0,5,1,1,False,,,,,
232,116.0,6,1,1,False,,,,,
232,116.0,7,1,1,False,,,,,
232,116.0,8,1,1,False,,,,,
232,116.0,9,1,1,False,,,,,
232,116.0,10,1,1,False,,,,,
232,116.0,11,1,1,False,,,,,
232,116.0,12,1,1,False,,,,,
232,116.0,13,1,1,False,,,,,
232,116.0,14,1,1,False,,,,,
232,116.0,15,1,1,False,,,,,
232,116.0,16,1,1,False,,,,,
232,116.0,17,1,1,False,,,,,
232,116.0,18,1,1,False,,,,,
232,116.0,19,1,1,False,,,,,
232,116.0,20,1,1,False,,,,,
232,116.0,21,1,1,False,,,,,
232,116.0,22,1,1,False,,,,,
232,116.0,23,1,1,False,,,,,
232,116.0,24,1,1,False,,,,,
232,116.0,25,1,1,False,,,,,
232,116.0,26,1,1,False,,,,,
232,116.0,27,1,1,False,,,,,
232,116.0,28,1,1,False,,,,,
232,116.0,29,1,1,False,,,,,
232,116.0,30,1,1,False,,,,,
232,116.0,31,1,1,False,,,,,
232,116.0,32,1,1,False,,,,,
232,116.0,33,1,1,False,,,,,
232,116.0,34,1,1,False,,,,,
232,116.0,35,1,1,False,,,,,
232,116.0,36,1,1,False,,,,,
232,116.0,37,1,1,False,,,,,
232,116.0,38,1,1,False,,,,,
232,116.0,39,1,1,False,,,,,
233,116.5,0,1,1,False,,,,,
233,116.5,1,1,1,False,,,,,
233,116.5,2,1,1,False,,,,,
233,116.5,3,1,1,False,,,,,
233,116.5,4,1,1,False,,,,,
233,116.5,5,1,1,False,,,,,
233,116.5,6,1,1,False,,,,,
233,116.5,7,1,1,False,,,,,
233,116.5,8,1,1,False,,,,,
233,116.5,9,1,1,False,,,,,
233,116.5,10,1,1,False,,,,,
233,116.5,11,1,1,False,,,,,
233,116.5,12,1,1,False,,,,,
233,116.5,13,1,1,False,,,,,
233,116.5,14,1,1,False,,,,,
233,116.5,15,1,1,False,,,,,
233,116.5,16,1,1,False,,,,,
233,116.5,17,1,1,False,,,,,
233,116.5,18,1,1,False,,,,,
233,116.5,19,1,1,False,,,,,
233,116.5,20,1,1,False,,,,,
233,116.5,21,1,1,False,,,,,
233,116.5,22,1,1,False,,,,,
233,116.5,23,1,1,False,,,,,
233,116.5,24,1,1,False,,,,,
233,116.5,25,1,1,False,,,,,
233,116.5,26,1,1,False,,,,,
233,116.5,27,1,1,False,,,,,
233,116.5,28,1,1,False,,,,,
233,116.5,29,1,1,False,,,,,
233,116.5,30,1,1,False,,,,,
233,116.5,31,1,1,False,,,,,
233,116.5,32,1,1,False,,,,,
233,116.5,33,1,1,False,,,,,
233,116.5,34,1,1,False,,,,,
233,116.5,35,1,1,False,,,,,
233,116.5,36,1,1,False,,,,,
233,116.5,37,1,1,False,,,,,
233,116.5,38,1,1,False,,,,,
233,116.5,39,1,1,False,,,,,
234,117.0,0,1,1,False,,,,,
234,117.0,1,1,1,False,,,,,
234,117.0,2,1,1,False,,,,,
234,117.0,3,1,1,False,,,,,
234,117.0,4,1,1,False,,,,,
234,117.0,5,1,1,False,,,,,
234,117.0,6,1,1,False,,,,,
234,117.0,7,1,1,False,,,,,
234,117.0,8,1,1,False,,,,,
234,117.0,9,1,1,False,,,,,
234,117.0,10,1,1,False,,,,,
234,117.0,11,1,1,False,,,,,
234,117.0,12,1,1,False,,,,,
234,117.0,13,1,1,False,,,,,
234,117.0,14,1,1,False,,,,,
234,117.0,15,1,1,False,,,,,
234,117.0,16,1,1,False,,,,,
234,117.0,17,1,1,False,,,,,
234,117.0,18,1,1,False,,,,,
234,117.0,19,1,1,False,,,,,
234,117.0,20,1,1,False,,,,,
234,117.0,21,1,1,False,,,,,
234,117.0,22,1,1,False,,,,,
234,117.0,23,1,1,False,,,,,
234,117.0,24,1,1,False,,,,,
234,117.0,25,1,1,False,,,,,
234,117.0,26,1,1,False,,,,,
234,117.0,27,1,1,False,,,,,
234,117.0,28,1,1,False,,,,,
234,117.0,29,1,1,False,,,,,
234,117.0,30,1,1,False,,,,,
234,117.0,31,1,1,False,,,,,
234,117.0,32,1,1,False,,,,,
234,117.0,33,1,1,False,,,,,
234,117.0,34,1,1,False,,,,,
234,117.0,35,1,1,False,,,,,
234,117.0,36,1,1,False,,,,,
234,117.0,37,1,1,False,,,,,
234,117.0,38,1,1,False,,,,,
234,117.0,39,1,1,False,,,,,
235,117.5,0,1,1,False,,,,,
235,117.5,1,1,1,False,,,,,
235,117.5,2,1,1,False,,,,,
235,117.5,3,1,1,False,,,,,
235,117.5,4,1,1,False,,,,,
235,117.5,5,1,1,False,,,,,
235,117.5,6,1,1,False,,,,,
235,117.5,7,1,1,False,,,,,
235,117.5,8,1,1,False,,,,,
235,117.5,9,1,1,False,,,,,
235,117.5,10,1,1,False,,,,,
235,117.5,11,1,1,False,,,,,
235,117.5,12,1,1,False,,,,,
235,117.5,13,1,1,False,,,,,
235,117.5,14,1,1,False,,,,,
235,117.5,15,1,1,False,,,,,
235,117.5,16,1,1,False,,,,,
235,117.5,17,1,1,False,,,,,
235,117.5,18,1,1,False,,,,,
235,117.5,19,1,1,False,,,,,
235,117.5,20,1,1,False,,,,,
235,117.5,21,1,1,False,,,,,
235,117.5,22,1,1,False,,,,,
235,117.5,23,1,1,False,,,,,
235,117.5,24,1,1,False,,,,,
235,117.5,25,1,1,False,,,,,
235,117.5,26,1,1,False,,,,,
235,117.5,27,1,1,False,,,,,
235,117.5,28,1,1,False,,,,,
235,117.5,29,1,1,False,,,,,
235,117.5,30,1,1,False,,,,,
235,117.5,31,1,1,False,,,,,
235,117.5,32,1,1,False,,,,,
235,117.5,33,1,1,False,,,,,
235,117.5,34,1,1,False,,,,,
235,117.5,35,1,1,False,,,,,
235,117.5,36,1,1,False,,,,,
235,117.5,37,1,1,False,,,,,
235,117.5,38,1,1,False,,,,,
235,117.5,39,1,1,False,,,,,
236,118.0,0,1,1,False,,,,,
236,118.0,1,1,1,False,,,,,
236,118.0,2,1,1,False,,,,,
236,118.0,3,1,1,False,,,,,
236,118.0,4,1,1,False,,,,,
236,118.0,5,1,1,False,,,,,
236,118.0,6,1,1,False,,,,,
236,118.0,7,1,1,False,,,,,
236,118.0,8,1,1,False,,,,,
236,118.0,9,1,1,False,,,,,
236,118.0,10,1,1,False,,,,,
236,118.0,11,1,1,False,,,,,
236,118.0,12,1,1,False,,,,,
236,118.0,13,1,1,False,,,,,
236,118.0,14,1,1,False,,,,,
236,118.0,15,1,1,False,,,,,
236,118.0,16,1,1,False,,,,,
236,118.0,17,1,1,False,,,,,
236,118.0,18,1,1,False,,,,,
236,118.0,19,1,1,False,,,,,
236,118.0,20,1,1,False,,,,,
236,118.0,21,1,1,False,,,,,
236,118.0,22,1,1,False,,,,,
236,118.0,23,1,1,False,,,,,
236,118.0,24,1,1,False,,,,,
236,118.0,25,1,1,False,,,,,
236,118.0,26,1,1,False,,,,,
236,118.0,27,1,1,False,,,,,
236,118.0,28,1,1,False,,,,,
236,118.0,29,1,1,False,,,,,
236,118.0,30,1,1,False,,,,,
236,118.0,31,1,1,False,,,,,
236,118.0,32,1,1,False,,,,,
236,118.0,33,1,1,False,,,,,
236,118.0,34,1,1,False,,,,,
236,118.0,35,1,1,False,,,,,
236,118.0,36,1,1,False,,,,,
236,118.0,37,1,1,False,,,,,
236,118.0,38,1,1,False,,,,,
236,118.0,39,1,1,False,,,,,
237,118.5,0,1,1,False,,,,,
237,118.5,1,1,1,False,,,,,
237,118.5,2,1,1,False,,,,,
237,118.5,3,1,1,False,,,,,
237,118.5,4,1,1,False,,,,,
237,118.5,5,1,1,False,,,,,
237,118.5,6,1,1,False,,,,,
237,118.5,7,1,1,False,,,,,
237,118.5,8,1,1,False,,,,,
237,118.5,9,1,1,False,,,,,
237,118.5,10,1,1,False,,,,,
237,118.5,11,1,1,False,,,,,
237,118.5,12,1,1,False,,,,,
237,118.5,13,1,1,False,,,,,
237,118.5,14,1,1,False,,,,,
237,118.5,15,1,1,False,,,,,
237,118.5,16,1,1,False,,,,,
237,118.5,17,1,1,False,,,,,
237,118.5,18,1,1,False,,,,,
237,118.5,19,1,1,False,,,,,
237,118.5,20,1,1,False,,,,,
237,118.5,21,1,1,False,,,,,
237,118.5,22,1,1,False,,,,,
237,118.5,23,1,1,False,,,,,
237,118.5,24,1,1,False,,,,,
237,118.5,25,1,1,False,,,,,
237,118.5,26,1,1,False,,,,,
237,118.5,27,1,1,False,,,,,
237,118.5,28,1,1,False,,,,,
237,118.5,29,1,1,False,,,,,
237,118.5,30,1,1,False,,,,,
237,118.5,31,1,1,False,,,,,
237,118.5,32,1,1,False,,,,,
237,118.5,33,1,1,False,,,,,
237,118.5,34,1,1,False,,,,,
237,118.5,35,1,1,False,,,,,
237,118.5,36,1,1,False,,,,,
237,118.5,37,1,1,False,,,,,
237,118.5,38,1,1,False,,,,,
237,118.5,39,1,1,False,,,,,
238,119.0,0,1,1,False,,,,,
238,119.0,1,1,1,False,,,,,
238,119.0,2,1,1,False,,,,,
238,119.0,3,1,1,False,,,,,
238,119.0,4,1,1,False,,,,,
238,119.0,5,1,1,False,,,,,
238,119.0,6,1,1,False,,,,,
238,119.0,7,1,1,False,,,,,
238,119.0,8,1,1,False,,,,,
238,119.0,9,1,1,False,,,,,
238,119.0,10,1,1,False,,,,,
238,119.0,11,1,1,False,,,,,
238,119.0,12,1,1,False,,,,,
238,119.0,13,1,1,False,,,,,
238,119.0,14,1,1,False,,,,,
238,119.0,15,1,1,False,,,,,
238,119.0,16,1,1,False,,,,,
238,119.0,17,1,1,False,,,,,
238,119.0,18,1,1,False,,,,,
238,119.0,19,1,1,False,,,,,
238,119.0,20,1,1,False,,,,,
238,119.0,21,1,1,False,,,,,
238,119.0,22,1,1,False,,,,,
238,119.0,23,1,1,False,,,,,
238,119.0,24,1,1,False,,,,,
238,119.0,25,1,1,False,,,,,
238,119.0,26,1,1,False,,,,,
238,119.0,27,1,1,False,,,,,
238,119.0,28,1,1,False,,,,,
238,119.0,29,1,1,False,,,,,
238,119.0,30,1,1,False,,,,,
238,119.0,31,1,1,False,,,,,
238,119.0,32,1,1,False,,,,,
238,119.0,33,1,1,False,,,,,
238,119.0,34,1,1,False,,,,,
238,119.0,35,1,1,False,,,,,
238,119.0,36,1,1,False,,,,,
238,119.0,37,1,1,False,,,,,
238,119.0,38,1,1,False,,,,,
238,119.0,39,1,1,False,,,,,
239,119.5,0,1,1,False,,,,,
239,119.5,1,1,1,False,,,,,
239,119.5,2,1,1,False,,,,,
239,119.5,3,1,1,False,,,,,
239,119.5,4,1,1,False,,,,,
239,119.5,5,1,1,False,,,,,
239,119.5,6,1,1,False,,,,,
239,119.5,7,1,1,False,,,,,
239,119.5,8,1,1,False,,,,,
239,119.5,9,1,1,False,,,,,
239,119.5,10,1,1,False,,,,,
239,119.5,11,1,1,False,,,,,
239,119.5,12,1,1,False,,,,,
239,119.5,13,1,1,False,,,,,
239,119.5,14,1,1,False,,,,,
239,119.5,15,1,1,False,,,,,
239,119.5,16,1,1,False,,,,,
239,119.5,17,1,1,False,,,,,
239,119.5,18,1,1,False,,,,,
239,119.5,19,1,1,False,,,,,
239,119.5,20,1,1,False,,,,,
239,119.5,21,1,1,False,,,,,
239,119.5,22,1,1,False,,,,,
239,119.5,23,1,1,False,,,,,
239,119.5,24,1,1,False,,,,,
239,119.5,25,1,1,False,,,,,
239,119.5,26,1,1,False,,,,,
239,119.5,27,1,1,False,,,,,
239,119.5,28,1,1,False,,,,,
239,119.5,29,1,1,False,,,,,
239,119.5,30,1,1,False,,,,,
239,119.5,31,1,1,False,,,,,
239,119.5,32,1,1,False,,,,,
239,119.5,33,1,1,False,,,,,
239,119.5,34,1,1,False,,,,,
239,119.5,35,1,1,False,,,,,
239,119.5,36,1,1,False,,,,,
239,119.5,37,1,1,False,,,,,
239,119.5,38,1,1,False,,,,,
239,119.5,39,1,1,False,,,,,
240,120.0,0,1,1,False,,,,,
240,120.0,1,1,1,False,,,,,
240,120.0,2,1,1,False,,,,,
240,120.0,3,1,1,False,,,,,
240,120.0,4,1,1,False,,,,,
240,120.0,5,1,1,False,,,,,
240,120.0,6,1,1,False,,,,,
240,120.0,7,1,1,False,,,,,
240,120.0,8,1,1,False,,,,,
240,120.0,9,1,1,False,,,,,
240,120.0,10,1,1,False,,,,,
240,120.0,11,1,1,False,,,,,
240,120.0,12,1,1,False,,,,,
240,120.0,13,1,1,False,,,,,
240,120.0,14,1,1,False,,,,,
240,120.0,15,1,1,False,,,,,
240,120.0,16,1,1,False,,,,,
240,120.0,17,1,1,False,,,,,
240,120.0,18,1,1,False,,,,,
240,120.0,19,1,1,False,,,,,
240,120.0,20,1,1,False,,,,,
240,120.0,21,1,1,False,,,,,
240,120.0,22,1,1,False,,,,,
240,120.0,23,1,1,False,,,,,
240,120.0,24,1,1,False,,,,,
240,120.0,25,1,1,False,,,,,
240,120.0,26,1,1,False,,,,,
240,120.0,27,1,1,False,,,,,
240,120.0,28,1,1,False,,,,,
240,120.0,29,1,1,False,,,,,
240,120.0,30,1,1,False,,,,,
240,120.0,31,1,1,False,,,,,
240,120.0,32,1,1,False,,,,,
240,120.0,33,1,1,False,,,,,
240,120.0,34,1,1,False,,,,,
240,120.0,35,1,1,False,,,,,
240,120.0,36,1,1,False,,,,,
240,120.0,37,1,1,False,,,,,
240,120.0,38,1,1,False,,,,,
240,120.0,39,1,1,False,,,,,
241,120.5,0,1,1,False,,,,,
241,120.5,1,1,1,False,,,,,
241,120.5,2,1,1,False,,,,,
241,120.5,3,1,1,False,,,,,
241,120.5,4,1,1,False,,,,,
241,120.5,5,1,1,False,,,,,
241,120.5,6,1,1,False,,,,,
241,120.5,7,1,1,False,,,,,
241,120.5,8,1,1,False,,,,,
241,120.5,9,1,1,False,,,,,
241,120.5,10,1,1,False,,,,,
241,120.5,11,1,1,False,,,,,
241,120.5,12,1,1,False,,,,,
241,120.5,13,1,1,False,,,,,
241,120.5,14,1,1,False,,,,,
241,120.5,15,1,1,False,,,,,
241,120.5,16,1,1,False,,,,,
241,120.5,17,1,1,False,,,,,
241,120.5,18,1,1,False,,,,,
241,120.5,19,1,1,False,,,,,
241,120.5,20,1,1,False,,,,,
241,120.5,21,1,1,False,,,,,
241,120.5,22,1,1,False,,,,,
241,120.5,23,1,1,False,,,,,
241,120.5,24,1,1,False,,,,,
241,120.5,25,1,1,False,,,,,
241,120.5,26,1,1,False,,,,,
241,120.5,27,1,1,False,,,,,
241,120.5,28,1,1,False,,,,,
241,120.5,29,1,1,False,,,,,
241,120.5,30,1,1,False,,,,,
241,120.5,31,1,1,False,,,,,
241,120.5,32,1,1,False,,,,,
241,120.5,33,1,1,False,,,,,
241,120.5,34,1,1,False,,,,,
241,120.5,35,1,1,False,,,,,
241,120.5,36,1,1,False,,,,,
241,120.5,37,1,1,False,,,,,
241,120.5,38,1,1,False,,,,,
241,120.5,39,1,1,False,,,,,
242,121.0,0,1,1,False,,,,,
242,121.0,1,1,1,False,,,,,
242,121.0,2,1,1,False,,,,,
242,121.0,3,1,1,False,,,,,
242,121.0,4,1,1,False,,,,,
242,121.0,5,1,1,False,,,,,
242,121.0,6,1,1,False,,,,,
242,121.0,7,1,1,False,,,,,
242,121.0,8,1,1,False,,,,,
242,121.0,9,1,1,False,,,,,
242,121.0,10,1,1,False,,,,,
242,121.0,11,1,1,False,,,,,
242,121.0,12,1,1,False,,,,,
242,121.0,13,1,1,False,,,,,
242,121.0,14,1,1,False,,,,,
242,121.0,15,1,1,False,,,,,
242,121.0,16,1,1,False,,,,,
242,121.0,17,1,1,False,,,,,
242,121.0,18,1,1,False,,,,,
242,121.0,19,1,1,False,,,,,
242,121.0,20,1,1,False,,,,,
242,121.0,21,1,1,False,,,,,
242,121.0,22,1,1,False,,,,,
242,121.0,23,1,1,False,,,,,
242,121.0,24,1,1,False,,,,,
242,121.0,25,1,1,False,,,,,
242,121.0,26,1,1,False,,,,,
242,121.0,27,1,1,False,,,,,
242,121.0,28,1,1,False,,,,,
242,121.0,29,1,1,False,,,,,
242,121.0,30,1,1,False,,,,,
242,121.0,31,1,1,False,,,,,
242,121.0,32,1,1,False,,,,,
242,121.0,33,1,1,False,,,,,
242,121.0,34,1,1,False,,,,,
242,121.0,35,1,1,False,,,,,
242,121.0,36,1,1,False,,,,,
242,121.0,37,1,1,False,,,,,
242,121.0,38,1,1,False,,,,,
242,121.0,39,1,1,False,,,,,
243,121.5,0,1,1,False,,,,,
243,121.5,1,1,1,False,,,,,
243,121.5,2,1,1,False,,,,,
243,121.5,3,1,1,False,,,,,
243,121.5,4,1,1,False,,,,,
243,121.5,5,1,1,False,,,,,
243,121.5,6,1,1,False,,,,,
243,121.5,7,1,1,False,,,,,
243,121.5,8,1,1,False,,,,,
243,121.5,9,1,1,False,,,,,
243,121.5,10,1,1,False,,,,,
243,121.5,11,1,1,False,,,,,
243,121.5,12,1,1,False,,,,,
243,121.5,13,1,1,False,,,,,
243,121.5,14,1,1,False,,,,,
243,121.5,15,1,1,False,,,,,
243,121.5,16,1,1,False,,,,,
243,121.5,17,1,1,False,,,,,
243,121.5,18,1,1,False,,,,,
243,121.5,19,1,1,False,,,,,
243,121.5,20,1,1,False,,,,,
243,121.5,21,1,1,False,,,,,
243,121.5,22,1,1,False,,,,,
243,121.5,23,1,1,False,,,,,
243,121.5,24,1,1,False,,,,,
243,121.5,25,1,1,False,,,,,
243,121.5,26,1,1,False,,,,,
243,121.5,27,1,1,False,,,,,
243,121.5,28,1,1,False,,,,,
243,121.5,29,1,1,False,,,,,
243,121.5,30,1,1,False,,,,,
243,121.5,31,1,1,False,,,,,
243,121.5,32,1,1,False,,,,,
243,121.5,33,1,1,False,,,,,
243,121.5,34,1,1,False,,,,,
243,121.5,35,1,1,False,,,,,
243,121.5,36,1,1,False,,,,,
243,121.5,37,1,1,False,,,,,
243,121.5,38,1,1,False,,,,,
243,121.5,39,1,1,False,,,,,
244,122.0,0,1,1,False,,,,,
244,122.0,1,1,1,False,,,,,
244,122.0,2,1,1,False,,,,,
244,122.0,3,1,1,False,,,,,
244,122.0,4,1,1,False,,,,,
244,122.0,5,1,1,False,,,,,
244,122.0,6,1,1,False,,,,,
244,122.0,7,1,1,False,,,,,
244,122.0,8,1,1,False,,,,,
244,122.0,9,1,1,False,,,,,
244,122.0,10,1,1,False,,,,,
244,122.0,11,1,1,False,,,,,
244,122.0,12,1,1,False,,,,,
244,122.0,13,1,1,False,,,,,
244,122.0,14,1,1,False,,,,,
244,122.0,15,1,1,False,,,,,
244,122.0,16,1,1,False,,,,,
244,122.0,17,1,1,False,,,,,
244,122.0,18,1,1,False,,,,,
244,122.0,19,1,1,False,,,,,
244,122.0,20,1,1,False,,,,,
244,122.0,21,1,1,False,,,,,
244,122.0,22,1,1,False,,,,,
244,122.0,23,1,1,False,,,,,
244,122.0,24,1,1,False,,,,,
244,122.0,25,1,1,False,,,,,
244,122.0,26,1,1,False,,,,,
244,122.0,27,1,1,False,,,,,
244,122.0,28,1,1,False,,,,,
244,122.0,29,1,1,False,,,,,
244,122.0,30,1,1,False,,,,,
244,122.0,31,1,1,False,,,,,
244,122.0,32,1,1,False,,,,,
244,122.0,33,1,1,False,,,,,
244,122.0,34,1,1,False,,,,,
244,122.0,35,1,1,False,,,,,
244,122.0,36,1,1,False,,,,,
244,122.0,37,1,1,False,,,,,
244,122.0,38,1,1,False,,,,,
244,122.0,39,1,1,False,,,,,
245,122.5,0,1,1,False,,,,,
245,122.5,1,1,1,False,,,,,
245,122.5,2,1,1,False,,,,,
245,122.5,3,1,1,False,,,,,
245,122.5,4,1,1,False,,,,,
245,122.5,5,1,1,False,,,,,
245,122.5,6,1,1,False,,,,,
245,122.5,7,1,1,False,,,,,
245,122.5,8,1,1,False,,,,,
245,122.5,9,1,1,False,,,,,
245,122.5,10,1,1,False,,,,,
245,122.5,11,1,1,False,,,,,
245,122.5,12,1,1,False,,,,,
245,122.5,13,1,1,False,,,,,
245,122.5,14,1,1,False,,,,,
245,122.5,15,1,1,False,,,,,
245,122.5,16,1,1,False,,,,,
245,122.5,17,1,1,False,,,,,
245,122.5,18,1,1,False,,,,,
245,122.5,19,1,1,False,,,,,
245,122.5,20,1,1,False,,,,,
245,122.5,21,1,1,False,,,,,
245,122.5,22,1,1,False,,,,,
245,122.5,23,1,1,False,,,,,
245,122.5,24,1,1,False,,,,,
245,122.5,25,1,1,False,,,,,
245,122.5,26,1,1,False,,,,,
245,122.5,27,1,1,False,,,,,
245,122.5,28,1,1,False,,,,,
245,122.5,29,1,1,False,,,,,
245,122.5,30,1,1,False,,,,,
245,122.5,31,1,1,False,,,,,
245,122.5,32,1,1,False,,,,,
245,122.5,33,1,1,False,,,,,
245,122.5,34,1,1,False,,,,,
245,122.5,35,1,1,False,,,,,
245,122.5,36,1,1,False,,,,,
245,122.5,37,1,1,False,,,,,
245,122.5,38,1,1,False,,,,,
245,122.5,39,1,1,False,,,,,
246,123.0,0,1,1,False,,,,,
246,123.0,1,1,1,False,,,,,
246,123.0,2,1,1,False,,,,,
246,123.0,3,1,1,False,,,,,
246,123.0,4,1,1,False,,,,,
246,123.0,5,1,1,False,,,,,
246,123.0,6,1,1,False,,,,,
246,123.0,7,1,1,False,,,,,
246,123.0,8,1,1,False,,,,,
246,123.0,9,1,1,False,,,,,
246,123.0,10,1,1,False,,,,,
246,123.0,11,1,1,False,,,,,
246,123.0,12,1,1,False,,,,,
246,123.0,13,1,1,False,,,,,
246,123.0,14,1,1,False,,,,,
246,123.0,15,1,1,False,,,,,
246,123.0,16,1,1,False,,,,,
246,123.0,17,1,1,False,,,,,
246,123.0,18,1,1,False,,,,,
246,123.0,19,1,1,False,,,,,
246,123.0,20,1,1,False,,,,,
246,123.0,21,1,1,False,,,,,
246,123.0,22,1,1,False,,,,,
246,123.0,23,1,1,False,,,,,
246,123.0,24,1,1,False,,,,,
246,123.0,25,1,1,False,,,,,
246,123.0,26,1,1,False,,,,,
246,123.0,27,1,1,False,,,,,
246,123.0,28,1,1,False,,,,,
246,123.0,29,1,1,False,,,,,
246,123.0,30,1,1,False,,,,,
246,123.0,31,1,1,False,,,,,
246,123.0,32,1,1,False,,,,,
246,123.0,33,1,1,False,,,,,
246,123.0,34,1,1,False,,,,,
246,123.0,35,1,1,False,,,,,
246,123.0,36,1,1,False,,,,,
246,123.0,37,1,1,False,,,,,
246,123.0,38,1,1,False,,,,,
246,123.0,39,1,1,False,,,,,
247,123.5,0,1,1,False,,,,,
247,123.5,1,1,1,False,,,,,
247,123.5,2,1,1,False,,,,,
247,123.5,3,1,1,False,,,,,
247,123.5,4,1,1,False,,,,,
247,123.5,5,1,1,False,,,,,
247,123.5,6,1,1,False,,,,,
247,123.5,7,1,1,False,,,,,
247,123.5,8,1,1,False,,,,,
247,123.5,9,1,1,False,,,,,
247,123.5,10,1,1,False,,,,,
247,123.5,11,1,1,False,,,,,
247,123.5,12,1,1,False,,,,,
247,123.5,13,1,1,False,,,,,
247,123.5,14,1,1,False,,,,,
247,123.5,15,1,1,False,,,,,
247,123.5,16,1,1,False,,,,,
247,123.5,17,1,1,False,,,,,
247,123.5,18,1,1,False,,,,,
247,123.5,19,1,1,False,,,,,
247,123.5,20,1,1,False,,,,,
247,123.5,21,1,1,False,,,,,
247,123.5,22,1,1,False,,,,,
247,123.5,23,1,1,False,,,,,
247,123.5,24,1,1,False,,,,,
247,123.5,25,1,1,False,,,,,
247,123.5,26,1,1,False,,,,,
247,123.5,27,1,1,False,,,,,
247,123.5,28,1,1,False,,,,,
247,123.5,29,1,1,False,,,,,
247,123.5,30,1,1,False,,,,,
247,123.5,31,1,1,False,,,,,
247,123.5,32,1,1,False,,,,,
247,123.5,33,1,1,False,,,,,
247,123.5,34,1,1,False,,,,,
247,123.5,35,1,1,False,,,,,
247,123.5,36,1,1,False,,,,,
247,123.5,37,1,1,False,,,,,
247,123.5,38,1,1,False,,,,,
247,123.5,39,1,1,False,,,,,
248,124.0,0,1,1,False,,,,,
248,124.0,1,1,1,False,,,,,
248,124.0,2,1,1,False,,,,,
248,124.0,3,1,1,False,,,,,
248,124.0,4,1,1,False,,,,,
248,124.0,5,1,1,False,,,,,
248,124.0,6,1,1,False,,,,,
248,124.0,7,1,1,False,,,,,
248,124.0,8,1,1,False,,,,,
248,124.0,9,1,1,False,,,,,
248,124.0,10,1,1,False,,,,,
248,124.0,11,1,1,False,,,,,
248,124.0,12,1,1,False,,,,,
248,124.0,13,1,1,False,,,,,
248,124.0,14,1,1,False,,,,,
248,124.0,15,1,1,False,,,,,
248,124.0,16,1,1,False,,,,,
248,124.0,17,1,1,False,,,,,
248,124.0,18,1,1,False,,,,,
248,124.0,19,1,1,False,,,,,
248,124.0,20,1,1,False,,,,,
248,124.0,21,1,1,False,,,,,
248,124.0,22,1,1,False,,,,,
248,124.0,23,1,1,False,,,,,
248,124.0,24,1,1,False,,,,,
248,124.0,25,1,1,False,,,,,
248,124.0,26,1,1,False,,,,,
248,124.0,27,1,1,False,,,,,
248,124.0,28,1,1,False,,,,,
248,124.0,29,1,1,False,,,,,
248,124.0,30,1,1,False,,,,,
248,124.0,31,1,1,False,,,,,
248,124.0,32,1,1,False,,,,,
248,124.0,33,1,1,False,,,,,
248,124.0,34,1,1,False,,,,,
248,124.0,35,1,1,False,,,,,
248,124.0,36,1,1,False,,,,,
248,124.0,37,1,1,False,,,,,
248,124.0,38,1,1,False,,,,,
248,124.0,39,1,1,False,,,,,
249,124.5,0,1,1,False,,,,,
249,124.5,1,1,1,False,,,,,
249,124.5,2,1,1,False,,,,,
249,124.5,3,1,1,False,,,,,
249,124.5,4,1,1,False,,,,,
249,124.5,5,1,1,False,,,,,
249,124.5,6,1,1,False,,,,,
249,124.5,7,1,1,False,,,,,
249,124.5,8,1,1,False,,,,,
249,124.5,9,1,1,False,,,,,
249,124.5,10,1,1,False,,,,,
249,124.5,11,1,1,False,,,,,
249,124.5,12,1,1,False,,,,,
249,124.5,13,1,1,False,,,,,
249,124.5,14,1,1,False,,,,,
249,124.5,15,1,1,False,,,,,
249,124.5,16,1,1,False,,,,,
249,124.5,17,1,1,False,,,,,
249,124.5,18,1,1,False,,,,,
249,124.5,19,1,1,False,,,,,
249,124.5,20,1,1,False,,,,,
249,124.5,21,1,1,False,,,,,
249,124.5,22,1,1,False,,,,,
249,124.5,23,1,1,False,,,,,
249,124.5,24,1,1,False,,,,,
249,124.5,25,1,1,False,,,,,
249,124.5,26,1,1,False,,,,,
249,124.5,27,1,1,False,,,,,
249,124.5,28,1,1,False,,,,,
249,124.5,29,1,1,False,,,,,
249,124.5,30,1,1,False,,,,,
249,124.5,31,1,1,False,,,,,
249,124.5,32,1,1,False,,,,,
249,124.5,33,1,1,False,,,,,
249,124.5,34,1,1,False,,,,,
249,124.5,35,1,1,False,,,,,
249,124.5,36,1,1,False,,,,,
249,124.5,37,1,1,False,,,,,
249,124.5,38,1,1,False,,,,,
249,124.5,39,1,1,False,,,,,
250,125.0,0,1,1,False,,,,,
250,125.0,1,1,1,False,,,,,
250,125.0,2,1,1,False,,,,,
250,125.0,3,1,1,False,,,,,
250,125.0,4,1,1,False,,,,,
250,125.0,5,1,1,False,,,,,
250,125.0,6,1,1,False,,,,,
250,125.0,7,1,1,False,,,,,
250,125.0,8,1,1,False,,,,,
250,125.0,9,1,1,False,,,,,
250,125.0,10,1,1,False,,,,,
250,125.0,11,1,1,False,,,,,
250,125.0,12,1,1,False,,,,,
250,125.0,13,1,1,False,,,,,
250,125.0,14,1,1,False,,,,,
250,125.0,15,1,1,False,,,,,
250,125.0,16,1,1,False,,,,,
250,125.0,17,1,1,False,,,,,
250,125.0,18,1,1,False,,,,,
250,125.0,19,1,1,False,,,,,
250,125.0,20,1,1,False,,,,,
250,125.0,21,1,1,False,,,,,
250,125.0,22,1,1,False,,,,,
250,125.0,23,1,1,False,,,,,
250,125.0,24,1,1,False,,,,,
250,125.0,25,1,1,False,,,,,
250,125.0,26,1,1,False,,,,,
250,125.0,27,1,1,False,,,,,
250,125.0,28,1,1,False,,,,,
250,125.0,29,1,1,False,,,,,
250,125.0,30,1,1,False,,,,,
250,125.0,31,1,1,False,,,,,
250,125.0,32,1,1,False,,,,,
250,125.0,33,1,1,False,,,,,
250,125.0,34,1,1,False,,,,,
250,125.0,35,1,1,False,,,,,
250,125.0,36,1,1,False,,,,,
250,125.0,37,1,1,False,,,,,
250,125.0,38,1,1,False,,,,,
250,125.0,39,1,1,False,,,,,
251,125.5,0,1,1,False,,,,,
251,125.5,1,1,1,False,,,,,
251,125.5,2,1,1,False,,,,,
251,125.5,3,1,1,False,,,,,
251,125.5,4,1,1,False,,,,,
251,125.5,5,1,1,False,,,,,
251,125.5,6,1,1,False,,,,,
251,125.5,7,1,1,False,,,,,
251,125.5,8,1,1,False,,,,,
251,125.5,9,1,1,False,,,,,
251,125.5,10,1,1,False,,,,,
251,125.5,11,1,1,False,,,,,
251,125.5,12,1,1,False,,,,,
251,125.5,13,1,1,False,,,,,
251,125.5,14,1,1,False,,,,,
251,125.5,15,1,1,False,,,,,
251,125.5,16,1,1,False,,,,,
251,125.5,17,1,1,False,,,,,
251,125.5,18,1,1,False,,,,,
251,125.5,19,1,1,False,,,,,
251,125.5,20,1,1,False,,,,,
251,125.5,21,1,1,False,,,,,
251,125.5,22,1,1,False,,,,,
251,125.5,23,1,1,False,,,,,
251,125.5,24,1,1,False,,,,,
251,125.5,25,1,1,False,,,,,
251,125.5,26,1,1,False,,,,,
251,125.5,27,1,1,False,,,,,
251,125.5,28,1,1,False,,,,,
251,125.5,29,1,1,False,,,,,
251,125.5,30,1,1,False,,,,,
251,125.5,31,1,1,False,,,,,
251,125.5,32,1,1,False,,,,,
251,125.5,33,1,1,False,,,,,
251,125.5,34,1,1,False,,,,,
251,125.5,35,1,1,False,,,,,
251,125.5,36,1,1,False,,,,,
251,125.5,37,1,1,False,,,,,
251,125.5,38,1,1,False,,,,,
251,125.5,39,1,1,False,,,,,
252,126.0,0,1,1,False,,,,,
252,126.0,1,1,1,False,,,,,
252,126.0,2,1,1,False,,,,,
252,126.0,3,1,1,False,,,,,
252,126.0,4,1,1,False,,,,,
252,126.0,5,1,1,False,,,,,
252,126.0,6,1,1,False,,,,,
252,126.0,7,1,1,False,,,,,
252,126.0,8,1,1,False,,,,,
252,126.0,9,1,1,False,,,,,
252,126.0,10,1,1,False,,,,,
252,126.0,11,1,1,False,,,,,
252,126.0,12,1,1,False,,,,,
252,126.0,13,1,1,False,,,,,
252,126.0,14,1,1,False,,,,,
252,126.0,15,1,1,False,,,,,
252,126.0,16,1,1,False,,,,,
252,126.0,17,1,1,False,,,,,
252,126.0,18,1,1,False,,,,,
252,126.0,19,1,1,False,,,,,
252,126.0,20,1,1,False,,,,,
252,126.0,21,1,1,False,,,,,
252,126.0,22,1,1,False,,,,,
252,126.0,23,1,1,False,,,,,
252,126.0,24,1,1,False,,,,,
252,126.0,25,1,1,False,,,,,
252,126.0,26,1,1,False,,,,,
252,126.0,27,1,1,False,,,,,
252,126.0,28,1,1,False,,,,,
252,126.0,29,1,1,False,,,,,
252,126.0,30,1,1,False,,,,,
252,126.0,31,1,1,False,,,,,
252,126.0,32,1,1,False,,,,,
252,126.0,33,1,1,False,,,,,
252,126.0,34,1,1,False,,,,,
252,126.0,35,1,1,False,,,,,
252,126.0,36,1,1,False,,,,,
252,126.0,37,1,1,False,,,,,
252,126.0,38,1,1,False,,,,,
252,126.0,39,1,1,False,,,,,
253,126.5,0,1,1,False,,,,,
253,126.5,1,1,1,False,,,,,
253,126.5,2,1,1,False,,,,,
253,126.5,3,1,1,False,,,,,
253,126.5,4,1,1,False,,,,,
253,126.5,5,1,1,False,,,,,
253,126.5,6,1,1,False,,,,,
253,126.5,7,1,1,False,,,,,
253,126.5,8,1,1,False,,,,,
253,126.5,9,1,1,False,,,,,
253,126.5,10,1,1,False,,,,,
253,126.5,11,1,1,False,,,,,
253,126.5,12,1,1,False,,,,,
253,126.5,13,1,1,False,,,,,
253,126.5,14,1,1,False,,,,,
253,126.5,15,1,1,False,,,,,
253,126.5,16,1,1,False,,,,,
253,126.5,17,1,1,False,,,,,
253,126.5,18,1,1,False,,,,,
253,126.5,19,1,1,False,,,,,
253,126.5,20,1,1,False,,,,,
253,126.5,21,1,1,False,,,,,
253,126.5,22,1,1,False,,,,,
253,126.5,23,1,1,False,,,,,
253,126.5,24,1,1,False,,,,,
253,126.5,25,1,1,False,,,,,
253,126.5,26,1,1,False,,,,,
253,126.5,27,1,1,False,,,,,
253,126.5,28,1,1,False,,,,,
253,126.5,29,1,1,False,,,,,
253,126.5,30,1,1,False,,,,,
253,126.5,31,1,1,False,,,,,
253,126.5,32,1,1,False,,,,,
253,126.5,33,1,1,False,,,,,
253,126.5,34,1,1,False,,,,,
253,126.5,35,1,1,False,,,,,
253,126.5,36,1,1,False,,,,,
253,126.5,37,1,1,False,,,,,
253,126.5,38,1,1,False,,,,,
253,126.5,39,1,1,False,,,,,
254,127.0,0,1,1,False,,,,,
254,127.0,1,1,1,False,,,,,
254,127.0,2,1,1,False,,,,,
254,127.0,3,1,1,False,,,,,
254,127.0,4,1,1,False,,,,,
254,127.0,5,1,1,False,,,,,
254,127.0,6,1,1,False,,,,,
254,127.0,7,1,1,False,,,,,
254,127.0,8,1,1,False,,,,,
254,127.0,9,1,1,False,,,,,
254,127.0,10,1,1,False,,,,,
254,127.0,11,1,1,False,,,,,
254,127.0,12,1,1,False,,,,,
254,127.0,13,1,1,False,,,,,
254,127.0,14,1,1,False,,,,,
254,127.0,15,1,1,False,,,,,
254,127.0,16,1,1,False,,,,,
254,127.0,17,1,1,False,,,,,
254,127.0,18,1,1,False,,,,,
254,127.0,19,1,1,False,,,,,
254,127.0,20,1,1,False,,,,,
254,127.0,21,1,1,False,,,,,
254,127.0,22,1,1,False,,,,,
254,127.0,23,1,1,False,,,,,
254,127.0,24,1,1,False,,,,,
254,127.0,25,1,1,False,,,,,
254,127.0,26,1,1,False,,,,,
254,127.0,27,1,1,False,,,,,
254,127.0,28,1,1,False,,,,,
254,127.0,29,1,1,False,,,,,
254,127.0,30,1,1,False,,,,,
254,127.0,31,1,1,False,,,,,
254,127.0,32,1,1,False,,,,,
254,127.0,33,1,1,False,,,,,
254,127.0,34,1,1,False,,,,,
254,127.0,35,1,1,False,,,,,
254,127.0,36,1,1,False,,,,,
254,127.0,37,1,1,False,,,,,
254,127.0,38,1,1,False,,,,,
254,127.0,39,1,1,False,,,,,
255,127.5,0,1,1,False,,,,,
255,127.5,1,1,1,False,,,,,
255,127.5,2,1,1,False,,,,,
255,127.5,3,1,1,False,,,,,
255,127.5,4,1,1,False,,,,,
255,127.5,5,1,1,False,,,,,
255,127.5,6,1,1,False,,,,,
255,127.5,7,1,1,False,,,,,
255,127.5,8,1,1,False,,,,,
255,127.5,9,1,1,False,,,,,
255,127.5,10,1,1,False,,,,,
255,127.5,11,1,1,False,,,,,
255,127.5,12,1,1,False,,,,,
255,127.5,13,1,1,False,,,,,
255,127.5,14,1,1,False,,,,,
255,127.5,15,1,1,False,,,,,
255,127.5,16,1,1,False,,,,,
255,127.5,17,1,1,False,,,,,
255,127.5,18,1,1,False,,,,,
255,127.5,19,1,1,False,,,,,
255,127.5,20,1,1,False,,,,,
255,127.5,21,1,1,False,,,,,
255,127.5,22,1,1,False,,,,,
255,127.5,23,1,1,False,,,,,
255,127.5,24,1,1,False,,,,,
255,127.5,25,1,1,False,,,,,
255,127.5,26,1,1,False,,,,,
255,127.5,27,1,1,False,,,,,
255,127.5,28,1,1,False,,,,,
255,127.5,29,1,1,False,,,,,
255,127.5,30,1,1,False,,,,,
255,127.5,31,1,1,False,,,,,
255,127.5,32,1,1,False,,,,,
255,127.5,33,1,1,False,,,,,
255,127.5,34,1,1,False,,,,,
255,127.5,35,1,1,False,,,,,
255,127.5,36,1,1,False,,,,,
255,127.5,37,1,1,False,,,,,
255,127.5,38,1,1,False,,,,,
255,127.5,39,1,1,False,,,,,
256,128.0,0,1,1,False,,,,,
256,128.0,1,1,1,False,,,,,
256,128.0,2,1,1,False,,,,,
256,128.0,3,1,1,False,,,,,
256,128.0,4,1,1,False,,,,,
256,128.0,5,1,1,False,,,,,
256,128.0,6,1,1,False,,,,,
256,128.0,7,1,1,False,,,,,
256,128.0,8,1,1,False,,,,,
256,128.0,9,1,1,False,,,,,
256,128.0,10,1,1,False,,,,,
256,128.0,11,1,1,False,,,,,
256,128.0,12,1,1,False,,,,,
256,128.0,13,1,1,False,,,,,
256,128.0,14,1,1,False,,,,,
256,128.0,15,1,1,False,,,,,
256,128.0,16,1,1,False,,,,,
256,128.0,17,1,1,False,,,,,
256,128.0,18,1,1,False,,,,,
256,128.0,19,1,1,False,,,,,
256,128.0,20,1,1,False,,,,,
256,128.0,21,1,1,False,,,,,
256,128.0,22,1,1,False,,,,,
256,128.0,23,1,1,False,,,,,
256,128.0,24,1,1,False,,,,,
256,128.0,25,1,1,False,,,,,
256,128.0,26,1,1,False,,,,,
256,128.0,27,1,1,False,,,,,
256,128.0,28,1,1,False,,,,,
256,128.0,29,1,1,False,,,,,
256,128.0,30,1,1,False,,,,,
256,128.0,31,1,1,False,,,,,
256,128.0,32,1,1,False,,,,,
256,128.0,33,1,1,False,,,,,
256,128.0,34,1,1,False,,,,,
256,128.0,35,1,1,False,,,,,
256,128.0,36,1,1,False,,,,,
256,128.0,37,1,1,False,,,,,
256,128.0,38,1,1,False,,,,,
256,128.0,39,1,1,False,,,,,
257,128.5,0,1,1,False,,,,,
257,128.5,1,1,1,False,,,,,
257,128.5,2,1,1,False,,,,,
257,128.5,3,1,1,False,,,,,
257,128.5,4,1,1,False,,,,,
257,128.5,5,1,1,False,,,,,
257,128.5,6,1,1,False,,,,,
257,128.5,7,1,1,False,,,,,
257,128.5,8,1,1,False,,,,,
257,128.5,9,1,1,False,,,,,
257,128.5,10,1,1,False,,,,,
257,128.5,11,1,1,False,,,,,
257,128.5,12,1,1,False,,,,,
257,128.5,13,1,1,False,,,,,
257,128.5,14,1,1,False,,,,,
257,128.5,15,1,1,False,,,,,
257,128.5,16,1,1,False,,,,,
257,128.5,17,1,1,False,,,,,
257,128.5,18,1,1,False,,,,,
257,128.5,19,1,1,False,,,,,
257,128.5,20,1,1,False,,,,,
257,128.5,21,1,1,False,,,,,
257,128.5,22,1,1,False,,,,,
257,128.5,23,1,1,False,,,,,
257,128.5,24,1,1,False,,,,,
257,128.5,25,1,1,False,,,,,
257,128.5,26,1,1,False,,,,,
257,128.5,27,1,1,False,,,,,
257,128.5,28,1,1,False,,,,,
257,128.5,29,1,1,False,,,,,
257,128.5,30,1,1,False,,,,,
257,128.5,31,1,1,False,,,,,
257,128.5,32,1,1,False,,,,,
257,128.5,33,1,1,False,,,,,
257,128.5,34,1,1,False,,,,,
257,128.5,35,1,1,False,,,,,
257,128.5,36,1,1,False,,,,,
257,128.5,37,1,1,False,,,,,
257,128.5,38,1,1,False,,,,,
257,128.5,39,1,1,False,,,,,
258,129.0,0,1,1,False,,,,,
258,129.0,1,1,1,False,,,,,
258,129.0,2,1,1,False,,,,,
258,129.0,3,1,1,False,,,,,
258,129.0,4,1,1,False,,,,,
258,129.0,5,1,1,False,,,,,
258,129.0,6,1,1,False,,,,,
258,129.0,7,1,1,False,,,,,
258,129.0,8,1,1,False,,,,,
258,129.0,9,1,1,False,,,,,
258,129.0,10,1,1,False,,,,,
258,129.0,11,1,1,False,,,,,
258,129.0,12,1,1,False,,,,,
258,129.0,13,1,1,False,,,,,
258,129.0,14,1,1,False,,,,,
258,129.0,15,1,1,False,,,,,
258,129.0,16,1,1,False,,,,,
258,129.0,17,1,1,False,,,,,
258,129.0,18,1,1,False,,,,,
258,129.0,19,1,1,False,,,,,
258,129.0,20,1,1,False,,,,,
258,129.0,21,1,1,False,,,,,
258,129.0,22,1,1,False,,,,,
258,129.0,23,1,1,False,,,,,
258,129.0,24,1,1,False,,,,,
258,129.0,25,1,1,False,,,,,
258,129.0,26,1,1,False,,,,,
258,129.0,27,1,1,False,,,,,
258,129.0,28,1,1,False,,,,,
258,129.0,29,1,1,False,,,,,
258,129.0,30,1,1,False,,,,,
258,129.0,31,1,1,False,,,,,
258,129.0,32,1,1,False,,,,,
258,129.0,33,1,1,False,,,,,
258,129.0,34,1,1,False,,,,,
258,129.0,35,1,1,False,,,,,
258,129.0,36,1,1,False,,,,,
258,129.0,37,1,1,False,,,,,
258,129.0,38,1,1,False,,,,,
258,129.0,39,1,1,False,,,,,
259,129.5,0,1,1,False,,,,,
259,129.5,1,1,1,False,,,,,
259,129.5,2,1,1,False,,,,,
259,129.5,3,1,1,False,,,,,
259,129.5,4,1,1,False,,,,,
259,129.5,5,1,1,False,,,,,
259,129.5,6,1,1,False,,,,,
259,129.5,7,1,1,False,,,,,
259,129.5,8,1,1,False,,,,,
259,129.5,9,1,1,False,,,,,
259,129.5,10,1,1,False,,,,,
259,129.5,11,1,1,False,,,,,
259,129.5,12,1,1,False,,,,,
259,129.5,13,1,1,False,,,,,
259,129.5,14,1,1,False,,,,,
259,129.5,15,1,1,False,,,,,
259,129.5,16,1,1,False,,,,,
259,129.5,17,1,1,False,,,,,
259,129.5,18,1,1,False,,,,,
259,129.5,19,1,1,False,,,,,
259,129.5,20,1,1,False,,,,,
259,129.5,21,1,1,False,,,,,
259,129.5,22,1,1,False,,,,,
259,129.5,23,1,1,False,,,,,
259,129.5,24,1,1,False,,,,,
259,129.5,25,1,1,False,,,,,
259,129.5,26,1,1,False,,,,,
259,129.5,27,1,1,False,,,,,
259,129.5,28,1,1,False,,,,,
259,129.5,29,1,1,False,,,,,
259,129.5,30,1,1,False,,,,,
259,129.5,31,1,1,False,,,,,
259,129.5,32,1,1,False,,,,,
259,129.5,33,1,1,False,,,,,
259,129.5,34,1,1,False,,,,,
259,129.5,35,1,1,False,,,,,
259,129.5,36,1,1,False,,,,,
259,129.5,37,1,1,False,,,,,
259,129.5,38,1,1,False,,,,,
259,129.5,39,1,1,False,,,,,
260,130.0,0,1,1,False,,,,,
260,130.0,1,1,1,False,,,,,
260,130.0,2,1,1,False,,,,,
260,130.0,3,1,1,False,,,,,
260,130.0,4,1,1,False,,,,,
260,130.0,5,1,1,False,,,,,
260,130.0,6,1,1,False,,,,,
260,130.0,7,1,1,False,,,,,
260,130.0,8,1,1,False,,,,,
260,130.0,9,1,1,False,,,,,
260,130.0,10,1,1,False,,,,,
260,130.0,11,1,1,False,,,,,
260,130.0,12,1,1,False,,,,,
260,130.0,13,1,1,False,,,,,
260,130.0,14,1,1,False,,,,,
260,130.0,15,1,1,False,,,,,
260,130.0,16,1,1,False,,,,,
260,130.0,17,1,1,False,,,,,
260,130.0,18,1,1,False,,,,,
260,130.0,19,1,1,False,,,,,
260,130.0,20,1,1,False,,,,,
260,130.0,21,1,1,False,,,,,
260,130.0,22,1,1,False,,,,,
260,130.0,23,1,1,False,,,,,
260,130.0,24,1,1,False,,,,,
260,130.0,25,1,1,False,,,,,
260,130.0,26,1,1,False,,,,,
260,130.0,27,1,1,False,,,,,
260,130.0,28,1,1,False,,,,,
260,130.0,29,1,1,False,,,,,
260,130.0,30,1,1,False,,,,,
260,130.0,31,1,1,False,,,,,
260,130.0,32,1,1,False,,,,,
260,130.0,33,1,1,False,,,,,
260,130.0,34,1,1,False,,,,,
260,130.0,35,1,1,False,,,,,
260,130.0,36,1,1,False,,,,,
260,130.0,37,1,1,False,,,,,
260,130.0,38,1,1,False,,,,,
260,130.0,39,1,1,False,,,,,
261,130.5,0,1,1,False,,,,,
261,130.5,1,1,1,False,,,,,
261,130.5,2,1,1,False,,,,,
261,130.5,3,1,1,False,,,,,
261,130.5,4,1,1,False,,,,,
261,130.5,5,1,1,False,,,,,
261,130.5,6,1,1,False,,,,,
261,130.5,7,1,1,False,,,,,
261,130.5,8,1,1,False,,,,,
261,130.5,9,1,1,False,,,,,
261,130.5,10,1,1,False,,,,,
261,130.5,11,1,1,False,,,,,
261,130.5,12,1,1,False,,,,,
261,130.5,13,1,1,False,,,,,
261,130.5,14,1,1,False,,,,,
261,130.5,15,1,1,False,,,,,
261,130.5,16,1,1,False,,,,,
261,130.5,17,1,1,False,,,,,
261,130.5,18,1,1,False,,,,,
261,130.5,19,1,1,False,,,,,
261,130.5,20,1,1,False,,,,,
261,130.5,21,1,1,False,,,,,
261,130.5,22,1,1,False,,,,,
261,130.5,23,1,1,False,,,,,
261,130.5,24,1,1,False,,,,,
261,130.5,25,1,1,False,,,,,
261,130.5,26,1,1,False,,,,,
261,130.5,27,1,1,False,,,,,
261,130.5,28,1,1,False,,,,,
261,130.5,29,1,1,False,,,,,
261,130.5,30,1,1,False,,,,,
261,130.5,31,1,1,False,,,,,
261,130.5,32,1,1,False,,,,,
261,130.5,33,1,1,False,,,,,
261,130.5,34,1,1,False,,,,,
261,130.5,35,1,1,False,,,,,
261,130.5,36,1,1,False,,,,,
261,130.5,37,1,1,False,,,,,
261,130.5,38,1,1,False,,,,,
261,130.5,39,1,1,False,,,,,
262,131.0,0,1,1,False,,,,,
262,131.0,1,1,1,False,,,,,
262,131.0,2,1,1,False,,,,,
262,131.0,3,1,1,False,,,,,
262,131.0,4,1,1,False,,,,,
262,131.0,5,1,1,False,,,,,
262,131.0,6,1,1,False,,,,,
262,131.0,7,1,1,False,,,,,
262,131.0,8,1,1,False,,,,,
262,131.0,9,1,1,False,,,,,
262,131.0,10,1,1,False,,,,,
262,131.0,11,1,1,False,,,,,
262,131.0,12,1,1,False,,,,,
262,131.0,13,1,1,False,,,,,
262,131.0,14,1,1,False,,,,,
262,131.0,15,1,1,False,,,,,
262,131.0,16,1,1,False,,,,,
262,131.0,17,1,1,False,,,,,
262,131.0,18,1,1,False,,,,,
262,131.0,19,1,1,False,,,,,
262,131.0,20,1,1,False,,,,,
262,131.0,21,1,1,False,,,,,
262,131.0,22,1,1,False,,,,,
262,131.0,23,1,1,False,,,,,
262,131.0,24,1,1,False,,,,,
262,131.0,25,1,1,False,,,,,
262,131.0,26,1,1,False,,,,,
262,131.0,27,1,1,False,,,,,
262,131.0,28,1,1,False,,,,,
262,131.0,29,1,1,False,,,,,
262,131.0,30,1,1,False,,,,,
262,131.0,31,1,1,False,,,,,
262,131.0,32,1,1,False,,,,,
262,131.0,33,1,1,False,,,,,
262,131.0,34,1,1,False,,,,,
262,131.0,35,1,1,False,,,,,
262,131.0,36,1,1,False,,,,,
262,131.0,37,1,1,False,,,,,
262,131.0,38,1,1,False,,,,,
262,131.0,39,1,1,False,,,,,
263,131.5,0,1,1,False,,,,,
263,131.5,1,1,1,False,,,,,
263,131.5,2,1,1,False,,,,,
263,131.5,3,1,1,False,,,,,
263,131.5,4,1,1,False,,,,,
263,131.5,5,1,1,False,,,,,
263,131.5,6,1,1,False,,,,,
263,131.5,7,1,1,False,,,,,
263,131.5,8,1,1,False,,,,,
263,131.5,9,1,1,False,,,,,
263,131.5,10,1,1,False,,,,,
263,131.5,11,1,1,False,,,,,
263,131.5,12,1,1,False,,,,,
263,131.5,13,1,1,False,,,,,
263,131.5,14,1,1,False,,,,,
263,131.5,15,1,1,False,,,,,
263,131.5,16,1,1,False,,,,,
263,131.5,17,1,1,False,,,,,
263,131.5,18,1,1,False,,,,,
263,131.5,19,1,1,False,,,,,
263,131.5,20,1,1,False,,,,,
263,131.5,21,1,1,False,,,,,
263,131.5,22,1,1,False,,,,,
263,131.5,23,1,1,False,,,,,
263,131.5,24,1,1,False,,,,,
263,131.5,25,1,1,False,,,,,
263,131.5,26,1,1,False,,,,,
263,131.5,27,1,1,False,,,,,
263,131.5,28,1,1,False,,,,,
263,131.5,29,1,1,False,,,,,
263,131.5,30,1,1,False,,,,,
263,131.5,31,1,1,False,,,,,
263,131.5,32,1,1,False,,,,,
263,131.5,33,1,1,False,,,,,
263,131.5,34,1,1,False,,,,,
263,131.5,35,1,1,False,,,,,
263,131.5,36,1,1,False,,,,,
263,131.5,37,1,1,False,,,,,
263,131.5,38,1,1,False,,,,,
263,131.5,39,1,1,False,,,,,
264,132.0,0,1,1,False,,,,,
264,132.0,1,1,1,False,,,,,
264,132.0,2,1,1,False,,,,,
264,132.0,3,1,1,False,,,,,
264,132.0,4,1,1,False,,,,,
264,132.0,5,1,1,False,,,,,
264,132.0,6,1,1,False,,,,,
264,132.0,7,1,1,False,,,,,
264,132.0,8,1,1,False,,,,,
264,132.0,9,1,1,False,,,,,
264,132.0,10,1,1,False,,,,,
264,132.0,11,1,1,False,,,,,
264,132.0,12,1,1,False,,,,,
264,132.0,13,1,1,False,,,,,
264,132.0,14,1,1,False,,,,,
264,132.0,15,1,1,False,,,,,
264,132.0,16,1,1,False,,,,,
264,132.0,17,1,1,False,,,,,
264,132.0,18,1,1,False,,,,,
264,132.0,19,1,1,False,,,,,
264,132.0,20,1,1,False,,,,,
264,132.0,21,1,1,False,,,,,
264,132.0,22,1,1,False,,,,,
264,132.0,23,1,1,False,,,,,
264,132.0,24,1,1,False,,,,,
264,132.0,25,1,1,False,,,,,
264,132.0,26,1,1,False,,,,,
264,132.0,27,1,1,False,,,,,
264,132.0,28,1,1,False,,,,,
264,132.0,29,1,1,False,,,,,
264,132.0,30,1,1,False,,,,,
264,132.0,31,1,1,False,,,,,
264,132.0,32,1,1,False,,,,,
264,132.0,33,1,1,False,,,,,
264,132.0,34,1,1,False,,,,,
264,132.0,35,1,1,False,,,,,
264,132.0,36,1,1,False,,,,,
264,132.0,37,1,1,False,,,,,
264,132.0,38,1,1,False,,,,,
264,132.0,39,1,1,False,,,,,
265,132.5,0,1,1,False,,,,,
265,132.5,1,1,1,False,,,,,
265,132.5,2,1,1,False,,,,,
265,132.5,3,1,1,False,,,,,
265,132.5,4,1,1,False,,,,,
265,132.5,5,1,1,False,,,,,
265,132.5,6,1,1,False,,,,,
265,132.5,7,1,1,False,,,,,
265,132.5,8,1,1,False,,,,,
265,132.5,9,1,1,False,,,,,
265,132.5,10,1,1,False,,,,,
265,132.5,11,1,1,False,,,,,
265,132.5,12,1,1,False,,,,,
265,132.5,13,1,1,False,,,,,
265,132.5,14,1,1,False,,,,,
265,132.5,15,1,1,False,,,,,
265,132.5,16,1,1,False,,,,,
265,132.5,17,1,1,False,,,,,
265,132.5,18,1,1,False,,,,,
265,132.5,19,1,1,False,,,,,
265,132.5,20,1,1,False,,,,,
265,132.5,21,1,1,False,,,,,
265,132.5,22,1,1,False,,,,,
265,132.5,23,1,1,False,,,,,
265,132.5,24,1,1,False,,,,,
265,132.5,25,1,1,False,,,,,
265,132.5,26,1,1,False,,,,,
265,132.5,27,1,1,False,,,,,
265,132.5,28,1,1,False,,,,,
265,132.5,29,1,1,False,,,,,
265,132.5,30,1,1,False,,,,,
265,132.5,31,1,1,False,,,,,
265,132.5,32,1,1,False,,,,,
265,132.5,33,1,1,False,,,,,
265,132.5,34,1,1,False,,,,,
265,132.5,35,1,1,False,,,,,
265,132.5,36,1,1,False,,,,,
265,132.5,37,1,1,False,,,,,
265,132.5,38,1,1,False,,,,,
265,132.5,39,1,1,False,,,,,
266,133.0,0,1,1,False,,,,,
266,133.0,1,1,1,False,,,,,
266,133.0,2,1,1,False,,,,,
266,133.0,3,1,1,False,,,,,
266,133.0,4,1,1,False,,,,,
266,133.0,5,1,1,False,,,,,
266,133.0,6,1,1,False,,,,,
266,133.0,7,1,1,False,,,,,
266,133.0,8,1,1,False,,,,,
266,133.0,9,1,1,False,,,,,
266,133.0,10,1,1,False,,,,,
266,133.0,11,1,1,False,,,,,
266,133.0,12,1,1,False,,,,,
266,133.0,13,1,1,False,,,,,
266,133.0,14,1,1,False,,,,,
266,133.0,15,1,1,False,,,,,
266,133.0,16,1,1,False,,,,,
266,133.0,17,1,1,False,,,,,
266,133.0,18,1,1,False,,,,,
266,133.0,19,1,1,False,,,,,
266,133.0,20,1,1,False,,,,,
266,133.0,21,1,1,False,,,,,
266,133.0,22,1,1,False,,,,,
266,133.0,23,1,1,False,,,,,
266,133.0,24,1,1,False,,,,,
266,133.0,25,1,1,False,,,,,
266,133.0,26,1,1,False,,,,,
266,133.0,27,1,1,False,,,,,
266,133.0,28,1,1,False,,,,,
266,133.0,29,1,1,False,,,,,
266,133.0,30,1,1,False,,,,,
266,133.0,31,1,1,False,,,,,
266,133.0,32,1,1,False,,,,,
266,133.0,33,1,1,False,,,,,
266,133.0,34,1,1,False,,,,,
266,133.0,35,1,1,False,,,,,
266,133.0,36,1,1,False,,,,,
266,133.0,37,1,1,False,,,,,
266,133.0,38,1,1,False,,,,,
266,133.0,39,1,1,False,,,,,
267,133.5,0,1,1,False,,,,,
267,133.5,1,1,1,False,,,,,
267,133.5,2,1,1,False,,,,,
267,133.5,3,1,1,False,,,,,
267,133.5,4,1,1,False,,,,,
267,133.5,5,1,1,False,,,,,
267,133.5,6,1,1,False,,,,,
267,133.5,7,1,1,False,,,,,
267,133.5,8,1,1,False,,,,,
267,133.5,9,1,1,False,,,,,
267,133.5,10,1,1,False,,,,,
267,133.5,11,1,1,False,,,,,
267,133.5,12,1,1,False,,,,,
267,133.5,13,1,1,False,,,,,
267,133.5,14,1,1,False,,,,,
267,133.5,15,1,1,False,,,,,
267,133.5,16,1,1,False,,,,,
267,133.5,17,1,1,False,,,,,
267,133.5,18,1,1,False,,,,,
267,133.5,19,1,1,False,,,,,
267,133.5,20,1,1,False,,,,,
267,133.5,21,1,1,False,,,,,
267,133.5,22,1,1,False,,,,,
267,133.5,23,1,1,False,,,,,
267,133.5,24,1,1,False,,,,,
267,133.5,25,1,1,False,,,,,
267,133.5,26,1,1,False,,,,,
267,133.5,27,1,1,False,,,,,
267,133.5,28,1,1,False,,,,,
267,133.5,29,1,1,False,,,,,
267,133.5,30,1,1,False,,,,,
267,133.5,31,1,1,False,,,,,
267,133.5,32,1,1,False,,,,,
267,133.5,33,1,1,False,,,,,
267,133.5,34,1,1,False,,,,,
267,133.5,35,1,1,False,,,,,
267,133.5,36,1,1,False,,,,,
267,133.5,37,1,1,False,,,,,
267,133.5,38,1,1,False,,,,,
267,133.5,39,1,1,False,,,,,
268,134.0,0,1,1,False,,,,,
268,134.0,1,1,1,False,,,,,
268,134.0,2,1,1,False,,,,,
268,134.0,3,1,1,False,,,,,
268,134.0,4,1,1,False,,,,,
268,134.0,5,1,1,False,,,,,
268,134.0,6,1,1,False,,,,,
268,134.0,7,1,1,False,,,,,
268,134.0,8,1,1,False,,,,,
268,134.0,9,1,1,False,,,,,
268,134.0,10,1,1,False,,,,,
268,134.0,11,1,1,False,,,,,
268,134.0,12,1,1,False,,,,,
268,134.0,13,1,1,False,,,,,
268,134.0,14,1,1,False,,,,,
268,134.0,15,1,1,False,,,,,
268,134.0,16,1,1,False,,,,,
268,134.0,17,1,1,False,,,,,
268,134.0,18,1,1,False,,,,,
268,134.0,19,1,1,False,,,,,
268,134.0,20,1,1,False,,,,,
268,134.0,21,1,1,False,,,,,
268,134.0,22,1,1,False,,,,,
268,134.0,23,1,1,False,,,,,
268,134.0,24,1,1,False,,,,,
268,134.0,25,1,1,False,,,,,
268,134.0,26,1,1,False,,,,,
268,134.0,27,1,1,False,,,,,
268,134.0,28,1,1,False,,,,,
268,134.0,29,1,1,False,,,,,
268,134.0,30,1,1,False,,,,,
268,134.0,31,1,1,False,,,,,
268,134.0,32,1,1,False,,,,,
268,134.0,33,1,1,False,,,,,
268,134.0,34,1,1,False,,,,,
268,134.0,35,1,1,False,,,,,
268,134.0,36,1,1,False,,,,,
268,134.0,37,1,1,False,,,,,
268,134.0,38,1,1,False,,,,,
268,134.0,39,1,1,False,,,,,
269,134.5,0,1,1,False,,,,,
269,134.5,1,1,1,False,,,,,
269,134.5,2,1,1,False,,,,,
269,134.5,3,1,1,False,,,,,
269,134.5,4,1,1,False,,,,,
269,134.5,5,1,1,False,,,,,
269,134.5,6,1,1,False,,,,,
269,134.5,7,1,1,False,,,,,
269,134.5,8,1,1,False,,,,,
269,134.5,9,1,1,False,,,,,
269,134.5,10,1,1,False,,,,,
269,134.5,11,1,1,False,,,,,
269,134.5,12,1,1,False,,,,,
269,134.5,13,1,1,False,,,,,
269,134.5,14,1,1,False,,,,,
269,134.5,15,1,1,False,,,,,
269,134.5,16,1,1,False,,,,,
269,134.5,17,1,1,False,,,,,
269,134.5,18,1,1,False,,,,,
269,134.5,19,1,1,False,,,,,
269,134.5,20,1,1,False,,,,,
269,134.5,21,1,1,False,,,,,
269,134.5,22,1,1,False,,,,,
269,134.5,23,1,1,False,,,,,
269,134.5,24,1,1,False,,,,,
269,134.5,25,1,1,False,,,,,
269,134.5,26,1,1,False,,,,,
269,134.5,27,1,1,False,,,,,
269,134.5,28,1,1,False,,,,,
269,134.5,29,1,1,False,,,,,
269,134.5,30,1,1,False,,,,,
269,134.5,31,1,1,False,,,,,
269,134.5,32,1,1,False,,,,,
269,134.5,33,1,1,False,,,,,
269,134.5,34,1,1,False,,,,,
269,134.5,35,1,1,False,,,,,
269,134.5,36,1,1,False,,,,,
269,134.5,37,1,1,False,,,,,
269,134.5,38,1,1,False,,,,,
269,134.5,39,1,1,False,,,,,
270,135.0,0,1,1,False,,,,,
270,135.0,1,1,1,False,,,,,
270,135.0,2,1,1,False,,,,,
270,135.0,3,1,1,False,,,,,
270,135.0,4,1,1,False,,,,,
270,135.0,5,1,1,False,,,,,
270,135.0,6,1,1,False,,,,,
270,135.0,7,1,1,False,,,,,
270,135.0,8,1,1,False,,,,,
270,135.0,9,1,1,False,,,,,
270,135.0,10,1,1,False,,,,,
270,135.0,11,1,1,False,,,,,
270,135.0,12,1,1,False,,,,,
270,135.0,13,1,1,False,,,,,
270,135.0,14,1,1,False,,,,,
270,135.0,15,1,1,False,,,,,
270,135.0,16,1,1,False,,,,,
270,135.0,17,1,1,False,,,,,
270,135.0,18,1,1,False,,,,,
270,135.0,19,1,1,False,,,,,
270,135.0,20,1,1,False,,,,,
270,135.0,21,1,1,False,,,,,
270,135.0,22,1,1,False,,,,,
270,135.0,23,1,1,False,,,,,
270,135.0,24,1,1,False,,,,,
270,135.0,25,1,1,False,,,,,
270,135.0,26,1,1,False,,,,,
270,135.0,27,1,1,False,,,,,
270,135.0,28,1,1,False,,,,,
270,135.0,29,1,1,False,,,,,
270,135.0,30,1,1,False,,,,,
270,135.0,31,1,1,False,,,,,
270,135.0,32,1,1,False,,,,,
270,135.0,33,1,1,False,,,,,
270,135.0,34,1,1,False,,,,,
270,135.0,35,1,1,False,,,,,
270,135.0,36,1,1,False,,,,,
270,135.0,37,1,1,False,,,,,
270,135.0,38,1,1,False,,,,,
270,135.0,39,1,1,False,,,,,
271,135.5,0,1,1,False,,,,,
271,135.5,1,1,1,False,,,,,
271,135.5,2,1,1,False,,,,,
271,135.5,3,1,1,False,,,,,
271,135.5,4,1,1,False,,,,,
271,135.5,5,1,1,False,,,,,
271,135.5,6,1,1,False,,,,,
271,135.5,7,1,1,False,,,,,
271,135.5,8,1,1,False,,,,,
271,135.5,9,1,1,False,,,,,
271,135.5,10,1,1,False,,,,,
271,135.5,11,1,1,False,,,,,
271,135.5,12,1,1,False,,,,,
271,135.5,13,1,1,False,,,,,
271,135.5,14,1,1,False,,,,,
271,135.5,15,1,1,False,,,,,
271,135.5,16,1,1,False,,,,,
271,135.5,17,1,1,False,,,,,
271,135.5,18,1,1,False,,,,,
271,135.5,19,1,1,False,,,,,
271,135.5,20,1,1,False,,,,,
271,135.5,21,1,1,False,,,,,
271,135.5,22,1,1,False,,,,,
271,135.5,23,1,1,False,,,,,
271,135.5,24,1,1,False,,,,,
271,135.5,25,1,1,False,,,,,
271,135.5,26,1,1,False,,,,,
271,135.5,27,1,1,False,,,,,
271,135.5,28,1,1,False,,,,,
271,135.5,29,1,1,False,,,,,
271,135.5,30,1,1,False,,,,,
271,135.5,31,1,1,False,,,,,
271,135.5,32,1,1,False,,,,,
271,135.5,33,1,1,False,,,,,
271,135.5,34,1,1,False,,,,,
271,135.5,35,1,1,False,,,,,
271,135.5,36,1,1,False,,,,,
271,135.5,37,1,1,False,,,,,
271,135.5,38,1,1,False,,,,,
271,135.5,39,1,1,False,,,,,
272,136.0,0,1,1,False,,,,,
272,136.0,1,1,1,False,,,,,
272,136.0,2,1,1,False,,,,,
272,136.0,3,1,1,False,,,,,
272,136.0,4,1,1,False,,,,,
272,136.0,5,1,1,False,,,,,
272,136.0,6,1,1,False,,,,,
272,136.0,7,1,1,False,,,,,
272,136.0,8,1,1,False,,,,,
272,136.0,9,1,1,False,,,,,
272,136.0,10,1,1,False,,,,,
272,136.0,11,1,1,False,,,,,
272,136.0,12,1,1,False,,,,,
272,136.0,13,1,1,False,,,,,
272,136.0,14,1,1,False,,,,,
272,136.0,15,1,1,False,,,,,
272,136.0,16,1,1,False,,,,,
272,136.0,17,1,1,False,,,,,
272,136.0,18,1,1,False,,,,,
272,136.0,19,1,1,False,,,,,
272,136.0,20,1,1,False,,,,,
272,136.0,21,1,1,False,,,,,
272,136.0,22,1,1,False,,,,,
272,136.0,23,1,1,False,,,,,
272,136.0,24,1,1,False,,,,,
272,136.0,25,1,1,False,,,,,
272,136.0,26,1,1,False,,,,,
272,136.0,27,1,1,False,,,,,
272,136.0,28,1,1,False,,,,,
272,136.0,29,1,1,False,,,,,
272,136.0,30,1,1,False,,,,,
272,136.0,31,1,1,False,,,,,
272,136.0,32,1,1,False,,,,,
272,136.0,33,1,1,False,,,,,
272,136.0,34,1,1,False,,,,,
272,136.0,35,1,1,False,,,,,
272,136.0,36,1,1,False,,,,,
272,136.0,37,1,1,False,,,,,
272,136.0,38,1,1,False,,,,,
272,136.0,39,1,1,False,,,,,
273,136.5,0,1,1,False,,,,,
273,136.5,1,1,1,False,,,,,
273,136.5,2,1,1,False,,,,,
273,136.5,3,1,1,False,,,,,
273,136.5,4,1,1,False,,,,,
273,136.5,5,1,1,False,,,,,
273,136.5,6,1,1,False,,,,,
273,136.5,7,1,1,False,,,,,
273,136.5,8,1,1,False,,,,,
273,136.5,9,1,1,False,,,,,
273,136.5,10,1,1,False,,,,,
273,136.5,11,1,1,False,,,,,
273,136.5,12,1,1,False,,,,,
273,136.5,13,1,1,False,,,,,
273,136.5,14,1,1,False,,,,,
273,136.5,15,1,1,False,,,,,
273,136.5,16,1,1,False,,,,,
273,136.5,17,1,1,False,,,,,
273,136.5,18,1,1,False,,,,,
273,136.5,19,1,1,False,,,,,
273,136.5,20,1,1,False,,,,,
273,136.5,21,1,1,False,,,,,
273,136.5,22,1,1,False,,,,,
273,136.5,23,1,1,False,,,,,
273,136.5,24,1,1,False,,,,,
273,136.5,25,1,1,False,,,,,
273,136.5,26,1,1,False,,,,,
273,136.5,27,1,1,False,,,,,
273,136.5,28,1,1,False,,,,,
273,136.5,29,1,1,False,,,,,
273,136.5,30,1,1,False,,,,,
273,136.5,31,1,1,False,,,,,
273,136.5,32,1,1,False,,,,,
273,136.5,33,1,1,False,,,,,
273,136.5,34,1,1,False,,,,,
273,136.5,35,1,1,False,,,,,
273,136.5,36,1,1,False,,,,,
273,136.5,37,1,1,False,,,,,
273,136.5,38,1,1,False,,,,,
273,136.5,39,1,1,False,,,,,
274,137.0,0,1,1,False,,,,,
274,137.0,1,1,1,False,,,,,
274,137.0,2,1,1,False,,,,,
274,137.0,3,1,1,False,,,,,
274,137.0,4,1,1,False,,,,,
274,137.0,5,1,1,False,,,,,
274,137.0,6,1,1,False,,,,,
274,137.0,7,1,1,False,,,,,
274,137.0,8,1,1,False,,,,,
274,137.0,9,1,1,False,,,,,
274,137.0,10,1,1,False,,,,,
274,137.0,11,1,1,False,,,,,
274,137.0,12,1,1,False,,,,,
274,137.0,13,1,1,False,,,,,
274,137.0,14,1,1,False,,,,,
274,137.0,15,1,1,False,,,,,
274,137.0,16,1,1,False,,,,,
274,137.0,17,1,1,False,,,,,
274,137.0,18,1,1,False,,,,,
274,137.0,19,1,1,False,,,,,
274,137.0,20,1,1,False,,,,,
274,137.0,21,1,1,False,,,,,
274,137.0,22,1,1,False,,,,,
274,137.0,23,1,1,False,,,,,
274,137.0,24,1,1,False,,,,,
274,137.0,25,1,1,False,,,,,
274,137.0,26,1,1,False,,,,,
274,137.0,27,1,1,False,,,,,
274,137.0,28,1,1,False,,,,,
274,137.0,29,1,1,False,,,,,
274,137.0,30,1,1,False,,,,,
274,137.0,31,1,1,False,,,,,
274,137.0,32,1,1,False,,,,,
274,137.0,33,1,1,False,,,,,
274,137.0,34,1,1,False,,,,,
274,137.0,35,1,1,False,,,,,
274,137.0,36,1,1,False,,,,,
274,137.0,37,1,1,False,,,,,
274,137.0,38,1,1,False,,,,,
274,137.0,39,1,1,False,,,,,
275,137.5,0,1,1,False,,,,,
275,137.5,1,1,1,False,,,,,
275,137.5,2,1,1,False,,,,,
275,137.5,3,1,1,False,,,,,
275,137.5,4,1,1,False,,,,,
275,137.5,5,1,1,False,,,,,
275,137.5,6,1,1,False,,,,,
275,137.5,7,1,1,False,,,,,
275,137.5,8,1,1,False,,,,,
275,137.5,9,1,1,False,,,,,
275,137.5,10,1,1,False,,,,,
275,137.5,11,1,1,False,,,,,
275,137.5,12,1,1,False,,,,,
275,137.5,13,1,1,False,,,,,
275,137.5,14,1,1,False,,,,,
275,137.5,15,1,1,False,,,,,
275,137.5,16,1,1,False,,,,,
275,137.5,17,1,1,False,,,,,
275,137.5,18,1,1,False,,,,,
275,137.5,19,1,1,False,,,,,
275,137.5,20,1,1,False,,,,,
275,137.5,21,1,1,False,,,,,
275,137.5,22,1,1,False,,,,,
275,137.5,23,1,1,False,,,,,
275,137.5,24,1,1,False,,,,,
275,137.5,25,1,1,False,,,,,
275,137.5,26,1,1,False,,,,,
275,137.5,27,1,1,False,,,,,
275,137.5,28,1,1,False,,,,,
275,137.5,29,1,1,False,,,,,
275,137.5,30,1,1,False,,,,,
275,137.5,31,1,1,False,,,,,
275,137.5,32,1,1,False,,,,,
275,137.5,33,1,1,False,,,,,
275,137.5,34,1,1,False,,,,,
275,137.5,35,1,1,False,,,,,
275,137.5,36,1,1,False,,,,,
275,137.5,37,1,1,False,,,,,
275,137.5,38,1,1,False,,,,,
275,137.5,39,1,1,False,,,,,
276,138.0,0,1,1,False,,,,,
276,138.0,1,1,1,False,,,,,
276,138.0,2,1,1,False,,,,,
276,138.0,3,1,1,False,,,,,
276,138.0,4,1,1,False,,,,,
276,138.0,5,1,1,False,,,,,
276,138.0,6,1,1,False,,,,,
276,138.0,7,1,1,False,,,,,
276,138.0,8,1,1,False,,,,,
276,138.0,9,1,1,False,,,,,
276,138.0,10,1,1,False,,,,,
276,138.0,11,1,1,False,,,,,
276,138.0,12,1,1,False,,,,,
276,138.0,13,1,1,False,,,,,
276,138.0,14,1,1,False,,,,,
276,138.0,15,1,1,False,,,,,
276,138.0,16,1,1,False,,,,,
276,138.0,17,1,1,False,,,,,
276,138.0,18,1,1,False,,,,,
276,138.0,19,1,1,False,,,,,
276,138.0,20,1,1,False,,,,,
276,138.0,21,1,1,False,,,,,
276,138.0,22,1,1,False,,,,,
276,138.0,23,1,1,False,,,,,
276,138.0,24,1,1,False,,,,,
276,138.0,25,1,1,False,,,,,
276,138.0,26,1,1,False,,,,,
276,138.0,27,1,1,False,,,,,
276,138.0,28,1,1,False,,,,,
276,138.0,29,1,1,False,,,,,
276,138.0,30,1,1,False,,,,,
276,138.0,31,1,1,False,,,,,
276,138.0,32,1,1,False,,,,,
276,138.0,33,1,1,False,,,,,
276,138.0,34,1,1,False,,,,,
276,138.0,35,1,1,False,,,,,
276,138.0,36,1,1,False,,,,,
276,138.0,37,1,1,False,,,,,
276,138.0,38,1,1,False,,,,,
276,138.0,39,1,1,False,,,,,
277,138.5,0,1,1,False,,,,,
277,138.5,1,1,1,False,,,,,
277,138.5,2,1,1,False,,,,,
277,138.5,3,1,1,False,,,,,
277,138.5,4,1,1,False,,,,,
277,138.5,5,1,1,False,,,,,
277,138.5,6,1,1,False,,,,,
277,138.5,7,1,1,False,,,,,
277,138.5,8,1,1,False,,,,,
277,138.5,9,1,1,False,,,,,
277,138.5,10,1,1,False,,,,,
277,138.5,11,1,1,False,,,,,
277,138.5,12,1,1,False,,,,,
277,138.5,13,1,1,False,,,,,
277,138.5,14,1,1,False,,,,,
277,138.5,15,1,1,False,,,,,
277,138.5,16,1,1,False,,,,,
277,138.5,17,1,1,False,,,,,
277,138.5,18,1,1,False,,,,,
277,138.5,19,1,1,False,,,,,
277,138.5,20,1,1,False,,,,,
277,138.5,21,1,1,False,,,,,
277,138.5,22,1,1,False,,,,,
277,138.5,23,1,1,False,,,,,
277,138.5,24,1,1,False,,,,,
277,138.5,25,1,1,False,,,,,
277,138.5,26,1,1,False,,,,,
277,138.5,27,1,1,False,,,,,
277,138.5,28,1,1,False,,,,,
277,138.5,29,1,1,False,,,,,
277,138.5,30,1,1,False,,,,,
277,138.5,31,1,1,False,,,,,
277,138.5,32,1,1,False,,,,,
277,138.5,33,1,1,False,,,,,
277,138.5,34,1,1,False,,,,,
277,138.5,35,1,1,False,,,,,
277,138.5,36,1,1,False,,,,,
277,138.5,37,1,1,False,,,,,
277,138.5,38,1,1,False,,,,,
277,138.5,39,1,1,False,,,,,
278,139.0,0,1,1,False,,,,,
278,139.0,1,1,1,False,,,,,
278,139.0,2,1,1,False,,,,,
278,139.0,3,1,1,False,,,,,
278,139.0,4,1,1,False,,,,,
278,139.0,5,1,1,False,,,,,
278,139.0,6,1,1,False,,,,,
278,139.0,7,1,1,False,,,,,
278,139.0,8,1,1,False,,,,,
278,139.0,9,1,1,False,,,,,
278,139.0,10,1,1,False,,,,,
278,139.0,11,1,1,False,,,,,
278,139.0,12,1,1,False,,,,,
278,139.0,13,1,1,False,,,,,
278,139.0,14,1,1,False,,,,,
278,139.0,15,1,1,False,,,,,
278,139.0,16,1,1,False,,,,,
278,139.0,17,1,1,False,,,,,
278,139.0,18,1,1,False,,,,,
278,139.0,19,1,1,False,,,,,
278,139.0,20,1,1,False,,,,,
278,139.0,21,1,1,False,,,,,
278,139.0,22,1,1,False,,,,,
278,139.0,23,1,1,False,,,,,
278,139.0,24,1,1,False,,,,,
278,139.0,25,1,1,False,,,,,
278,139.0,26,1,1,False,,,,,
278,139.0,27,1,1,False,,,,,
278,139.0,28,1,1,False,,,,,
278,139.0,29,1,1,False,,,,,
278,139.0,30,1,1,False,,,,,
278,139.0,31,1,1,False,,,,,
278,139.0,32,1,1,False,,,,,
278,139.0,33,1,1,False,,,,,
278,139.0,34,1,1,False,,,,,
278,139.0,35,1,1,False,,,,,
278,139.0,36,1,1,False,,,,,
278,139.0,37,1,1,False,,,,,
278,139.0,38,1,1,False,,,,,
278,139.0,39,1,1,False,,,,,
279,139.5,0,1,1,False,,,,,
279,139.5,1,1,1,False,,,,,
279,139.5,2,1,1,False,,,,,
279,139.5,3,1,1,False,,,,,
279,139.5,4,1,1,False,,,,,
279,139.5,5,1,1,False,,,,,
279,139.5,6,1,1,False,,,,,
279,139.5,7,1,1,False,,,,,
279,139.5,8,1,1,False,,,,,
279,139.5,9,1,1,False,,,,,
279,139.5,10,1,1,False,,,,,
279,139.5,11,1,1,False,,,,,
279,139.5,12,1,1,False,,,,,
279,139.5,13,1,1,False,,,,,
279,139.5,14,1,1,False,,,,,
279,139.5,15,1,1,False,,,,,
279,139.5,16,1,1,False,,,,,
279,139.5,17,1,1,False,,,,,
279,139.5,18,1,1,False,,,,,
279,139.5,19,1,1,False,,,,,
279,139.5,20,1,1,False,,,,,
279,139.5,21,1,1,False,,,,,
279,139.5,22,1,1,False,,,,,
279,139.5,23,1,1,False,,,,,
279,139.5,24,1,1,False,,,,,
279,139.5,25,1,1,False,,,,,
279,139.5,26,1,1,False,,,,,
279,139.5,27,1,1,False,,,,,
279,139.5,28,1,1,False,,,,,
279,139.5,29,1,1,False,,,,,
279,139.5,30,1,1,False,,,,,
279,139.5,31,1,1,False,,,,,
279,139.5,32,1,1,False,,,,,
279,139.5,33,1,1,False,,,,,
279,139.5,34,1,1,False,,,,,
279,139.5,35,1,1,False,,,,,
279,139.5,36,1,1,False,,,,,
279,139.5,37,1,1,False,,,,,
279,139.5,38,1,1,False,,,,,
279,139.5,39,1,1,False,,,,,
280,140.0,0,1,1,False,,,,,
280,140.0,1,1,1,False,,,,,
280,140.0,2,1,1,False,,,,,
280,140.0,3,1,1,False,,,,,
280,140.0,4,1,1,False,,,,,
280,140.0,5,1,1,False,,,,,
280,140.0,6,1,1,False,,,,,
280,140.0,7,1,1,False,,,,,
280,140.0,8,1,1,False,,,,,
280,140.0,9,1,1,False,,,,,
280,140.0,10,1,1,False,,,,,
280,140.0,11,1,1,False,,,,,
280,140.0,12,1,1,False,,,,,
280,140.0,13,1,1,False,,,,,
280,140.0,14,1,1,False,,,,,
280,140.0,15,1,1,False,,,,,
280,140.0,16,1,1,False,,,,,
280,140.0,17,1,1,False,,,,,
280,140.0,18,1,1,False,,,,,
280,140.0,19,1,1,False,,,,,
280,140.0,20,1,1,False,,,,,
280,140.0,21,1,1,False,,,,,
280,140.0,22,1,1,False,,,,,
280,140.0,23,1,1,False,,,,,
280,140.0,24,1,1,False,,,,,
280,140.0,25,1,1,False,,,,,
280,140.0,26,1,1,False,,,,,
280,140.0,27,1,1,False,,,,,
280,140.0,28,1,1,False,,,,,
280,140.0,29,1,1,False,,,,,
280,140.0,30,1,1,False,,,,,
280,140.0,31,1,1,False,,,,,
280,140.0,32,1,1,False,,,,,
280,140.0,33,1,1,False,,,,,
280,140.0,34,1,1,False,,,,,
280,140.0,35,1,1,False,,,,,
280,140.0,36,1,1,False,,,,,
280,140.0,37,1,1,False,,,,,
280,140.0,38,1,1,False,,,,,
280,140.0,39,1,1,False,,,,,
281,140.5,0,1,1,False,,,,,
281,140.5,1,1,1,False,,,,,
281,140.5,2,1,1,False,,,,,
281,140.5,3,1,1,False,,,,,
281,140.5,4,1,1,False,,,,,
281,140.5,5,1,1,False,,,,,
281,140.5,6,1,1,False,,,,,
281,140.5,7,1,1,False,,,,,
281,140.5,8,1,1,False,,,,,
281,140.5,9,1,1,False,,,,,
281,140.5,10,1,1,False,,,,,
281,140.5,11,1,1,False,,,,,
281,140.5,12,1,1,False,,,,,
281,140.5,13,1,1,False,,,,,
281,140.5,14,1,1,False,,,,,
281,140.5,15,1,1,False,,,,,
281,140.5,16,1,1,False,,,,,
281,140.5,17,1,1,False,,,,,
281,140.5,18,1,1,False,,,,,
281,140.5,19,1,1,False,,,,,
281,140.5,20,1,1,False,,,,,
281,140.5,21,1,1,False,,,,,
281,140.5,22,1,1,False,,,,,
281,140.5,23,1,1,False,,,,,
281,140.5,24,1,1,False,,,,,
281,140.5,25,1,1,False,,,,,
281,140.5,26,1,1,False,,,,,
281,140.5,27,1,1,False,,,,,
281,140.5,28,1,1,False,,,,,
281,140.5,29,1,1,False,,,,,
281,140.5,30,1,1,False,,,,,
281,140.5,31,1,1,False,,,,,
281,140.5,32,1,1,False,,,,,
281,140.5,33,1,1,False,,,,,
281,140.5,34,1,1,False,,,,,
281,140.5,35,1,1,False,,,,,
281,140.5,36,1,1,False,,,,,
281,140.5,37,1,1,False,,,,,
281,140.5,38,1,1,False,,,,,
281,140.5,39,1,1,False,,,,,
282,141.0,0,1,1,False,,,,,
282,141.0,1,1,1,False,,,,,
282,141.0,2,1,1,False,,,,,
282,141.0,3,1,1,False,,,,,
282,141.0,4,1,1,False,,,,,
282,141.0,5,1,1,False,,,,,
282,141.0,6,1,1,False,,,,,
282,141.0,7,1,1,False,,,,,
282,141.0,8,1,1,False,,,,,
282,141.0,9,1,1,False,,,,,
282,141.0,10,1,1,False,,,,,
282,141.0,11,1,1,False,,,,,
282,141.0,12,1,1,False,,,,,
282,141.0,13,1,1,False,,,,,
282,141.0,14,1,1,False,,,,,
282,141.0,15,1,1,False,,,,,
282,141.0,16,1,1,False,,,,,
282,141.0,17,1,1,False,,,,,
282,141.0,18,1,1,False,,,,,
282,141.0,19,1,1,False,,,,,
282,141.0,20,1,1,False,,,,,
282,141.0,21,1,1,False,,,,,
282,141.0,22,1,1,False,,,,,
282,141.0,23,1,1,False,,,,,
282,141.0,24,1,1,False,,,,,
282,141.0,25,1,1,False,,,,,
282,141.0,26,1,1,False,,,,,
282,141.0,27,1,1,False,,,,,
282,141.0,28,1,1,False,,,,,
282,141.0,29,1,1,False,,,,,
282,141.0,30,1,1,False,,,,,
282,141.0,31,1,1,False,,,,,
282,141.0,32,1,1,False,,,,,
282,141.0,33,1,1,False,,,,,
282,141.0,34,1,1,False,,,,,
282,141.0,35,1,1,False,,,,,
282,141.0,36,1,1,False,,,,,
282,141.0,37,1,1,False,,,,,
282,141.0,38,1,1,False,,,,,
282,141.0,39,1,1,False,,,,,
283,141.5,0,1,1,False,,,,,
283,141.5,1,1,1,False,,,,,
283,141.5,2,1,1,False,,,,,
283,141.5,3,1,1,False,,,,,
283,141.5,4,1,1,False,,,,,
283,141.5,5,1,1,False,,,,,
283,141.5,6,1,1,False,,,,,
283,141.5,7,1,1,False,,,,,
283,141.5,8,1,1,False,,,,,
283,141.5,9,1,1,False,,,,,
283,141.5,10,1,1,False,,,,,
283,141.5,11,1,1,False,,,,,
283,141.5,12,1,1,False,,,,,
283,141.5,13,1,1,False,,,,,
283,141.5,14,1,1,False,,,,,
283,141.5,15,1,1,False,,,,,
283,141.5,16,1,1,False,,,,,
283,141.5,17,1,1,False,,,,,
283,141.5,18,1,1,False,,,,,
283,141.5,19,1,1,False,,,,,
283,141.5,20,1,1,False,,,,,
283,141.5,21,1,1,False,,,,,
283,141.5,22,1,1,False,,,,,
283,141.5,23,1,1,False,,,,,
283,141.5,24,1,1,False,,,,,
283,141.5,25,1,1,False,,,,,
283,141.5,26,1,1,False,,,,,
283,141.5,27,1,1,False,,,,,
283,141.5,28,1,1,False,,,,,
283,141.5,29,1,1,False,,,,,
283,141.5,30,1,1,False,,,,,
283,141.5,31,1,1,False,,,,,
283,141.5,32,1,1,False,,,,,
283,141.5,33,1,1,False,,,,,
283,141.5,34,1,1,False,,,,,
283,141.5,35,1,1,False,,,,,
283,141.5,36,1,1,False,,,,,
283,141.5,37,1,1,False,,,,,
283,141.5,38,1,1,False,,,,,
283,141.5,39,1,1,False,,,,,
284,142.0,0,1,1,False,,,,,
284,142.0,1,1,1,False,,,,,
284,142.0,2,1,1,False,,,,,
284,142.0,3,1,1,False,,,,,
284,142.0,4,1,1,False,,,,,
284,142.0,5,1,1,False,,,,,
284,142.0,6,1,1,False,,,,,
284,142.0,7,1,1,False,,,,,
284,142.0,8,1,1,False,,,,,
284,142.0,9,1,1,False,,,,,
284,142.0,10,1,1,False,,,,,
284,142.0,11,1,1,False,,,,,
284,142.0,12,1,1,False,,,,,
284,142.0,13,1,1,False,,,,,
284,142.0,14,1,1,False,,,,,
284,142.0,15,1,1,False,,,,,
284,142.0,16,1,1,False,,,,,
284,142.0,17,1,1,False,,,,,
284,142.0,18,1,1,False,,,,,
284,142.0,19,1,1,False,,,,,
284,142.0,20,1,1,False,,,,,
284,142.0,21,1,1,False,,,,,
284,142.0,22,1,1,False,,,,,
284,142.0,23,1,1,False,,,,,
284,142.0,24,1,1,False,,,,,
284,142.0,25,1,1,False,,,,,
284,142.0,26,1,1,False,,,,,
284,142.0,27,1,1,False,,,,,
284,142.0,28,1,1,False,,,,,
284,142.0,29,1,1,False,,,,,
284,142.0,30,1,1,False,,,,,
284,142.0,31,1,1,False,,,,,
284,142.0,32,1,1,False,,,,,
284,142.0,33,1,1,False,,,,,
284,142.0,34,1,1,False,,,,,
284,142.0,35,1,1,False,,,,,
284,142.0,36,1,1,False,,,,,
284,142.0,37,1,1,False,,,,,
284,142.0,38,1,1,False,,,,,
284,142.0,39,1,1,False,,,,,
285,142.5,0,1,1,False,,,,,
285,142.5,1,1,1,False,,,,,
285,142.5,2,1,1,False,,,,,
285,142.5,3,1,1,False,,,,,
285,142.5,4,1,1,False,,,,,
285,142.5,5,1,1,False,,,,,
285,142.5,6,1,1,False,,,,,
285,142.5,7,1,1,False,,,,,
285,142.5,8,1,1,False,,,,,
285,142.5,9,1,1,False,,,,,
285,142.5,10,1,1,False,,,,,
285,142.5,11,1,1,False,,,,,
285,142.5,12,1,1,False,,,,,
285,142.5,13,1,1,False,,,,,
285,142.5,14,1,1,False,,,,,
285,142.5,15,1,1,False,,,,,
285,142.5,16,1,1,False,,,,,
285,142.5,17,1,1,False,,,,,
285,142.5,18,1,1,False,,,,,
285,142.5,19,1,1,False,,,,,
285,142.5,20,1,1,False,,,,,
285,142.5,21,1,1,False,,,,,
285,142.5,22,1,1,False,,,,,
285,142.5,23,1,1,False,,,,,
285,142.5,24,1,1,False,,,,,
285,142.5,25,1,1,False,,,,,
285,142.5,26,1,1,False,,,,,
285,142.5,27,1,1,False,,,,,
285,142.5,28,1,1,False,,,,,
285,142.5,29,1,1,False,,,,,
285,142.5,30,1,1,False,,,,,
285,142.5,31,1,1,False,,,,,
285,142.5,32,1,1,False,,,,,
285,142.5,33,1,1,False,,,,,
285,142.5,34,1,1,False,,,,,
285,142.5,35,1,1,False,,,,,
285,142.5,36,1,1,False,,,,,
285,142.5,37,1,1,False,,,,,
285,142.5,38,1,1,False,,,,,
285,142.5,39,1,1,False,,,,,
286,143.0,0,1,1,False,,,,,
286,143.0,1,1,1,False,,,,,
286,143.0,2,1,1,False,,,,,
286,143.0,3,1,1,False,,,,,
286,143.0,4,1,1,False,,,,,
286,143.0,5,1,1,False,,,,,
286,143.0,6,1,1,False,,,,,
286,143.0,7,1,1,False,,,,,
286,143.0,8,1,1,False,,,,,
286,143.0,9,1,1,False,,,,,
286,143.0,10,1,1,False,,,,,
286,143.0,11,1,1,False,,,,,
286,143.0,12,1,1,False,,,,,
286,143.0,13,1,1,False,,,,,
286,143.0,14,1,1,False,,,,,
286,143.0,15,1,1,False,,,,,
286,143.0,16,1,1,False,,,,,
286,143.0,17,1,1,False,,,,,
286,143.0,18,1,1,False,,,,,
286,143.0,19,1,1,False,,,,,
286,143.0,20,1,1,False,,,,,
286,143.0,21,1,1,False,,,,,
286,143.0,22,1,1,False,,,,,
286,143.0,23,1,1,False,,,,,
286,143.0,24,1,1,False,,,,,
286,143.0,25,1,1,False,,,,,
286,143.0,26,1,1,False,,,,,
286,143.0,27,1,1,False,,,,,
286,143.0,28,1,1,False,,,,,
286,143.0,29,1,1,False,,,,,
286,143.0,30,1,1,False,,,,,
286,143.0,31,1,1,False,,,,,
286,143.0,32,1,1,False,,,,,
286,143.0,33,1,1,False,,,,,
286,143.0,34,1,1,False,,,,,
286,143.0,35,1,1,False,,,,,
286,143.0,36,1,1,False,,,,,
286,143.0,37,1,1,False,,,,,
286,143.0,38,1,1,False,,,,,
286,143.0,39,1,1,False,,,,,
287,143.5,0,1,1,False,,,,,
287,143.5,1,1,1,False,,,,,
287,143.5,2,1,1,False,,,,,
287,143.5,3,1,1,False,,,,,
287,143.5,4,1,1,False,,,,,
287,143.5,5,1,1,False,,,,,
287,143.5,6,1,1,False,,,,,
287,143.5,7,1,1,False,,,,,
287,143.5,8,1,1,False,,,,,
287,143.5,9,1,1,False,,,,,
287,143.5,10,1,1,False,,,,,
287,143.5,11,1,1,False,,,,,
287,143.5,12,1,1,False,,,,,
287,143.5,13,1,1,False,,,,,
287,143.5,14,1,1,False,,,,,
287,143.5,15,1,1,False,,,,,
287,143.5,16,1,1,False,,,,,
287,143.5,17,1,1,False,,,,,
287,143.5,18,1,1,False,,,,,
287,143.5,19,1,1,False,,,,,
287,143.5,20,1,1,False,,,,,
287,143.5,21,1,1,False,,,,,
287,143.5,22,1,1,False,,,,,
287,143.5,23,1,1,False,,,,,
287,143.5,24,1,1,False,,,,,
287,143.5,25,1,1,False,,,,,
287,143.5,26,1,1,False,,,,,
287,143.5,27,1,1,False,,,,,
287,143.5,28,1,1,False,,,,,
287,143.5,29,1,1,False,,,,,
287,143.5,30,1,1,False,,,,,
287,143.5,31,1,1,False,,,,,
287,143.5,32,1,1,False,,,,,
287,143.5,33,1,1,False,,,,,
287,143.5,34,1,1,False,,,,,
287,143.5,35,1,1,False,,,,,
287,143.5,36,1,1,False,,,,,
287,143.5,37,1,1,False,,,,,
287,143.5,38,1,1,False,,,,,
287,143.5,39,1,1,False,,,,,
288,144.0,0,1,1,False,,,,,
288,144.0,1,1,1,False,,,,,
288,144.0,2,1,1,False,,,,,
288,144.0,3,1,1,False,,,,,
288,144.0,4,1,1,False,,,,,
288,144.0,5,1,1,False,,,,,
288,144.0,6,1,1,False,,,,,
288,144.0,7,1,1,False,,,,,
288,144.0,8,1,1,False,,,,,
288,144.0,9,1,1,False,,,,,
288,144.0,10,1,1,False,,,,,
288,144.0,11,1,1,False,,,,,
288,144.0,12,1,1,False,,,,,
288,144.0,13,1,1,False,,,,,
288,144.0,14,1,1,False,,,,,
288,144.0,15,1,1,False,,,,,
288,144.0,16,1,1,False,,,,,
288,144.0,17,1,1,False,,,,,
288,144.0,18,1,1,False,,,,,
288,144.0,19,1,1,False,,,,,
288,144.0,20,1,1,False,,,,,
288,144.0,21,1,1,False,,,,,
288,144.0,22,1,1,False,,,,,
288,144.0,23,1,1,False,,,,,
288,144.0,24,1,1,False,,,,,
288,144.0,25,1,1,False,,,,,
288,144.0,26,1,1,False,,,,,
288,144.0,27,1,1,False,,,,,
288,144.0,28,1,1,False,,,,,
288,144.0,29,1,1,False,,,,,
288,144.0,30,1,1,False,,,,,
288,144.0,31,1,1,False,,,,,
288,144.0,32,1,1,False,,,,,
288,144.0,33,1,1,False,,,,,
288,144.0,34,1,1,False,,,,,
288,144.0,35,1,1,False,,,,,
288,144.0,36,1,1,False,,,,,
288,144.0,37,1,1,False,,,,,
288,144.0,38,1,1,False,,,,,
288,144.0,39,1,1,False,,,,,
289,144.5,0,1,1,False,,,,,
289,144.5,1,1,1,False,,,,,
289,144.5,2,1,1,False,,,,,
289,144.5,3,1,1,False,,,,,
289,144.5,4,1,1,False,,,,,
289,144.5,5,1,1,False,,,,,
289,144.5,6,1,1,False,,,,,
289,144.5,7,1,1,False,,,,,
289,144.5,8,1,1,False,,,,,
289,144.5,9,1,1,False,,,,,
289,144.5,10,1,1,False,,,,,
289,144.5,11,1,1,False,,,,,
289,144.5,12,1,1,False,,,,,
289,144.5,13,1,1,False,,,,,
289,144.5,14,1,1,False,,,,,
289,144.5,15,1,1,False,,,,,
289,144.5,16,1,1,False,,,,,
289,144.5,17,1,1,False,,,,,
289,144.5,18,1,1,False,,,,,
289,144.5,19,1,1,False,,,,,
289,144.5,20,1,1,False,,,,,
289,144.5,21,1,1,False,,,,,
289,144.5,22,1,1,False,,,,,
289,144.5,23,1,1,False,,,,,
289,144.5,24,1,1,False,,,,,
289,144.5,25,1,1,False,,,,,
289,144.5,26,1,1,False,,,,,
289,144.5,27,1,1,False,,,,,
289,144.5,28,1,1,False,,,,,
289,144.5,29,1,1,False,,,,,
289,144.5,30,1,1,False,,,,,
289,144.5,31,1,1,False,,,,,
289,144.5,32,1,1,False,,,,,
289,144.5,33,1,1,False,,,,,
289,144.5,34,1,1,False,,,,,
289,144.5,35,1,1,False,,,,,
289,144.5,36,1,1,False,,,,,
289,144.5,37,1,1,False,,,,,
289,144.5,38,1,1,False,,,,,
289,144.5,39,1,1,False,,,,,
290,145.0,0,1,1,False,,,,,
290,145.0,1,1,1,False,,,,,
290,145.0,2,1,1,False,,,,,
290,145.0,3,1,1,False,,,,,
290,145.0,4,1,1,False,,,,,
290,145.0,5,1,1,False,,,,,
290,145.0,6,1,1,False,,,,,
290,145.0,7,1,1,False,,,,,
290,145.0,8,1,1,False,,,,,
290,145.0,9,1,1,False,,,,,
290,145.0,10,1,1,False,,,,,
290,145.0,11,1,1,False,,,,,
290,145.0,12,1,1,False,,,,,
290,145.0,13,1,1,False,,,,,
290,145.0,14,1,1,False,,,,,
290,145.0,15,1,1,False,,,,,
290,145.0,16,1,1,False,,,,,
290,145.0,17,1,1,False,,,,,
290,145.0,18,1,1,False,,,,,
290,145.0,19,1,1,False,,,,,
290,145.0,20,1,1,False,,,,,
290,145.0,21,1,1,False,,,,,
290,145.0,22,1,1,False,,,,,
290,145.0,23,1,1,False,,,,,
290,145.0,24,1,1,False,,,,,
290,145.0,25,1,1,False,,,,,
290,145.0,26,1,1,False,,,,,
290,145.0,27,1,1,False,,,,,
290,145.0,28,1,1,False,,,,,
290,145.0,29,1,1,False,,,,,
290,145.0,30,1,1,False,,,,,
290,145.0,31,1,1,False,,,,,
290,145.0,32,1,1,False,,,,,
290,145.0,33,1,1,False,,,,,
290,145.0,34,1,1,False,,,,,
290,145.0,35,1,1,False,,,,,
290,145.0,36,1,1,False,,,,,
290,145.0,37,1,1,False,,,,,
290,145.0,38,1,1,False,,,,,
290,145.0,39,1,1,False,,,,,
291,145.5,0,1,1,False,,,,,
291,145.5,1,1,1,False,,,,,
291,145.5,2,1,1,False,,,,,
291,145.5,3,1,1,False,,,,,
291,145.5,4,1,1,False,,,,,
291,145.5,5,1,1,False,,,,,
291,145.5,6,1,1,False,,,,,
291,145.5,7,1,1,False,,,,,
291,145.5,8,1,1,False,,,,,
291,145.5,9,1,1,False,,,,,
291,145.5,10,1,1,False,,,,,
291,145.5,11,1,1,False,,,,,
291,145.5,12,1,1,False,,,,,
291,145.5,13,1,1,False,,,,,
291,145.5,14,1,1,False,,,,,
291,145.5,15,1,1,False,,,,,
291,145.5,16,1,1,False,,,,,
291,145.5,17,1,1,False,,,,,
291,145.5,18,1,1,False,,,,,
291,145.5,19,1,1,False,,,,,
291,145.5,20,1,1,False,,,,,
291,145.5,21,1,1,False,,,,,
291,145.5,22,1,1,False,,,,,
291,145.5,23,1,1,False,,,,,
291,145.5,24,1,1,False,,,,,
291,145.5,25,1,1,False,,,,,
291,145.5,26,1,1,False,,,,,
291,145.5,27,1,1,False,,,,,
291,145.5,28,1,1,False,,,,,
291,145.5,29,1,1,False,,,,,
291,145.5,30,1,1,False,,,,,
291,145.5,31,1,1,False,,,,,
291,145.5,32,1,1,False,,,,,
291,145.5,33,1,1,False,,,,,
291,145.5,34,1,1,False,,,,,
291,145.5,35,1,1,False,,,,,
291,145.5,36,1,1,False,,,,,
291,145.5,37,1,1,False,,,,,
291,145.5,38,1,1,False,,,,,
291,145.5,39,1,1,False,,,,,
292,146.0,0,1,1,False,,,,,
292,146.0,1,1,1,False,,,,,
292,146.0,2,1,1,False,,,,,
292,146.0,3,1,1,False,,,,,
292,146.0,4,1,1,False,,,,,
292,146.0,5,1,1,False,,,,,
292,146.0,6,1,1,False,,,,,
292,146.0,7,1,1,False,,,,,
292,146.0,8,1,1,False,,,,,
292,146.0,9,1,1,False,,,,,
292,146.0,10,1,1,False,,,,,
292,146.0,11,1,1,False,,,,,
292,146.0,12,1,1,False,,,,,
292,146.0,13,1,1,False,,,,,
292,146.0,14,1,1,False,,,,,
292,146.0,15,1,1,False,,,,,
292,146.0,16,1,1,False,,,,,
292,146.0,17,1,1,False,,,,,
292,146.0,18,1,1,False,,,,,
292,146.0,19,1,1,False,,,,,
292,146.0,20,1,1,False,,,,,
292,146.0,21,1,1,False,,,,,
292,146.0,22,1,1,False,,,,,
292,146.0,23,1,1,False,,,,,
292,146.0,24,1,1,False,,,,,
292,146.0,25,1,1,False,,,,,
292,146.0,26,1,1,False,,,,,
292,146.0,27,1,1,False,,,,,
292,146.0,28,1,1,False,,,,,
292,146.0,29,1,1,False,,,,,
292,146.0,30,1,1,False,,,,,
292,146.0,31,1,1,False,,,,,
292,146.0,32,1,1,False,,,,,
292,146.0,33,1,1,False,,,,,
292,146.0,34,1,1,False,,,,,
292,146.0,35,1,1,False,,,,,
292,146.0,36,1,1,False,,,,,
292,146.0,37,1,1,False,,,,,
292,146.0,38,1,1,False,,,,,
292,146.0,39,1,1,False,,,,,
293,146.5,0,1,1,False,,,,,
293,146.5,1,1,1,False,,,,,
293,146.5,2,1,1,False,,,,,
293,146.5,3,1,1,False,,,,,
293,146.5,4,1,1,False,,,,,
293,146.5,5,1,1,False,,,,,
293,146.5,6,1,1,False,,,,,
293,146.5,7,1,1,False,,,,,
293,146.5,8,1,1,False,,,,,
293,146.5,9,1,1,False,,,,,
293,146.5,10,1,1,False,,,,,
293,146.5,11,1,1,False,,,,,
293,146.5,12,1,1,False,,,,,
293,146.5,13,1,1,False,,,,,
293,146.5,14,1,1,False,,,,,
293,146.5,15,1,1,False,,,,,
293,146.5,16,1,1,False,,,,,
293,146.5,17,1,1,False,,,,,
293,146.5,18,1,1,False,,,,,
293,146.5,19,1,1,False,,,,,
293,146.5,20,1,1,False,,,,,
293,146.5,21,1,1,False,,,,,
293,146.5,22,1,1,False,,,,,
293,146.5,23,1,1,False,,,,,
293,146.5,24,1,1,False,,,,,
293,146.5,25,1,1,False,,,,,
293,146.5,26,1,1,False,,,,,
293,146.5,27,1,1,False,,,,,
293,146.5,28,1,1,False,,,,,
293,146.5,29,1,1,False,,,,,
293,146.5,30,1,1,False,,,,,
293,146.5,31,1,1,False,,,,,
293,146.5,32,1,1,False,,,,,
293,146.5,33,1,1,False,,,,,
293,146.5,34,1,1,False,,,,,
293,146.5,35,1,1,False,,,,,
293,146.5,36,1,1,False,,,,,
293,146.5,37,1,1,False,,,,,
293,146.5,38,1,1,False,,,,,
293,146.5,39,1,1,False,,,,,
294,147.0,0,1,1,False,,,,,
294,147.0,1,1,1,False,,,,,
294,147.0,2,1,1,False,,,,,
294,147.0,3,1,1,False,,,,,
294,147.0,4,1,1,False,,,,,
294,147.0,5,1,1,False,,,,,
294,147.0,6,1,1,False,,,,,
294,147.0,7,1,1,False,,,,,
294,147.0,8,1,1,False,,,,,
294,147.0,9,1,1,False,,,,,
294,147.0,10,1,1,False,,,,,
294,147.0,11,1,1,False,,,,,
294,147.0,12,1,1,False,,,,,
294,147.0,13,1,1,False,,,,,
294,147.0,14,1,1,False,,,,,
294,147.0,15,1,1,False,,,,,
294,147.0,16,1,1,False,,,,,
294,147.0,17,1,1,False,,,,,
294,147.0,18,1,1,False,,,,,
294,147.0,19,1,1,False,,,,,
294,147.0,20,1,1,False,,,,,
294,147.0,21,1,1,False,,,,,
294,147.0,22,1,1,False,,,,,
294,147.0,23,1,1,False,,,,,
294,147.0,24,1,1,False,,,,,
294,147.0,25,1,1,False,,,,,
294,147.0,26,1,1,False,,,,,
294,147.0,27,1,1,False,,,,,
294,147.0,28,1,1,False,,,,,
294,147.0,29,1,1,False,,,,,
294,147.0,30,1,1,False,,,,,
294,147.0,31,1,1,False,,,,,
294,147.0,32,1,1,False,,,,,
294,147.0,33,1,1,False,,,,,
294,147.0,34,1,1,False,,,,,
294,147.0,35,1,1,False,,,,,
294,147.0,36,1,1,False,,,,,
294,147.0,37,1,1,False,,,,,
294,147.0,38,1,1,False,,,,,
294,147.0,39,1,1,False,,,,,
295,147.5,0,1,1,False,,,,,
295,147.5,1,1,1,False,,,,,
295,147.5,2,1,1,False,,,,,
295,147.5,3,1,1,False,,,,,
295,147.5,4,1,1,False,,,,,
295,147.5,5,1,1,False,,,,,
295,147.5,6,1,1,False,,,,,
295,147.5,7,1,1,False,,,,,
295,147.5,8,1,1,False,,,,,
295,147.5,9,1,1,False,,,,,
295,147.5,10,1,1,False,,,,,
295,147.5,11,1,1,False,,,,,
295,147.5,12,1,1,False,,,,,
295,147.5,13,1,1,False,,,,,
295,147.5,14,1,1,False,,,,,
295,147.5,15,1,1,False,,,,,
295,147.5,16,1,1,False,,,,,
295,147.5,17,1,1,False,,,,,
295,147.5,18,1,1,False,,,,,
295,147.5,19,1,1,False,,,,,
295,147.5,20,1,1,False,,,,,
295,147.5,21,1,1,False,,,,,
295,147.5,22,1,1,False,,,,,
295,147.5,23,1,1,False,,,,,
295,147.5,24,1,1,False,,,,,
295,147.5,25,1,1,False,,,,,
295,147.5,26,1,1,False,,,,,
295,147.5,27,1,1,False,,,,,
295,147.5,28,1,1,False,,,,,
295,147.5,29,1,1,False,,,,,
295,147.5,30,1,1,False,,,,,
295,147.5,31,1,1,False,,,,,
295,147.5,32,1,1,False,,,,,
295,147.5,33,1,1,False,,,,,
295,147.5,34,1,1,False,,,,,
295,147.5,35,1,1,False,,,,,
295,147.5,36,1,1,False,,,,,
295,147.5,37,1,1,False,,,,,
295,147.5,38,1,1,False,,,,,
295,147.5,39,1,1,False,,,,,
296,148.0,0,1,1,False,,,,,
296,148.0,1,1,1,False,,,,,
296,148.0,2,1,1,False,,,,,
296,148.0,3,1,1,False,,,,,
296,148.0,4,1,1,False,,,,,
296,148.0,5,1,1,False,,,,,
296,148.0,6,1,1,False,,,,,
296,148.0,7,1,1,False,,,,,
296,148.0,8,1,1,False,,,,,
296,148.0,9,1,1,False,,,,,
296,148.0,10,1,1,False,,,,,
296,148.0,11,1,1,False,,,,,
296,148.0,12,1,1,False,,,,,
296,148.0,13,1,1,False,,,,,
296,148.0,14,1,1,False,,,,,
296,148.0,15,1,1,False,,,,,
296,148.0,16,1,1,False,,,,,
296,148.0,17,1,1,False,,,,,
296,148.0,18,1,1,False,,,,,
296,148.0,19,1,1,False,,,,,
296,148.0,20,1,1,False,,,,,
296,148.0,21,1,1,False,,,,,
296,148.0,22,1,1,False,,,,,
296,148.0,23,1,1,False,,,,,
296,148.0,24,1,1,False,,,,,
296,148.0,25,1,1,False,,,,,
296,148.0,26,1,1,False,,,,,
296,148.0,27,1,1,False,,,,,
296,148.0,28,1,1,False,,,,,
296,148.0,29,1,1,False,,,,,
296,148.0,30,1,1,False,,,,,
296,148.0,31,1,1,False,,,,,
296,148.0,32,1,1,False,,,,,
296,148.0,33,1,1,False,,,,,
296,148.0,34,1,1,False,,,,,
296,148.0,35,1,1,False,,,,,
296,148.0,36,1,1,False,,,,,
296,148.0,37,1,1,False,,,,,
296,148.0,38,1,1,False,,,,,
296,148.0,39,1,1,False,,,,,
297,148.5,0,1,1,False,,,,,
297,148.5,1,1,1,False,,,,,
297,148.5,2,1,1,False,,,,,
297,148.5,3,1,1,False,,,,,
297,148.5,4,1,1,False,,,,,
297,148.5,5,1,1,False,,,,,
297,148.5,6,1,1,False,,,,,
297,148.5,7,1,1,False,,,,,
297,148.5,8,1,1,False,,,,,
297,148.5,9,1,1,False,,,,,
297,148.5,10,1,1,False,,,,,
297,148.5,11,1,1,False,,,,,
297,148.5,12,1,1,False,,,,,
297,148.5,13,1,1,False,,,,,
297,148.5,14,1,1,False,,,,,
297,148.5,15,1,1,False,,,,,
297,148.5,16,1,1,False,,,,,
297,148.5,17,1,1,False,,,,,
297,148.5,18,1,1,False,,,,,
297,148.5,19,1,1,False,,,,,
297,148.5,20,1,1,False,,,,,
297,148.5,21,1,1,False,,,,,
297,148.5,22,1,1,False,,,,,
297,148.5,23,1,1,False,,,,,
297,148.5,24,1,1,False,,,,,
297,148.5,25,1,1,False,,,,,
297,148.5,26,1,1,False,,,,,
297,148.5,27,1,1,False,,,,,
297,148.5,28,1,1,False,,,,,
297,148.5,29,1,1,False,,,,,
297,148.5,30,1,1,False,,,,,
297,148.5,31,1,1,False,,,,,
297,148.5,32,1,1,False,,,,,
297,148.5,33,1,1,False,,,,,
297,148.5,34,1,1,False,,,,,
297,148.5,35,1,1,False,,,,,
297,148.5,36,1,1,False,,,,,
297,148.5,37,1,1,False,,,,,
297,148.5,38,1,1,False,,,,,
297,148.5,39,1,1,False,,,,,
298,149.0,0,1,1,False,,,,,
298,149.0,1,1,1,False,,,,,
298,149.0,2,1,1,False,,,,,
298,149.0,3,1,1,False,,,,,
298,149.0,4,1,1,False,,,,,
298,149.0,5,1,1,False,,,,,
298,149.0,6,1,1,False,,,,,
298,149.0,7,1,1,False,,,,,
298,149.0,8,1,1,False,,,,,
298,149.0,9,1,1,False,,,,,
298,149.0,10,1,1,False,,,,,
298,149.0,11,1,1,False,,,,,
298,149.0,12,1,1,False,,,,,
298,149.0,13,1,1,False,,,,,
298,149.0,14,1,1,False,,,,,
298,149.0,15,1,1,False,,,,,
298,149.0,16,1,1,False,,,,,
298,149.0,17,1,1,False,,,,,
298,149.0,18,1,1,False,,,,,
298,149.0,19,1,1,False,,,,,
298,149.0,20,1,1,False,,,,,
298,149.0,21,1,1,False,,,,,
298,149.0,22,1,1,False,,,,,
298,149.0,23,1,1,False,,,,,
298,149.0,24,1,1,False,,,,,
298,149.0,25,1,1,False,,,,,
298,149.0,26,1,1,False,,,,,
298,149.0,27,1,1,False,,,,,
298,149.0,28,1,1,False,,,,,
298,149.0,29,1,1,False,,,,,
298,149.0,30,1,1,False,,,,,
298,149.0,31,1,1,False,,,,,
298,149.0,32,1,1,False,,,,,
298,149.0,33,1,1,False,,,,,
298,149.0,34,1,1,False,,,,,
298,149.0,35,1,1,False,,,,,
298,149.0,36,1,1,False,,,,,
298,149.0,37,1,1,False,,,,,
298,149.0,38,1,1,False,,,,,
298,149.0,39,1,1,False,,,,,
299,149.5,0,1,1,False,,,,,
299,149.5,1,1,1,False,,,,,
299,149.5,2,1,1,False,,,,,
299,149.5,3,1,1,False,,,,,
299,149.5,4,1,1,False,,,,,
299,149.5,5,1,1,False,,,,,
299,149.5,6,1,1,False,,,,,
299,149.5,7,1,1,False,,,,,
299,149.5,8,1,1,False,,,,,
299,149.5,9,1,1,False,,,,,
299,149.5,10,1,1,False,,,,,
299,149.5,11,1,1,False,,,,,
299,149.5,12,1,1,False,,,,,
299,149.5,13,1,1,False,,,,,
299,149.5,14,1,1,False,,,,,
299,149.5,15,1,1,False,,,,,
299,149.5,16,1,1,False,,,,,
299,149.5,17,1,1,False,,,,,
299,149.5,18,1,1,False,,,,,
299,149.5,19,1,1,False,,,,,
299,149.5,20,1,1,False,,,,,
299,149.5,21,1,1,False,,,,,
299,149.5,22,1,1,False,,,,,
299,149.5,23,1,1,False,,,,,
299,149.5,24,1,1,False,,,,,
299,149.5,25,1,1,False,,,,,
299,149.5,26,1,1,False,,,,,
299,149.5,27,1,1,False,,,,,
299,149.5,28,1,1,False,,,,,
299,149.5,29,1,1,False,,,,,
299,149.5,30,1,1,False,,,,,
299,149.5,31,1,1,False,,,,,
299,149.5,32,1,1,False,,,,,
299,149.5,33,1,1,False,,,,,
299,149.5,34,1,1,False,,,,,
299,149.5,35,1,1,False,,,,,
299,149.5,36,1,1,False,,,,,
299,149.5,37,1,1,False,,,,,
299,149.5,38,1,1,False,,,,,
299,149.5,39,1,1,False,,,,,
300,150.0,0,1,1,False,,,,,
300,150.0,1,1,1,False,,,,,
300,150.0,2,1,1,False,,,,,
300,150.0,3,1,1,False,,,,,
300,150.0,4,1,1,False,,,,,
300,150.0,5,1,1,False,,,,,
300,150.0,6,1,1,False,,,,,
300,150.0,7,1,1,False,,,,,
300,150.0,8,1,1,False,,,,,
300,150.0,9,1,1,False,,,,,
300,150.0,10,1,1,False,,,,,
300,150.0,11,1,1,False,,,,,
300,150.0,12,1,1,False,,,,,
300,150.0,13,1,1,False,,,,,
300,150.0,14,1,1,False,,,,,
300,150.0,15,1,1,False,,,,,
300,150.0,16,1,1,False,,,,,
300,150.0,17,1,1,False,,,,,
300,150.0,18,1,1,False,,,,,
300,150.0,19,1,1,False,,,,,
300,150.0,20,1,1,False,,,,,
300,150.0,21,1,1,False,,,,,
300,150.0,22,1,1,False,,,,,
300,150.0,23,1,1,False,,,,,
300,150.0,24,1,1,False,,,,,
300,150.0,25,1,1,False,,,,,
300,150.0,26,1,1,False,,,,,
300,150.0,27,1,1,False,,,,,
300,150.0,28,1,1,False,,,,,
300,150.0,29,1,1,False,,,,,
300,150.0,30,1,1,False,,,,,
300,150.0,31,1,1,False,,,,,
300,150.0,32,1,1,False,,,,,
300,150.0,33,1,1,False,,,,,
300,150.0,34,1,1,False,,,,,
300,150.0,35,1,1,False,,,,,
300,150.0,36,1,1,False,,,,,
300,150.0,37,1,1,False,,,,,
300,150.0,38,1,1,False,,,,,
300,150.0,39,1,1,False,,,,,
301,150.5,0,1,1,False,,,,,
301,150.5,1,1,1,False,,,,,
301,150.5,2,1,1,False,,,,,
301,150.5,3,1,1,False,,,,,
301,150.5,4,1,1,False,,,,,
301,150.5,5,1,1,False,,,,,
301,150.5,6,1,1,False,,,,,
301,150.5,7,1,1,False,,,,,
301,150.5,8,1,1,False,,,,,
301,150.5,9,1,1,False,,,,,
301,150.5,10,1,1,False,,,,,
301,150.5,11,1,1,False,,,,,
301,150.5,12,1,1,False,,,,,
301,150.5,13,1,1,False,,,,,
301,150.5,14,1,1,False,,,,,
301,150.5,15,1,1,False,,,,,
301,150.5,16,1,1,False,,,,,
301,150.5,17,1,1,False,,,,,
301,150.5,18,1,1,False,,,,,
301,150.5,19,1,1,False,,,,,
301,150.5,20,1,1,False,,,,,
301,150.5,21,1,1,False,,,,,
301,150.5,22,1,1,False,,,,,
301,150.5,23,1,1,False,,,,,
301,150.5,24,1,1,False,,,,,
301,150.5,25,1,1,False,,,,,
301,150.5,26,1,1,False,,,,,
301,150.5,27,1,1,False,,,,,
301,150.5,28,1,1,False,,,,,
301,150.5,29,1,1,False,,,,,
301,150.5,30,1,1,False,,,,,
301,150.5,31,1,1,False,,,,,
301,150.5,32,1,1,False,,,,,
301,150.5,33,1,1,False,,,,,
301,150.5,34,1,1,False,,,,,
301,150.5,35,1,1,False,,,,,
301,150.5,36,1,1,False,,,,,
301,150.5,37,1,1,False,,,,,
301,150.5,38,1,1,False,,,,,
301,150.5,39,1,1,False,,,,,
302,151.0,0,1,1,False,,,,,
302,151.0,1,1,1,False,,,,,
302,151.0,2,1,1,False,,,,,
302,151.0,3,1,1,False,,,,,
302,151.0,4,1,1,False,,,,,
302,151.0,5,1,1,False,,,,,
302,151.0,6,1,1,False,,,,,
302,151.0,7,1,1,False,,,,,
302,151.0,8,1,1,False,,,,,
302,151.0,9,1,1,False,,,,,
302,151.0,10,1,1,False,,,,,
302,151.0,11,1,1,False,,,,,
302,151.0,12,1,1,False,,,,,
302,151.0,13,1,1,False,,,,,
302,151.0,14,1,1,False,,,,,
302,151.0,15,1,1,False,,,,,
302,151.0,16,1,1,False,,,,,
302,151.0,17,1,1,False,,,,,
302,151.0,18,1,1,False,,,,,
302,151.0,19,1,1,False,,,,,
302,151.0,20,1,1,False,,,,,
302,151.0,21,1,1,False,,,,,
302,151.0,22,1,1,False,,,,,
302,151.0,23,1,1,False,,,,,
302,151.0,24,1,1,False,,,,,
302,151.0,25,1,1,False,,,,,
302,151.0,26,1,1,False,,,,,
302,151.0,27,1,1,False,,,,,
302,151.0,28,1,1,False,,,,,
302,151.0,29,1,1,False,,,,,
302,151.0,30,1,1,False,,,,,
302,151.0,31,1,1,False,,,,,
302,151.0,32,1,1,False,,,,,
302,151.0,33,1,1,False,,,,,
302,151.0,34,1,1,False,,,,,
302,151.0,35,1,1,False,,,,,
302,151.0,36,1,1,False,,,,,
302,151.0,37,1,1,False,,,,,
302,151.0,38,1,1,False,,,,,
302,151.0,39,1,1,False,,,,,
303,151.5,0,1,1,False,,,,,
303,151.5,1,1,1,False,,,,,
303,151.5,2,1,1,False,,,,,
303,151.5,3,1,1,False,,,,,
303,151.5,4,1,1,False,,,,,
303,151.5,5,1,1,False,,,,,
303,151.5,6,1,1,False,,,,,
303,151.5,7,1,1,False,,,,,
303,151.5,8,1,1,False,,,,,
303,151.5,9,1,1,False,,,,,
303,151.5,10,1,1,False,,,,,
303,151.5,11,1,1,False,,,,,
303,151.5,12,1,1,False,,,,,
303,151.5,13,1,1,False,,,,,
303,151.5,14,1,1,False,,,,,
303,151.5,15,1,1,False,,,,,
303,151.5,16,1,1,False,,,,,
303,151.5,17,1,1,False,,,,,
303,151.5,18,1,1,False,,,,,
303,151.5,19,1,1,False,,,,,
303,151.5,20,1,1,False,,,,,
303,151.5,21,1,1,False,,,,,
303,151.5,22,1,1,False,,,,,
303,151.5,23,1,1,False,,,,,
303,151.5,24,1,1,False,,,,,
303,151.5,25,1,1,False,,,,,
303,151.5,26,1,1,False,,,,,
303,151.5,27,1,1,False,,,,,
303,151.5,28,1,1,False,,,,,
303,151.5,29,1,1,False,,,,,
303,151.5,30,1,1,False,,,,,
303,151.5,31,1,1,False,,,,,
303,151.5,32,1,1,False,,,,,
303,151.5,33,1,1,False,,,,,
303,151.5,34,1,1,False,,,,,
303,151.5,35,1,1,False,,,,,
303,151.5,36,1,1,False,,,,,
303,151.5,37,1,1,False,,,,,
303,151.5,38,1,1,False,,,,,
303,151.5,39,1,1,False,,,,,
304,152.0,0,1,1,False,,,,,
304,152.0,1,1,1,False,,,,,
304,152.0,2,1,1,False,,,,,
304,152.0,3,1,1,False,,,,,
304,152.0,4,1,1,False,,,,,
304,152.0,5,1,1,False,,,,,
304,152.0,6,1,1,False,,,,,
304,152.0,7,1,1,False,,,,,
304,152.0,8,1,1,False,,,,,
304,152.0,9,1,1,False,,,,,
304,152.0,10,1,1,False,,,,,
304,152.0,11,1,1,False,,,,,
304,152.0,12,1,1,False,,,,,
304,152.0,13,1,1,False,,,,,
304,152.0,14,1,1,False,,,,,
304,152.0,15,1,1,False,,,,,
304,152.0,16,1,1,False,,,,,
304,152.0,17,1,1,False,,,,,
304,152.0,18,1,1,False,,,,,
304,152.0,19,1,1,False,,,,,
304,152.0,20,1,1,False,,,,,
304,152.0,21,1,1,False,,,,,
304,152.0,22,1,1,False,,,,,
304,152.0,23,1,1,False,,,,,
304,152.0,24,1,1,False,,,,,
304,152.0,25,1,1,False,,,,,
304,152.0,26,1,1,False,,,,,
304,152.0,27,1,1,False,,,,,
304,152.0,28,1,1,False,,,,,
304,152.0,29,1,1,False,,,,,
304,152.0,30,1,1,False,,,,,
304,152.0,31,1,1,False,,,,,
304,152.0,32,1,1,False,,,,,
304,152.0,33,1,1,False,,,,,
304,152.0,34,1,1,False,,,,,
304,152.0,35,1,1,False,,,,,
304,152.0,36,1,1,False,,,,,
304,152.0,37,1,1,False,,,,,
304,152.0,38,1,1,False,,,,,
304,152.0,39,1,1,False,,,,,
305,152.5,0,1,1,False,,,,,
305,152.5,1,1,1,False,,,,,
305,152.5,2,1,1,False,,,,,
305,152.5,3,1,1,False,,,,,
305,152.5,4,1,1,False,,,,,
305,152.5,5,1,1,False,,,,,
305,152.5,6,1,1,False,,,,,
305,152.5,7,1,1,False,,,,,
305,152.5,8,1,1,False,,,,,
305,152.5,9,1,1,False,,,,,
305,152.5,10,1,1,False,,,,,
305,152.5,11,1,1,False,,,,,
305,152.5,12,1,1,False,,,,,
305,152.5,13,1,1,False,,,,,
305,152.5,14,1,1,False,,,,,
305,152.5,15,1,1,False,,,,,
305,152.5,16,1,1,False,,,,,
305,152.5,17,1,1,False,,,,,
305,152.5,18,1,1,False,,,,,
305,152.5,19,1,1,False,,,,,
305,152.5,20,1,1,False,,,,,
305,152.5,21,1,1,False,,,,,
305,152.5,22,1,1,False,,,,,
305,152.5,23,1,1,False,,,,,
305,152.5,24,1,1,False,,,,,
305,152.5,25,1,1,False,,,,,
305,152.5,26,1,1,False,,,,,
305,152.5,27,1,1,False,,,,,
305,152.5,28,1,1,False,,,,,
305,152.5,29,1,1,False,,,,,
305,152.5,30,1,1,False,,,,,
305,152.5,31,1,1,False,,,,,
305,152.5,32,1,1,False,,,,,
305,152.5,33,1,1,False,,,,,
305,152.5,34,1,1,False,,,,,
305,152.5,35,1,1,False,,,,,
305,152.5,36,1,1,False,,,,,
305,152.5,37,1,1,False,,,,,
305,152.5,38,1,1,False,,,,,
305,152.5,39,1,1,False,,,,,
306,153.0,0,1,1,False,,,,,
306,153.0,1,1,1,False,,,,,
306,153.0,2,1,1,False,,,,,
306,153.0,3,1,1,False,,,,,
306,153.0,4,1,1,False,,,,,
306,153.0,5,1,1,False,,,,,
306,153.0,6,1,1,False,,,,,
306,153.0,7,1,1,False,,,,,
306,153.0,8,1,1,False,,,,,
306,153.0,9,1,1,False,,,,,
306,153.0,10,1,1,False,,,,,
306,153.0,11,1,1,False,,,,,
306,153.0,12,1,1,False,,,,,
306,153.0,13,1,1,False,,,,,
306,153.0,14,1,1,False,,,,,
306,153.0,15,1,1,False,,,,,
306,153.0,16,1,1,False,,,,,
306,153.0,17,1,1,False,,,,,
306,153.0,18,1,1,False,,,,,
306,153.0,19,1,1,False,,,,,
306,153.0,20,1,1,False,,,,,
306,153.0,21,1,1,False,,,,,
306,153.0,22,1,1,False,,,,,
306,153.0,23,1,1,False,,,,,
306,153.0,24,1,1,False,,,,,
306,153.0,25,1,1,False,,,,,
306,153.0,26,1,1,False,,,,,
306,153.0,27,1,1,False,,,,,
306,153.0,28,1,1,False,,,,,
306,153.0,29,1,1,False,,,,,
306,153.0,30,1,1,False,,,,,
306,153.0,31,1,1,False,,,,,
306,153.0,32,1,1,False,,,,,
306,153.0,33,1,1,False,,,,,
306,153.0,34,1,1,False,,,,,
306,153.0,35,1,1,False,,,,,
306,153.0,36,1,1,False,,,,,
306,153.0,37,1,1,False,,,,,
306,153.0,38,1,1,False,,,,,
306,153.0,39,1,1,False,,,,,
307,153.5,0,1,1,False,,,,,
307,153.5,1,1,1,False,,,,,
307,153.5,2,1,1,False,,,,,
307,153.5,3,1,1,False,,,,,
307,153.5,4,1,1,False,,,,,
307,153.5,5,1,1,False,,,,,
307,153.5,6,1,1,False,,,,,
307,153.5,7,1,1,False,,,,,
307,153.5,8,1,1,False,,,,,
307,153.5,9,1,1,False,,,,,
307,153.5,10,1,1,False,,,,,
307,153.5,11,1,1,False,,,,,
307,153.5,12,1,1,False,,,,,
307,153.5,13,1,1,False,,,,,
307,153.5,14,1,1,False,,,,,
307,153.5,15,1,1,False,,,,,
307,153.5,16,1,1,False,,,,,
307,153.5,17,1,1,False,,,,,
307,153.5,18,1,1,False,,,,,
307,153.5,19,1,1,False,,,,,
307,153.5,20,1,1,False,,,,,
307,153.5,21,1,1,False,,,,,
307,153.5,22,1,1,False,,,,,
307,153.5,23,1,1,False,,,,,
307,153.5,24,1,1,False,,,,,
307,153.5,25,1,1,False,,,,,
307,153.5,26,1,1,False,,,,,
307,153.5,27,1,1,False,,,,,
307,153.5,28,1,1,False,,,,,
307,153.5,29,1,1,False,,,,,
307,153.5,30,1,1,False,,,,,
307,153.5,31,1,1,False,,,,,
307,153.5,32,1,1,False,,,,,
307,153.5,33,1,1,False,,,,,
307,153.5,34,1,1,False,,,,,
307,153.5,35,1,1,False,,,,,
307,153.5,36,1,1,False,,,,,
307,153.5,37,1,1,False,,,,,
307,153.5,38,1,1,False,,,,,
307,153.5,39,1,1,False,,,,,
308,154.0,0,1,1,False,,,,,
308,154.0,1,1,1,False,,,,,
308,154.0,2,1,1,False,,,,,
308,154.0,3,1,1,False,,,,,
308,154.0,4,1,1,False,,,,,
308,154.0,5,1,1,False,,,,,
308,154.0,6,1,1,False,,,,,
308,154.0,7,1,1,False,,,,,
308,154.0,8,1,1,False,,,,,
308,154.0,9,1,1,False,,,,,
308,154.0,10,1,1,False,,,,,
308,154.0,11,1,1,False,,,,,
308,154.0,12,1,1,False,,,,,
308,154.0,13,1,1,False,,,,,
308,154.0,14,1,1,False,,,,,
308,154.0,15,1,1,False,,,,,
308,154.0,16,1,1,False,,,,,
308,154.0,17,1,1,False,,,,,
308,154.0,18,1,1,False,,,,,
308,154.0,19,1,1,False,,,,,
308,154.0,20,1,1,False,,,,,
308,154.0,21,1,1,False,,,,,
308,154.0,22,1,1,False,,,,,
308,154.0,23,1,1,False,,,,,
308,154.0,24,1,1,False,,,,,
308,154.0,25,1,1,False,,,,,
308,154.0,26,1,1,False,,,,,
308,154.0,27,1,1,False,,,,,
308,154.0,28,1,1,False,,,,,
308,154.0,29,1,1,False,,,,,
308,154.0,30,1,1,False,,,,,
308,154.0,31,1,1,False,,,,,
308,154.0,32,1,1,False,,,,,
308,154.0,33,1,1,False,,,,,
308,154.0,34,1,1,False,,,,,
308,154.0,35,1,1,False,,,,,
308,154.0,36,1,1,False,,,,,
308,154.0,37,1,1,False,,,,,
308,154.0,38,1,1,False,,,,,
308,154.0,39,1,1,False,,,,,
309,154.5,0,1,1,False,,,,,
309,154.5,1,1,1,False,,,,,
309,154.5,2,1,1,False,,,,,
309,154.5,3,1,1,False,,,,,
309,154.5,4,1,1,False,,,,,
309,154.5,5,1,1,False,,,,,
309,154.5,6,1,1,False,,,,,
309,154.5,7,1,1,False,,,,,
309,154.5,8,1,1,False,,,,,
309,154.5,9,1,1,False,,,,,
309,154.5,10,1,1,False,,,,,
309,154.5,11,1,1,False,,,,,
309,154.5,12,1,1,False,,,,,
309,154.5,13,1,1,False,,,,,
309,154.5,14,1,1,False,,,,,
309,154.5,15,1,1,False,,,,,
309,154.5,16,1,1,False,,,,,
309,154.5,17,1,1,False,,,,,
309,154.5,18,1,1,False,,,,,
309,154.5,19,1,1,False,,,,,
309,154.5,20,1,1,False,,,,,
309,154.5,21,1,1,False,,,,,
309,154.5,22,1,1,False,,,,,
309,154.5,23,1,1,False,,,,,
309,154.5,24,1,1,False,,,,,
309,154.5,25,1,1,False,,,,,
309,154.5,26,1,1,False,,,,,
309,154.5,27,1,1,False,,,,,
309,154.5,28,1,1,False,,,,,
309,154.5,29,1,1,False,,,,,
309,154.5,30,1,1,False,,,,,
309,154.5,31,1,1,False,,,,,
309,154.5,32,1,1,False,,,,,
309,154.5,33,1,1,False,,,,,
309,154.5,34,1,1,False,,,,,
309,154.5,35,1,1,False,,,,,
309,154.5,36,1,1,False,,,,,
309,154.5,37,1,1,False,,,,,
309,154.5,38,1,1,False,,,,,
309,154.5,39,1,1,False,,,,,
310,155.0,0,1,1,False,,,,,
310,155.0,1,1,1,False,,,,,
310,155.0,2,1,1,False,,,,,
310,155.0,3,1,1,False,,,,,
310,155.0,4,1,1,False,,,,,
310,155.0,5,1,1,False,,,,,
310,155.0,6,1,1,False,,,,,
310,155.0,7,1,1,False,,,,,
310,155.0,8,1,1,False,,,,,
310,155.0,9,1,1,False,,,,,
310,155.0,10,1,1,False,,,,,
310,155.0,11,1,1,False,,,,,
310,155.0,12,1,1,False,,,,,
310,155.0,13,1,1,False,,,,,
310,155.0,14,1,1,False,,,,,
310,155.0,15,1,1,False,,,,,
310,155.0,16,1,1,False,,,,,
310,155.0,17,1,1,False,,,,,
310,155.0,18,1,1,False,,,,,
310,155.0,19,1,1,False,,,,,
310,155.0,20,1,1,False,,,,,
310,155.0,21,1,1,False,,,,,
310,155.0,22,1,1,False,,,,,
310,155.0,23,1,1,False,,,,,
310,155.0,24,1,1,False,,,,,
310,155.0,25,1,1,False,,,,,
310,155.0,26,1,1,False,,,,,
310,155.0,27,1,1,False,,,,,
310,155.0,28,1,1,False,,,,,
310,155.0,29,1,1,False,,,,,
310,155.0,30,1,1,False,,,,,
310,155.0,31,1,1,False,,,,,
310,155.0,32,1,1,False,,,,,
310,155.0,33,1,1,False,,,,,
310,155.0,34,1,1,False,,,,,
310,155.0,35,1,1,False,,,,,
310,155.0,36,1,1,False,,,,,
310,155.0,37,1,1,False,,,,,
310,155.0,38,1,1,False,,,,,
310,155.0,39,1,1,False,,,,,
311,155.5,0,1,1,False,,,,,
311,155.5,1,1,1,False,,,,,
311,155.5,2,1,1,False,,,,,
311,155.5,3,1,1,False,,,,,
311,155.5,4,1,1,False,,,,,
311,155.5,5,1,1,False,,,,,
311,155.5,6,1,1,False,,,,,
311,155.5,7,1,1,False,,,,,
311,155.5,8,1,1,False,,,,,
311,155.5,9,1,1,False,,,,,
311,155.5,10,1,1,False,,,,,
311,155.5,11,1,1,False,,,,,
311,155.5,12,1,1,False,,,,,
311,155.5,13,1,1,False,,,,,
311,155.5,14,1,1,False,,,,,
311,155.5,15,1,1,False,,,,,
311,155.5,16,1,1,False,,,,,
311,155.5,17,1,1,False,,,,,
311,155.5,18,1,1,False,,,,,
311,155.5,19,1,1,False,,,,,
311,155.5,20,1,1,False,,,,,
311,155.5,21,1,1,False,,,,,
311,155.5,22,1,1,False,,,,,
311,155.5,23,1,1,False,,,,,
311,155.5,24,1,1,False,,,,,
311,155.5,25,1,1,False,,,,,
311,155.5,26,1,1,False,,,,,
311,155.5,27,1,1,False,,,,,
311,155.5,28,1,1,False,,,,,
311,155.5,29,1,1,False,,,,,
311,155.5,30,1,1,False,,,,,
311,155.5,31,1,1,False,,,,,
311,155.5,32,1,1,False,,,,,
311,155.5,33,1,1,False,,,,,
311,155.5,34,1,1,False,,,,,
311,155.5,35,1,1,False,,,,,
311,155.5,36,1,1,False,,,,,
311,155.5,37,1,1,False,,,,,
311,155.5,38,1,1,False,,,,,
311,155.5,39,1,1,False,,,,,
312,156.0,0,1,1,False,,,,,
312,156.0,1,1,1,False,,,,,
312,156.0,2,1,1,False,,,,,
312,156.0,3,1,1,False,,,,,
312,156.0,4,1,1,False,,,,,
312,156.0,5,1,1,False,,,,,
312,156.0,6,1,1,False,,,,,
312,156.0,7,1,1,False,,,,,
312,156.0,8,1,1,False,,,,,
312,156.0,9,1,1,False,,,,,
312,156.0,10,1,1,False,,,,,
312,156.0,11,1,1,False,,,,,
312,156.0,12,1,1,False,,,,,
312,156.0,13,1,1,False,,,,,
312,156.0,14,1,1,False,,,,,
312,156.0,15,1,1,False,,,,,
312,156.0,16,1,1,False,,,,,
312,156.0,17,1,1,False,,,,,
312,156.0,18,1,1,False,,,,,
312,156.0,19,1,1,False,,,,,
312,156.0,20,1,1,False,,,,,
312,156.0,21,1,1,False,,,,,
312,156.0,22,1,1,False,,,,,
312,156.0,23,1,1,False,,,,,
312,156.0,24,1,1,False,,,,,
312,156.0,25,1,1,False,,,,,
312,156.0,26,1,1,False,,,,,
312,156.0,27,1,1,False,,,,,
312,156.0,28,1,1,False,,,,,
312,156.0,29,1,1,False,,,,,
312,156.0,30,1,1,False,,,,,
312,156.0,31,1,1,False,,,,,
312,156.0,32,1,1,False,,,,,
312,156.0,33,1,1,False,,,,,
312,156.0,34,1,1,False,,,,,
312,156.0,35,1,1,False,,,,,
312,156.0,36,1,1,False,,,,,
312,156.0,37,1,1,False,,,,,
312,156.0,38,1,1,False,,,,,
312,156.0,39,1,1,False,,,,,
313,156.5,0,1,1,False,,,,,
313,156.5,1,1,1,False,,,,,
313,156.5,2,1,1,False,,,,,
313,156.5,3,1,1,False,,,,,
313,156.5,4,1,1,False,,,,,
313,156.5,5,1,1,False,,,,,
313,156.5,6,1,1,False,,,,,
313,156.5,7,1,1,False,,,,,
313,156.5,8,1,1,False,,,,,
313,156.5,9,1,1,False,,,,,
313,156.5,10,1,1,False,,,,,
313,156.5,11,1,1,False,,,,,
313,156.5,12,1,1,False,,,,,
313,156.5,13,1,1,False,,,,,
313,156.5,14,1,1,False,,,,,
313,156.5,15,1,1,False,,,,,
313,156.5,16,1,1,False,,,,,
313,156.5,17,1,1,False,,,,,
313,156.5,18,1,1,False,,,,,
313,156.5,19,1,1,False,,,,,
313,156.5,20,1,1,False,,,,,
313,156.5,21,1,1,False,,,,,
313,156.5,22,1,1,False,,,,,
313,156.5,23,1,1,False,,,,,
313,156.5,24,1,1,False,,,,,
313,156.5,25,1,1,False,,,,,
313,156.5,26,1,1,False,,,,,
313,156.5,27,1,1,False,,,,,
313,156.5,28,1,1,False,,,,,
313,156.5,29,1,1,False,,,,,
313,156.5,30,1,1,False,,,,,
313,156.5,31,1,1,False,,,,,
313,156.5,32,1,1,False,,,,,
313,156.5,33,1,1,False,,,,,
313,156.5,34,1,1,False,,,,,
313,156.5,35,1,1,False,,,,,
313,156.5,36,1,1,False,,,,,
313,156.5,37,1,1,False,,,,,
313,156.5,38,1,1,False,,,,,
313,156.5,39,1,1,False,,,,,
314,157.0,0,1,1,False,,,,,
314,157.0,1,1,1,False,,,,,
314,157.0,2,1,1,False,,,,,
314,157.0,3,1,1,False,,,,,
314,157.0,4,1,1,False,,,,,
314,157.0,5,1,1,False,,,,,
314,157.0,6,1,1,False,,,,,
314,157.0,7,1,1,False,,,,,
314,157.0,8,1,1,False,,,,,
314,157.0,9,1,1,False,,,,,
314,157.0,10,1,1,False,,,,,
314,157.0,11,1,1,False,,,,,
314,157.0,12,1,1,False,,,,,
314,157.0,13,1,1,False,,,,,
314,157.0,14,1,1,False,,,,,
314,157.0,15,1,1,False,,,,,
314,157.0,16,1,1,False,,,,,
314,157.0,17,1,1,False,,,,,
314,157.0,18,1,1,False,,,,,
314,157.0,19,1,1,False,,,,,
314,157.0,20,1,1,False,,,,,
314,157.0,21,1,1,False,,,,,
314,157.0,22,1,1,False,,,,,
314,157.0,23,1,1,False,,,,,
314,157.0,24,1,1,False,,,,,
314,157.0,25,1,1,False,,,,,
314,157.0,26,1,1,False,,,,,
314,157.0,27,1,1,False,,,,,
314,157.0,28,1,1,False,,,,,
314,157.0,29,1,1,False,,,,,
314,157.0,30,1,1,False,,,,,
314,157.0,31,1,1,False,,,,,
314,157.0,32,1,1,False,,,,,
314,157.0,33,1,1,False,,,,,
314,157.0,34,1,1,False,,,,,
314,157.0,35,1,1,False,,,,,
314,157.0,36,1,1,False,,,,,
314,157.0,37,1,1,False,,,,,
314,157.0,38,1,1,False,,,,,
314,157.0,39,1,1,False,,,,,
315,157.5,0,1,1,False,,,,,
315,157.5,1,1,1,False,,,,,
315,157.5,2,1,1,False,,,,,
315,157.5,3,1,1,False,,,,,
315,157.5,4,1,1,False,,,,,
315,157.5,5,1,1,False,,,,,
315,157.5,6,1,1,False,,,,,
315,157.5,7,1,1,False,,,,,
315,157.5,8,1,1,False,,,,,
315,157.5,9,1,1,False,,,,,
315,157.5,10,1,1,False,,,,,
315,157.5,11,1,1,False,,,,,
315,157.5,12,1,1,False,,,,,
315,157.5,13,1,1,False,,,,,
315,157.5,14,1,1,False,,,,,
315,157.5,15,1,1,False,,,,,
315,157.5,16,1,1,False,,,,,
315,157.5,17,1,1,False,,,,,
315,157.5,18,1,1,False,,,,,
315,157.5,19,1,1,False,,,,,
315,157.5,20,1,1,False,,,,,
315,157.5,21,1,1,False,,,,,
315,157.5,22,1,1,False,,,,,
315,157.5,23,1,1,False,,,,,
315,157.5,24,1,1,False,,,,,
315,157.5,25,1,1,False,,,,,
315,157.5,26,1,1,False,,,,,
315,157.5,27,1,1,False,,,,,
315,157.5,28,1,1,False,,,,,
315,157.5,29,1,1,False,,,,,
315,157.5,30,1,1,False,,,,,
315,157.5,31,1,1,False,,,,,
315,157.5,32,1,1,False,,,,,
315,157.5,33,1,1,False,,,,,
315,157.5,34,1,1,False,,,,,
315,157.5,35,1,1,False,,,,,
315,157.5,36,1,1,False,,,,,
315,157.5,37,1,1,False,,,,,
315,157.5,38,1,1,False,,,,,
315,157.5,39,1,1,False,,,,,
316,158.0,0,1,1,False,,,,,
316,158.0,1,1,1,False,,,,,
316,158.0,2,1,1,False,,,,,
316,158.0,3,1,1,False,,,,,
316,158.0,4,1,1,False,,,,,
316,158.0,5,1,1,False,,,,,
316,158.0,6,1,1,False,,,,,
316,158.0,7,1,1,False,,,,,
316,158.0,8,1,1,False,,,,,
316,158.0,9,1,1,False,,,,,
316,158.0,10,1,1,False,,,,,
316,158.0,11,1,1,False,,,,,
316,158.0,12,1,1,False,,,,,
316,158.0,13,1,1,False,,,,,
316,158.0,14,1,1,False,,,,,
316,158.0,15,1,1,False,,,,,
316,158.0,16,1,1,False,,,,,
316,158.0,17,1,1,False,,,,,
316,158.0,18,1,1,False,,,,,
316,158.0,19,1,1,False,,,,,
316,158.0,20,1,1,False,,,,,
316,158.0,21,1,1,False,,,,,
316,158.0,22,1,1,False,,,,,
316,158.0,23,1,1,False,,,,,
316,158.0,24,1,1,False,,,,,
316,158.0,25,1,1,False,,,,,
316,158.0,26,1,1,False,,,,,
316,158.0,27,1,1,False,,,,,
316,158.0,28,1,1,False,,,,,
316,158.0,29,1,1,False,,,,,
316,158.0,30,1,1,False,,,,,
316,158.0,31,1,1,False,,,,,
316,158.0,32,1,1,False,,,,,
316,158.0,33,1,1,False,,,,,
316,158.0,34,1,1,False,,,,,
316,158.0,35,1,1,False,,,,,
316,158.0,36,1,1,False,,,,,
316,158.0,37,1,1,False,,,,,
316,158.0,38,1,1,False,,,,,
316,158.0,39,1,1,False,,,,,
317,158.5,0,1,1,False,,,,,
317,158.5,1,1,1,False,,,,,
317,158.5,2,1,1,False,,,,,
317,158.5,3,1,1,False,,,,,
317,158.5,4,1,1,False,,,,,
317,158.5,5,1,1,False,,,,,
317,158.5,6,1,1,False,,,,,
317,158.5,7,1,1,False,,,,,
317,158.5,8,1,1,False,,,,,
317,158.5,9,1,1,False,,,,,
317,158.5,10,1,1,False,,,,,
317,158.5,11,1,1,False,,,,,
317,158.5,12,1,1,False,,,,,
317,158.5,13,1,1,False,,,,,
317,158.5,14,1,1,False,,,,,
317,158.5,15,1,1,False,,,,,
317,158.5,16,1,1,False,,,,,
317,158.5,17,1,1,False,,,,,
317,158.5,18,1,1,False,,,,,
317,158.5,19,1,1,False,,,,,
317,158.5,20,1,1,False,,,,,
317,158.5,21,1,1,False,,,,,
317,158.5,22,1,1,False,,,,,
317,158.5,23,1,1,False,,,,,
317,158.5,24,1,1,False,,,,,
317,158.5,25,1,1,False,,,,,
317,158.5,26,1,1,False,,,,,
317,158.5,27,1,1,False,,,,,
317,158.5,28,1,1,False,,,,,
317,158.5,29,1,1,False,,,,,
317,158.5,30,1,1,False,,,,,
317,158.5,31,1,1,False,,,,,
317,158.5,32,1,1,False,,,,,
317,158.5,33,1,1,False,,,,,
317,158.5,34,1,1,False,,,,,
317,158.5,35,1,1,False,,,,,
317,158.5,36,1,1,False,,,,,
317,158.5,37,1,1,False,,,,,
317,158.5,38,1,1,False,,,,,
317,158.5,39,1,1,False,,,,,
318,159.0,0,1,1,False,,,,,
318,159.0,1,1,1,False,,,,,
318,159.0,2,1,1,False,,,,,
318,159.0,3,1,1,False,,,,,
318,159.0,4,1,1,False,,,,,
318,159.0,5,1,1,False,,,,,
318,159.0,6,1,1,False,,,,,
318,159.0,7,1,1,False,,,,,
318,159.0,8,1,1,False,,,,,
318,159.0,9,1,1,False,,,,,
318,159.0,10,1,1,False,,,,,
318,159.0,11,1,1,False,,,,,
318,159.0,12,1,1,False,,,,,
318,159.0,13,1,1,False,,,,,
318,159.0,14,1,1,False,,,,,
318,159.0,15,1,1,False,,,,,
318,159.0,16,1,1,False,,,,,
318,159.0,17,1,1,False,,,,,
318,159.0,18,1,1,False,,,,,
318,159.0,19,1,1,False,,,,,
318,159.0,20,1,1,False,,,,,
318,159.0,21,1,1,False,,,,,
318,159.0,22,1,1,False,,,,,
318,159.0,23,1,1,False,,,,,
318,159.0,24,1,1,False,,,,,
318,159.0,25,1,1,False,,,,,
318,159.0,26,1,1,False,,,,,
318,159.0,27,1,1,False,,,,,
318,159.0,28,1,1,False,,,,,
318,159.0,29,1,1,False,,,,,
318,159.0,30,1,1,False,,,,,
318,159.0,31,1,1,False,,,,,
318,159.0,32,1,1,False,,,,,
318,159.0,33,1,1,False,,,,,
318,159.0,34,1,1,False,,,,,
318,159.0,35,1,1,False,,,,,
318,159.0,36,1,1,False,,,,,
318,159.0,37,1,1,False,,,,,
318,159.0,38,1,1,False,,,,,
318,159.0,39,1,1,False,,,,,
319,159.5,0,1,1,False,,,,,
319,159.5,1,1,1,False,,,,,
319,159.5,2,1,1,False,,,,,
319,159.5,3,1,1,False,,,,,
319,159.5,4,1,1,False,,,,,
319,159.5,5,1,1,False,,,,,
319,159.5,6,1,1,False,,,,,
319,159.5,7,1,1,False,,,,,
319,159.5,8,1,1,False,,,,,
319,159.5,9,1,1,False,,,,,
319,159.5,10,1,1,False,,,,,
319,159.5,11,1,1,False,,,,,
319,159.5,12,1,1,False,,,,,
319,159.5,13,1,1,False,,,,,
319,159.5,14,1,1,False,,,,,
319,159.5,15,1,1,False,,,,,
319,159.5,16,1,1,False,,,,,
319,159.5,17,1,1,False,,,,,
319,159.5,18,1,1,False,,,,,
319,159.5,19,1,1,False,,,,,
319,159.5,20,1,1,False,,,,,
319,159.5,21,1,1,False,,,,,
319,159.5,22,1,1,False,,,,,
319,159.5,23,1,1,False,,,,,
319,159.5,24,1,1,False,,,,,
319,159.5,25,1,1,False,,,,,
319,159.5,26,1,1,False,,,,,
319,159.5,27,1,1,False,,,,,
319,159.5,28,1,1,False,,,,,
319,159.5,29,1,1,False,,,,,
319,159.5,30,1,1,False,,,,,
319,159.5,31,1,1,False,,,,,
319,159.5,32,1,1,False,,,,,
319,159.5,33,1,1,False,,,,,
319,159.5,34,1,1,False,,,,,
319,159.5,35,1,1,False,,,,,
319,159.5,36,1,1,False,,,,,
319,159.5,37,1,1,False,,,,,
319,159.5,38,1,1,False,,,,,
319,159.5,39,1,1,False,,,,,
320,160.0,0,1,1,False,,,,,
320,160.0,1,1,1,False,,,,,
320,160.0,2,1,1,False,,,,,
320,160.0,3,1,1,False,,,,,
320,160.0,4,1,1,False,,,,,
320,160.0,5,1,1,False,,,,,
320,160.0,6,1,1,False,,,,,
320,160.0,7,1,1,False,,,,,
320,160.0,8,1,1,False,,,,,
320,160.0,9,1,1,False,,,,,
320,160.0,10,1,1,False,,,,,
320,160.0,11,1,1,False,,,,,
320,160.0,12,1,1,False,,,,,
320,160.0,13,1,1,False,,,,,
320,160.0,14,1,1,False,,,,,
320,160.0,15,1,1,False,,,,,
320,160.0,16,1,1,False,,,,,
320,160.0,17,1,1,False,,,,,
320,160.0,18,1,1,False,,,,,
320,160.0,19,1,1,False,,,,,
320,160.0,20,1,1,False,,,,,
320,160.0,21,1,1,False,,,,,
320,160.0,22,1,1,False,,,,,
320,160.0,23,1,1,False,,,,,
320,160.0,24,1,1,False,,,,,
320,160.0,25,1,1,False,,,,,
320,160.0,26,1,1,False,,,,,
320,160.0,27,1,1,False,,,,,
320,160.0,28,1,1,False,,,,,
320,160.0,29,1,1,False,,,,,
320,160.0,30,1,1,False,,,,,
320,160.0,31,1,1,False,,,,,
320,160.0,32,1,1,False,,,,,
320,160.0,33,1,1,False,,,,,
320,160.0,34,1,1,False,,,,,
320,160.0,35,1,1,False,,,,,
320,160.0,36,1,1,False,,,,,
320,160.0,37,1,1,False,,,,,
320,160.0,38,1,1,False,,,,,
320,160.0,39,1,1,False,,,,,
321,160.5,0,1,1,False,,,,,
321,160.5,1,1,1,False,,,,,
321,160.5,2,1,1,False,,,,,
321,160.5,3,1,1,False,,,,,
321,160.5,4,1,1,False,,,,,
321,160.5,5,1,1,False,,,,,
321,160.5,6,1,1,False,,,,,
321,160.5,7,1,1,False,,,,,
321,160.5,8,1,1,False,,,,,
321,160.5,9,1,1,False,,,,,
321,160.5,10,1,1,False,,,,,
321,160.5,11,1,1,False,,,,,
321,160.5,12,1,1,False,,,,,
321,160.5,13,1,1,False,,,,,
321,160.5,14,1,1,False,,,,,
321,160.5,15,1,1,False,,,,,
321,160.5,16,1,1,False,,,,,
321,160.5,17,1,1,False,,,,,
321,160.5,18,1,1,False,,,,,
321,160.5,19,1,1,False,,,,,
321,160.5,20,1,1,False,,,,,
321,160.5,21,1,1,False,,,,,
321,160.5,22,1,1,False,,,,,
321,160.5,23,1,1,False,,,,,
321,160.5,24,1,1,False,,,,,
321,160.5,25,1,1,False,,,,,
321,160.5,26,1,1,False,,,,,
321,160.5,27,1,1,False,,,,,
321,160.5,28,1,1,False,,,,,
321,160.5,29,1,1,False,,,,,
321,160.5,30,1,1,False,,,,,
321,160.5,31,1,1,False,,,,,
321,160.5,32,1,1,False,,,,,
321,160.5,33,1,1,False,,,,,
321,160.5,34,1,1,False,,,,,
321,160.5,35,1,1,False,,,,,
321,160.5,36,1,1,False,,,,,
321,160.5,37,1,1,False,,,,,
321,160.5,38,1,1,False,,,,,
321,160.5,39,1,1,False,,,,,
322,161.0,0,1,1,False,,,,,
322,161.0,1,1,1,False,,,,,
322,161.0,2,1,1,False,,,,,
322,161.0,3,1,1,False,,,,,
322,161.0,4,1,1,False,,,,,
322,161.0,5,1,1,False,,,,,
322,161.0,6,1,1,False,,,,,
322,161.0,7,1,1,False,,,,,
322,161.0,8,1,1,False,,,,,
322,161.0,9,1,1,False,,,,,
322,161.0,10,1,1,False,,,,,
322,161.0,11,1,1,False,,,,,
322,161.0,12,1,1,False,,,,,
322,161.0,13,1,1,False,,,,,
322,161.0,14,1,1,False,,,,,
322,161.0,15,1,1,False,,,,,
322,161.0,16,1,1,False,,,,,
322,161.0,17,1,1,False,,,,,
322,161.0,18,1,1,False,,,,,
322,161.0,19,1,1,False,,,,,
322,161.0,20,1,1,False,,,,,
322,161.0,21,1,1,False,,,,,
322,161.0,22,1,1,False,,,,,
322,161.0,23,1,1,False,,,,,
322,161.0,24,1,1,False,,,,,
322,161.0,25,1,1,False,,,,,
322,161.0,26,1,1,False,,,,,
322,161.0,27,1,1,False,,,,,
322,161.0,28,1,1,False,,,,,
322,161.0,29,1,1,False,,,,,
322,161.0,30,1,1,False,,,,,
322,161.0,31,1,1,False,,,,,
322,161.0,32,1,1,False,,,,,
322,161.0,33,1,1,False,,,,,
322,161.0,34,1,1,False,,,,,
322,161.0,35,1,1,False,,,,,
322,161.0,36,1,1,False,,,,,
322,161.0,37,1,1,False,,,,,
322,161.0,38,1,1,False,,,,,
322,161.0,39,1,1,False,,,,,
323,161.5,0,1,1,False,,,,,
323,161.5,1,1,1,False,,,,,
323,161.5,2,1,1,False,,,,,
323,161.5,3,1,1,False,,,,,
323,161.5,4,1,1,False,,,,,
323,161.5,5,1,1,False,,,,,
323,161.5,6,1,1,False,,,,,
323,161.5,7,1,1,False,,,,,
323,161.5,8,1,1,False,,,,,
323,161.5,9,1,1,False,,,,,
323,161.5,10,1,1,False,,,,,
323,161.5,11,1,1,False,,,,,
323,161.5,12,1,1,False,,,,,
323,161.5,13,1,1,False,,,,,
323,161.5,14,1,1,False,,,,,
323,161.5,15,1,1,False,,,,,
323,161.5,16,1,1,False,,,,,
323,161.5,17,1,1,False,,,,,
323,161.5,18,1,1,False,,,,,
323,161.5,19,1,1,False,,,,,
323,161.5,20,1,1,False,,,,,
323,161.5,21,1,1,False,,,,,
323,161.5,22,1,1,False,,,,,
323,161.5,23,1,1,False,,,,,
323,161.5,24,1,1,False,,,,,
323,161.5,25,1,1,False,,,,,
323,161.5,26,1,1,False,,,,,
323,161.5,27,1,1,False,,,,,
323,161.5,28,1,1,False,,,,,
323,161.5,29,1,1,False,,,,,
323,161.5,30,1,1,False,,,,,
323,161.5,31,1,1,False,,,,,
323,161.5,32,1,1,False,,,,,
323,161.5,33,1,1,False,,,,,
323,161.5,34,1,1,False,,,,,
323,161.5,35,1,1,False,,,,,
323,161.5,36,1,1,False,,,,,
323,161.5,37,1,1,False,,,,,
323,161.5,38,1,1,False,,,,,
323,161.5,39,1,1,False,,,,,
324,162.0,0,1,1,False,,,,,
324,162.0,1,1,1,False,,,,,
324,162.0,2,1,1,False,,,,,
324,162.0,3,1,1,False,,,,,
324,162.0,4,1,1,False,,,,,
324,162.0,5,1,1,False,,,,,
324,162.0,6,1,1,False,,,,,
324,162.0,7,1,1,False,,,,,
324,162.0,8,1,1,False,,,,,
324,162.0,9,1,1,False,,,,,
324,162.0,10,1,1,False,,,,,
324,162.0,11,1,1,False,,,,,
324,162.0,12,1,1,False,,,,,
324,162.0,13,1,1,False,,,,,
324,162.0,14,1,1,False,,,,,
324,162.0,15,1,1,False,,,,,
324,162.0,16,1,1,False,,,,,
324,162.0,17,1,1,False,,,,,
324,162.0,18,1,1,False,,,,,
324,162.0,19,1,1,False,,,,,
324,162.0,20,1,1,False,,,,,
324,162.0,21,1,1,False,,,,,
324,162.0,22,1,1,False,,,,,
324,162.0,23,1,1,False,,,,,
324,162.0,24,1,1,False,,,,,
324,162.0,25,1,1,False,,,,,
324,162.0,26,1,1,False,,,,,
324,162.0,27,1,1,False,,,,,
324,162.0,28,1,1,False,,,,,
324,162.0,29,1,1,False,,,,,
324,162.0,30,1,1,False,,,,,
324,162.0,31,1,1,False,,,,,
324,162.0,32,1,1,False,,,,,
324,162.0,33,1,1,False,,,,,
324,162.0,34,1,1,False,,,,,
324,162.0,35,1,1,False,,,,,
324,162.0,36,1,1,False,,,,,
324,162.0,37,1,1,False,,,,,
324,162.0,38,1,1,False,,,,,
324,162.0,39,1,1,False,,,,,
325,162.5,0,1,1,False,,,,,
325,162.5,1,1,1,False,,,,,
325,162.5,2,1,1,False,,,,,
325,162.5,3,1,1,False,,,,,
325,162.5,4,1,1,False,,,,,
325,162.5,5,1,1,False,,,,,
325,162.5,6,1,1,False,,,,,
325,162.5,7,1,1,False,,,,,
325,162.5,8,1,1,False,,,,,
325,162.5,9,1,1,False,,,,,
325,162.5,10,1,1,False,,,,,
325,162.5,11,1,1,False,,,,,
325,162.5,12,1,1,False,,,,,
325,162.5,13,1,1,False,,,,,
325,162.5,14,1,1,False,,,,,
325,162.5,15,1,1,False,,,,,
325,162.5,16,1,1,False,,,,,
325,162.5,17,1,1,False,,,,,
325,162.5,18,1,1,False,,,,,
325,162.5,19,1,1,False,,,,,
325,162.5,20,1,1,False,,,,,
325,162.5,21,1,1,False,,,,,
325,162.5,22,1,1,False,,,,,
325,162.5,23,1,1,False,,,,,
325,162.5,24,1,1,False,,,,,
325,162.5,25,1,1,False,,,,,
325,162.5,26,1,1,False,,,,,
325,162.5,27,1,1,False,,,,,
325,162.5,28,1,1,False,,,,,
325,162.5,29,1,1,False,,,,,
325,162.5,30,1,1,False,,,,,
325,162.5,31,1,1,False,,,,,
325,162.5,32,1,1,False,,,,,
325,162.5,33,1,1,False,,,,,
325,162.5,34,1,1,False,,,,,
325,162.5,35,1,1,False,,,,,
325,162.5,36,1,1,False,,,,,
325,162.5,37,1,1,False,,,,,
325,162.5,38,1,1,False,,,,,
325,162.5,39,1,1,False,,,,,
326,163.0,0,1,1,False,,,,,
326,163.0,1,1,1,False,,,,,
326,163.0,2,1,1,False,,,,,
326,163.0,3,1,1,False,,,,,
326,163.0,4,1,1,False,,,,,
326,163.0,5,1,1,False,,,,,
326,163.0,6,1,1,False,,,,,
326,163.0,7,1,1,False,,,,,
326,163.0,8,1,1,False,,,,,
326,163.0,9,1,1,False,,,,,
326,163.0,10,1,1,False,,,,,
326,163.0,11,1,1,False,,,,,
326,163.0,12,1,1,False,,,,,
326,163.0,13,1,1,False,,,,,
326,163.0,14,1,1,False,,,,,
326,163.0,15,1,1,False,,,,,
326,163.0,16,1,1,False,,,,,
326,163.0,17,1,1,False,,,,,
326,163.0,18,1,1,False,,,,,
326,163.0,19,1,1,False,,,,,
326,163.0,20,1,1,False,,,,,
326,163.0,21,1,1,False,,,,,
326,163.0,22,1,1,False,,,,,
326,163.0,23,1,1,False,,,,,
326,163.0,24,1,1,False,,,,,
326,163.0,25,1,1,False,,,,,
326,163.0,26,1,1,False,,,,,
326,163.0,27,1,1,False,,,,,
326,163.0,28,1,1,False,,,,,
326,163.0,29,1,1,False,,,,,
326,163.0,30,1,1,False,,,,,
326,163.0,31,1,1,False,,,,,
326,163.0,32,1,1,False,,,,,
326,163.0,33,1,1,False,,,,,
326,163.0,34,1,1,False,,,,,
326,163.0,35,1,1,False,,,,,
326,163.0,36,1,1,False,,,,,
326,163.0,37,1,1,False,,,,,
326,163.0,38,1,1,False,,,,,
326,163.0,39,1,1,False,,,,,
327,163.5,0,1,1,False,,,,,
327,163.5,1,1,1,False,,,,,
327,163.5,2,1,1,False,,,,,
327,163.5,3,1,1,False,,,,,
327,163.5,4,1,1,False,,,,,
327,163.5,5,1,1,False,,,,,
327,163.5,6,1,1,False,,,,,
327,163.5,7,1,1,False,,,,,
327,163.5,8,1,1,False,,,,,
327,163.5,9,1,1,False,,,,,
327,163.5,10,1,1,False,,,,,
327,163.5,11,1,1,False,,,,,
327,163.5,12,1,1,False,,,,,
327,163.5,13,1,1,False,,,,,
327,163.5,14,1,1,False,,,,,
327,163.5,15,1,1,False,,,,,
327,163.5,16,1,1,False,,,,,
327,163.5,17,1,1,False,,,,,
327,163.5,18,1,1,False,,,,,
327,163.5,19,1,1,False,,,,,
327,163.5,20,1,1,False,,,,,
327,163.5,21,1,1,False,,,,,
327,163.5,22,1,1,False,,,,,
327,163.5,23,1,1,False,,,,,
327,163.5,24,1,1,False,,,,,
327,163.5,25,1,1,False,,,,,
327,163.5,26,1,1,False,,,,,
327,163.5,27,1,1,False,,,,,
327,163.5,28,1,1,False,,,,,
327,163.5,29,1,1,False,,,,,
327,163.5,30,1,1,False,,,,,
327,163.5,31,1,1,False,,,,,
327,163.5,32,1,1,False,,,,,
327,163.5,33,1,1,False,,,,,
327,163.5,34,1,1,False,,,,,
327,163.5,35,1,1,False,,,,,
327,163.5,36,1,1,False,,,,,
327,163.5,37,1,1,False,,,,,
327,163.5,38,1,1,False,,,,,
327,163.5,39,1,1,False,,,,,
328,164.0,0,1,1,False,,,,,
328,164.0,1,1,1,False,,,,,
328,164.0,2,1,1,False,,,,,
328,164.0,3,1,1,False,,,,,
328,164.0,4,1,1,False,,,,,
328,164.0,5,1,1,False,,,,,
328,164.0,6,1,1,False,,,,,
328,164.0,7,1,1,False,,,,,
328,164.0,8,1,1,False,,,,,
328,164.0,9,1,1,False,,,,,
328,164.0,10,1,1,False,,,,,
328,164.0,11,1,1,False,,,,,
328,164.0,12,1,1,False,,,,,
328,164.0,13,1,1,False,,,,,
328,164.0,14,1,1,False,,,,,
328,164.0,15,1,1,False,,,,,
328,164.0,16,1,1,False,,,,,
328,164.0,17,1,1,False,,,,,
328,164.0,18,1,1,False,,,,,
328,164.0,19,1,1,False,,,,,
328,164.0,20,1,1,False,,,,,
328,164.0,21,1,1,False,,,,,
328,164.0,22,1,1,False,,,,,
328,164.0,23,1,1,False,,,,,
328,164.0,24,1,1,False,,,,,
328,164.0,25,1,1,False,,,,,
328,164.0,26,1,1,False,,,,,
328,164.0,27,1,1,False,,,,,
328,164.0,28,1,1,False,,,,,
328,164.0,29,1,1,False,,,,,
328,164.0,30,1,1,False,,,,,
328,164.0,31,1,1,False,,,,,
328,164.0,32,1,1,False,,,,,
328,164.0,33,1,1,False,,,,,
328,164.0,34,1,1,False,,,,,
328,164.0,35,1,1,False,,,,,
328,164.0,36,1,1,False,,,,,
328,164.0,37,1,1,False,,,,,
328,164.0,38,1,1,False,,,,,
328,164.0,39,1,1,False,,,,,
329,164.5,0,1,1,False,,,,,
329,164.5,1,1,1,False,,,,,
329,164.5,2,1,1,False,,,,,
329,164.5,3,1,1,False,,,,,
329,164.5,4,1,1,False,,,,,
329,164.5,5,1,1,False,,,,,
329,164.5,6,1,1,False,,,,,
329,164.5,7,1,1,False,,,,,
329,164.5,8,1,1,False,,,,,
329,164.5,9,1,1,False,,,,,
329,164.5,10,1,1,False,,,,,
329,164.5,11,1,1,False,,,,,
329,164.5,12,1,1,False,,,,,
329,164.5,13,1,1,False,,,,,
329,164.5,14,1,1,False,,,,,
329,164.5,15,1,1,False,,,,,
329,164.5,16,1,1,False,,,,,
329,164.5,17,1,1,False,,,,,
329,164.5,18,1,1,False,,,,,
329,164.5,19,1,1,False,,,,,
329,164.5,20,1,1,False,,,,,
329,164.5,21,1,1,False,,,,,
329,164.5,22,1,1,False,,,,,
329,164.5,23,1,1,False,,,,,
329,164.5,24,1,1,False,,,,,
329,164.5,25,1,1,False,,,,,
329,164.5,26,1,1,False,,,,,
329,164.5,27,1,1,False,,,,,
329,164.5,28,1,1,False,,,,,
329,164.5,29,1,1,False,,,,,
329,164.5,30,1,1,False,,,,,
329,164.5,31,1,1,False,,,,,
329,164.5,32,1,1,False,,,,,
329,164.5,33,1,1,False,,,,,
329,164.5,34,1,1,False,,,,,
329,164.5,35,1,1,False,,,,,
329,164.5,36,1,1,False,,,,,
329,164.5,37,1,1,False,,,,,
329,164.5,38,1,1,False,,,,,
329,164.5,39,1,1,False,,,,,
330,165.0,0,1,1,False,,,,,
330,165.0,1,1,1,False,,,,,
330,165.0,2,1,1,False,,,,,
330,165.0,3,1,1,False,,,,,
330,165.0,4,1,1,False,,,,,
330,165.0,5,1,1,False,,,,,
330,165.0,6,1,1,False,,,,,
330,165.0,7,1,1,False,,,,,
330,165.0,8,1,1,False,,,,,
330,165.0,9,1,1,False,,,,,
330,165.0,10,1,1,False,,,,,
330,165.0,11,1,1,False,,,,,
330,165.0,12,1,1,False,,,,,
330,165.0,13,1,1,False,,,,,
330,165.0,14,1,1,False,,,,,
330,165.0,15,1,1,False,,,,,
330,165.0,16,1,1,False,,,,,
330,165.0,17,1,1,False,,,,,
330,165.0,18,1,1,False,,,,,
330,165.0,19,1,1,False,,,,,
330,165.0,20,1,1,False,,,,,
330,165.0,21,1,1,False,,,,,
330,165.0,22,1,1,False,,,,,
330,165.0,23,1,1,False,,,,,
330,165.0,24,1,1,False,,,,,
330,165.0,25,1,1,False,,,,,
330,165.0,26,1,1,False,,,,,
330,165.0,27,1,1,False,,,,,
330,165.0,28,1,1,False,,,,,
330,165.0,29,1,1,False,,,,,
330,165.0,30,1,1,False,,,,,
330,165.0,31,1,1,False,,,,,
330,165.0,32,1,1,False,,,,,
330,165.0,33,1,1,False,,,,,
330,165.0,34,1,1,False,,,,,
330,165.0,35,1,1,False,,,,,
330,165.0,36,1,1,False,,,,,
330,165.0,37,1,1,False,,,,,
330,165.0,38,1,1,False,,,,,
330,165.0,39,1,1,False,,,,,
331,165.5,0,1,1,False,,,,,
331,165.5,1,1,1,False,,,,,
331,165.5,2,1,1,False,,,,,
331,165.5,3,1,1,False,,,,,
331,165.5,4,1,1,False,,,,,
331,165.5,5,1,1,False,,,,,
331,165.5,6,1,1,False,,,,,
331,165.5,7,1,1,False,,,,,
331,165.5,8,1,1,False,,,,,
331,165.5,9,1,1,False,,,,,
331,165.5,10,1,1,False,,,,,
331,165.5,11,1,1,False,,,,,
331,165.5,12,1,1,False,,,,,
331,165.5,13,1,1,False,,,,,
331,165.5,14,1,1,False,,,,,
331,165.5,15,1,1,False,,,,,
331,165.5,16,1,1,False,,,,,
331,165.5,17,1,1,False,,,,,
331,165.5,18,1,1,False,,,,,
331,165.5,19,1,1,False,,,,,
331,165.5,20,1,1,False,,,,,
331,165.5,21,1,1,False,,,,,
331,165.5,22,1,1,False,,,,,
331,165.5,23,1,1,False,,,,,
331,165.5,24,1,1,False,,,,,
331,165.5,25,1,1,False,,,,,
331,165.5,26,1,1,False,,,,,
331,165.5,27,1,1,False,,,,,
331,165.5,28,1,1,False,,,,,
331,165.5,29,1,1,False,,,,,
331,165.5,30,1,1,False,,,,,
331,165.5,31,1,1,False,,,,,
331,165.5,32,1,1,False,,,,,
331,165.5,33,1,1,False,,,,,
331,165.5,34,1,1,False,,,,,
331,165.5,35,1,1,False,,,,,
331,165.5,36,1,1,False,,,,,
331,165.5,37,1,1,False,,,,,
331,165.5,38,1,1,False,,,,,
331,165.5,39,1,1,False,,,,,
332,166.0,0,1,1,False,,,,,
332,166.0,1,1,1,False,,,,,
332,166.0,2,1,1,False,,,,,
332,166.0,3,1,1,False,,,,,
332,166.0,4,1,1,False,,,,,
332,166.0,5,1,1,False,,,,,
332,166.0,6,1,1,False,,,,,
332,166.0,7,1,1,False,,,,,
332,166.0,8,1,1,False,,,,,
332,166.0,9,1,1,False,,,,,
332,166.0,10,1,1,False,,,,,
332,166.0,11,1,1,False,,,,,
332,166.0,12,1,1,False,,,,,
332,166.0,13,1,1,False,,,,,
332,166.0,14,1,1,False,,,,,
332,166.0,15,1,1,False,,,,,
332,166.0,16,1,1,False,,,,,
332,166.0,17,1,1,False,,,,,
332,166.0,18,1,1,False,,,,,
332,166.0,19,1,1,False,,,,,
332,166.0,20,1,1,False,,,,,
332,166.0,21,1,1,False,,,,,
332,166.0,22,1,1,False,,,,,
332,166.0,23,1,1,False,,,,,
332,166.0,24,1,1,False,,,,,
332,166.0,25,1,1,False,,,,,
332,166.0,26,1,1,False,,,,,
332,166.0,27,1,1,False,,,,,
332,166.0,28,1,1,False,,,,,
332,166.0,29,1,1,False,,,,,
332,166.0,30,1,1,False,,,,,
332,166.0,31,1,1,False,,,,,
332,166.0,32,1,1,False,,,,,
332,166.0,33,1,1,False,,,,,
332,166.0,34,1,1,False,,,,,
332,166.0,35,1,1,False,,,,,
332,166.0,36,1,1,False,,,,,
332,166.0,37,1,1,False,,,,,
332,166.0,38,1,1,False,,,,,
332,166.0,39,1,1,False,,,,,
333,166.5,0,1,1,False,,,,,
333,166.5,1,1,1,False,,,,,
333,166.5,2,1,1,False,,,,,
333,166.5,3,1,1,False,,,,,
333,166.5,4,1,1,False,,,,,
333,166.5,5,1,1,False,,,,,
333,166.5,6,1,1,False,,,,,
333,166.5,7,1,1,False,,,,,
333,166.5,8,1,1,False,,,,,
333,166.5,9,1,1,False,,,,,
333,166.5,10,1,1,False,,,,,
333,166.5,11,1,1,False,,,,,
333,166.5,12,1,1,False,,,,,
333,166.5,13,1,1,False,,,,,
333,166.5,14,1,1,False,,,,,
333,166.5,15,1,1,False,,,,,
333,166.5,16,1,1,False,,,,,
333,166.5,17,1,1,False,,,,,
333,166.5,18,1,1,False,,,,,
333,166.5,19,1,1,False,,,,,
333,166.5,20,1,1,False,,,,,
333,166.5,21,1,1,False,,,,,
333,166.5,22,1,1,False,,,,,
333,166.5,23,1,1,False,,,,,
333,166.5,24,1,1,False,,,,,
333,166.5,25,1,1,False,,,,,
333,166.5,26,1,1,False,,,,,
333,166.5,27,1,1,False,,,,,
333,166.5,28,1,1,False,,,,,
333,166.5,29,1,1,False,,,,,
333,166.5,30,1,1,False,,,,,
333,166.5,31,1,1,False,,,,,
333,166.5,32,1,1,False,,,,,
333,166.5,33,1,1,False,,,,,
333,166.5,34,1,1,False,,,,,
333,166.5,35,1,1,False,,,,,
333,166.5,36,1,1,False,,,,,
333,166.5,37,1,1,False,,,,,
333,166.5,38,1,1,False,,,,,
333,166.5,39,1,1,False,,,,,
334,167.0,0,1,1,False,,,,,
334,167.0,1,1,1,False,,,,,
334,167.0,2,1,1,False,,,,,
334,167.0,3,1,1,False,,,,,
334,167.0,4,1,1,False,,,,,
334,167.0,5,1,1,False,,,,,
334,167.0,6,1,1,False,,,,,
334,167.0,7,1,1,False,,,,,
334,167.0,8,1,1,False,,,,,
334,167.0,9,1,1,False,,,,,
334,167.0,10,1,1,False,,,,,
334,167.0,11,1,1,False,,,,,
334,167.0,12,1,1,False,,,,,
334,167.0,13,1,1,False,,,,,
334,167.0,14,1,1,False,,,,,
334,167.0,15,1,1,False,,,,,
334,167.0,16,1,1,False,,,,,
334,167.0,17,1,1,False,,,,,
334,167.0,18,1,1,False,,,,,
334,167.0,19,1,1,False,,,,,
334,167.0,20,1,1,False,,,,,
334,167.0,21,1,1,False,,,,,
334,167.0,22,1,1,False,,,,,
334,167.0,23,1,1,False,,,,,
334,167.0,24,1,1,False,,,,,
334,167.0,25,1,1,False,,,,,
334,167.0,26,1,1,False,,,,,
334,167.0,27,1,1,False,,,,,
334,167.0,28,1,1,False,,,,,
334,167.0,29,1,1,False,,,,,
334,167.0,30,1,1,False,,,,,
334,167.0,31,1,1,False,,,,,
334,167.0,32,1,1,False,,,,,
334,167.0,33,1,1,False,,,,,
334,167.0,34,1,1,False,,,,,
334,167.0,35,1,1,False,,,,,
334,167.0,36,1,1,False,,,,,
334,167.0,37,1,1,False,,,,,
334,167.0,38,1,1,False,,,,,
334,167.0,39,1,1,False,,,,,
335,167.5,0,1,1,False,,,,,
335,167.5,1,1,1,False,,,,,
335,167.5,2,1,1,False,,,,,
335,167.5,3,1,1,False,,,,,
335,167.5,4,1,1,False,,,,,
335,167.5,5,1,1,False,,,,,
335,167.5,6,1,1,False,,,,,
335,167.5,7,1,1,False,,,,,
335,167.5,8,1,1,False,,,,,
335,167.5,9,1,1,False,,,,,
335,167.5,10,1,1,False,,,,,
335,167.5,11,1,1,False,,,,,
335,167.5,12,1,1,False,,,,,
335,167.5,13,1,1,False,,,,,
335,167.5,14,1,1,False,,,,,
335,167.5,15,1,1,False,,,,,
335,167.5,16,1,1,False,,,,,
335,167.5,17,1,1,False,,,,,
335,167.5,18,1,1,False,,,,,
335,167.5,19,1,1,False,,,,,
335,167.5,20,1,1,False,,,,,
335,167.5,21,1,1,False,,,,,
335,167.5,22,1,1,False,,,,,
335,167.5,23,1,1,False,,,,,
335,167.5,24,1,1,False,,,,,
335,167.5,25,1,1,False,,,,,
335,167.5,26,1,1,False,,,,,
335,167.5,27,1,1,False,,,,,
335,167.5,28,1,1,False,,,,,
335,167.5,29,1,1,False,,,,,
335,167.5,30,1,1,False,,,,,
335,167.5,31,1,1,False,,,,,
335,167.5,32,1,1,False,,,,,
335,167.5,33,1,1,False,,,,,
335,167.5,34,1,1,False,,,,,
335,167.5,35,1,1,False,,,,,
335,167.5,36,1,1,False,,,,,
335,167.5,37,1,1,False,,,,,
335,167.5,38,1,1,False,,,,,
335,167.5,39,1,1,False,,,,,
336,168.0,0,1,1,False,,,,,
336,168.0,1,1,1,False,,,,,
336,168.0,2,1,1,False,,,,,
336,168.0,3,1,1,False,,,,,
336,168.0,4,1,1,False,,,,,
336,168.0,5,1,1,False,,,,,
336,168.0,6,1,1,False,,,,,
336,168.0,7,1,1,False,,,,,
336,168.0,8,1,1,False,,,,,
336,168.0,9,1,1,False,,,,,
336,168.0,10,1,1,False,,,,,
336,168.0,11,1,1,False,,,,,
336,168.0,12,1,1,False,,,,,
336,168.0,13,1,1,False,,,,,
336,168.0,14,1,1,False,,,,,
336,168.0,15,1,1,False,,,,,
336,168.0,16,1,1,False,,,,,
336,168.0,17,1,1,False,,,,,
336,168.0,18,1,1,False,,,,,
336,168.0,19,1,1,False,,,,,
336,168.0,20,1,1,False,,,,,
336,168.0,21,1,1,False,,,,,
336,168.0,22,1,1,False,,,,,
336,168.0,23,1,1,False,,,,,
336,168.0,24,1,1,False,,,,,
336,168.0,25,1,1,False,,,,,
336,168.0,26,1,1,False,,,,,
336,168.0,27,1,1,False,,,,,
336,168.0,28,1,1,False,,,,,
336,168.0,29,1,1,False,,,,,
336,168.0,30,1,1,False,,,,,
336,168.0,31,1,1,False,,,,,
336,168.0,32,1,1,False,,,,,
336,168.0,33,1,1,False,,,,,
336,168.0,34,1,1,False,,,,,
336,168.0,35,1,1,False,,,,,
336,168.0,36,1,1,False,,,,,
336,168.0,37,1,1,False,,,,,
336,168.0,38,1,1,False,,,,,
336,168.0,39,1,1,False,,,,,
337,168.5,0,1,1,False,,,,,
337,168.5,1,1,1,False,,,,,
337,168.5,2,1,1,False,,,,,
337,168.5,3,1,1,False,,,,,
337,168.5,4,1,1,False,,,,,
337,168.5,5,1,1,False,,,,,
337,168.5,6,1,1,False,,,,,
337,168.5,7,1,1,False,,,,,
337,168.5,8,1,1,False,,,,,
337,168.5,9,1,1,False,,,,,
337,168.5,10,1,1,False,,,,,
337,168.5,11,1,1,False,,,,,
337,168.5,12,1,1,False,,,,,
337,168.5,13,1,1,False,,,,,
337,168.5,14,1,1,False,,,,,
337,168.5,15,1,1,False,,,,,
337,168.5,16,1,1,False,,,,,
337,168.5,17,1,1,False,,,,,
337,168.5,18,1,1,False,,,,,
337,168.5,19,1,1,False,,,,,
337,168.5,20,1,1,False,,,,,
337,168.5,21,1,1,False,,,,,
337,168.5,22,1,1,False,,,,,
337,168.5,23,1,1,False,,,,,
337,168.5,24,1,1,False,,,,,
337,168.5,25,1,1,False,,,,,
337,168.5,26,1,1,False,,,,,
337,168.5,27,1,1,False,,,,,
337,168.5,28,1,1,False,,,,,
337,168.5,29,1,1,False,,,,,
337,168.5,30,1,1,False,,,,,
337,168.5,31,1,1,False,,,,,
337,168.5,32,1,1,False,,,,,
337,168.5,33,1,1,False,,,,,
337,168.5,34,1,1,False,,,,,
337,168.5,35,1,1,False,,,,,
337,168.5,36,1,1,False,,,,,
337,168.5,37,1,1,False,,,,,
337,168.5,38,1,1,False,,,,,
337,168.5,39,1,1,False,,,,,
338,169.0,0,1,1,False,,,,,
338,169.0,1,1,1,False,,,,,
338,169.0,2,1,1,False,,,,,
338,169.0,3,1,1,False,,,,,
338,169.0,4,1,1,False,,,,,
338,169.0,5,1,1,False,,,,,
338,169.0,6,1,1,False,,,,,
338,169.0,7,1,1,False,,,,,
338,169.0,8,1,1,False,,,,,
338,169.0,9,1,1,False,,,,,
338,169.0,10,1,1,False,,,,,
338,169.0,11,1,1,False,,,,,
338,169.0,12,1,1,False,,,,,
338,169.0,13,1,1,False,,,,,
338,169.0,14,1,1,False,,,,,
338,169.0,15,1,1,False,,,,,
338,169.0,16,1,1,False,,,,,
338,169.0,17,1,1,False,,,,,
338,169.0,18,1,1,False,,,,,
338,169.0,19,1,1,False,,,,,
338,169.0,20,1,1,False,,,,,
338,169.0,21,1,1,False,,,,,
338,169.0,22,1,1,False,,,,,
338,169.0,23,1,1,False,,,,,
338,169.0,24,1,1,False,,,,,
338,169.0,25,1,1,False,,,,,
338,169.0,26,1,1,False,,,,,
338,169.0,27,1,1,False,,,,,
338,169.0,28,1,1,False,,,,,
338,169.0,29,1,1,False,,,,,
338,169.0,30,1,1,False,,,,,
338,169.0,31,1,1,False,,,,,
338,169.0,32,1,1,False,,,,,
338,169.0,33,1,1,False,,,,,
338,169.0,34,1,1,False,,,,,
338,169.0,35,1,1,False,,,,,
338,169.0,36,1,1,False,,,,,
338,169.0,37,1,1,False,,,,,
338,169.0,38,1,1,False,,,,,
338,169.0,39,1,1,False,,,,,
339,169.5,0,1,1,False,,,,,
339,169.5,1,1,1,False,,,,,
339,169.5,2,1,1,False,,,,,
339,169.5,3,1,1,False,,,,,
339,169.5,4,1,1,False,,,,,
339,169.5,5,1,1,False,,,,,
339,169.5,6,1,1,False,,,,,
339,169.5,7,1,1,False,,,,,
339,169.5,8,1,1,False,,,,,
339,169.5,9,1,1,False,,,,,
339,169.5,10,1,1,False,,,,,
339,169.5,11,1,1,False,,,,,
339,169.5,12,1,1,False,,,,,
339,169.5,13,1,1,False,,,,,
339,169.5,14,1,1,False,,,,,
339,169.5,15,1,1,False,,,,,
339,169.5,16,1,1,False,,,,,
339,169.5,17,1,1,False,,,,,
339,169.5,18,1,1,False,,,,,
339,169.5,19,1,1,False,,,,,
339,169.5,20,1,1,False,,,,,
339,169.5,21,1,1,False,,,,,
339,169.5,22,1,1,False,,,,,
339,169.5,23,1,1,False,,,,,
339,169.5,24,1,1,False,,,,,
339,169.5,25,1,1,False,,,,,
339,169.5,26,1,1,False,,,,,
339,169.5,27,1,1,False,,,,,
339,169.5,28,1,1,False,,,,,
339,169.5,29,1,1,False,,,,,
339,169.5,30,1,1,False,,,,,
339,169.5,31,1,1,False,,,,,
339,169.5,32,1,1,False,,,,,
339,169.5,33,1,1,False,,,,,
339,169.5,34,1,1,False,,,,,
339,169.5,35,1,1,False,,,,,
339,169.5,36,1,1,False,,,,,
339,169.5,37,1,1,False,,,,,
339,169.5,38,1,1,False,,,,,
339,169.5,39,1,1,False,,,,,
340,170.0,0,1,1,False,,,,,
340,170.0,1,1,1,False,,,,,
340,170.0,2,1,1,False,,,,,
340,170.0,3,1,1,False,,,,,
340,170.0,4,1,1,False,,,,,
340,170.0,5,1,1,False,,,,,
340,170.0,6,1,1,False,,,,,
340,170.0,7,1,1,False,,,,,
340,170.0,8,1,1,False,,,,,
340,170.0,9,1,1,False,,,,,
340,170.0,10,1,1,False,,,,,
340,170.0,11,1,1,False,,,,,
340,170.0,12,1,1,False,,,,,
340,170.0,13,1,1,False,,,,,
340,170.0,14,1,1,False,,,,,
340,170.0,15,1,1,False,,,,,
340,170.0,16,1,1,False,,,,,
340,170.0,17,1,1,False,,,,,
340,170.0,18,1,1,False,,,,,
340,170.0,19,1,1,False,,,,,
340,170.0,20,1,1,False,,,,,
340,170.0,21,1,1,False,,,,,
340,170.0,22,1,1,False,,,,,
340,170.0,23,1,1,False,,,,,
340,170.0,24,1,1,False,,,,,
340,170.0,25,1,1,False,,,,,
340,170.0,26,1,1,False,,,,,
340,170.0,27,1,1,False,,,,,
340,170.0,28,1,1,False,,,,,
340,170.0,29,1,1,False,,,,,
340,170.0,30,1,1,False,,,,,
340,170.0,31,1,1,False,,,,,
340,170.0,32,1,1,False,,,,,
340,170.0,33,1,1,False,,,,,
340,170.0,34,1,1,False,,,,,
340,170.0,35,1,1,False,,,,,
340,170.0,36,1,1,False,,,,,
340,170.0,37,1,1,False,,,,,
340,170.0,38,1,1,False,,,,,
340,170.0,39,1,1,False,,,,,
341,170.5,0,1,1,False,,,,,
341,170.5,1,1,1,False,,,,,
341,170.5,2,1,1,False,,,,,
341,170.5,3,1,1,False,,,,,
341,170.5,4,1,1,False,,,,,
341,170.5,5,1,1,False,,,,,
341,170.5,6,1,1,False,,,,,
341,170.5,7,1,1,False,,,,,
341,170.5,8,1,1,False,,,,,
341,170.5,9,1,1,False,,,,,
341,170.5,10,1,1,False,,,,,
341,170.5,11,1,1,False,,,,,
341,170.5,12,1,1,False,,,,,
341,170.5,13,1,1,False,,,,,
341,170.5,14,1,1,False,,,,,
341,170.5,15,1,1,False,,,,,
341,170.5,16,1,1,False,,,,,
341,170.5,17,1,1,False,,,,,
341,170.5,18,1,1,False,,,,,
341,170.5,19,1,1,False,,,,,
341,170.5,20,1,1,False,,,,,
341,170.5,21,1,1,False,,,,,
341,170.5,22,1,1,False,,,,,
341,170.5,23,1,1,False,,,,,
341,170.5,24,1,1,False,,,,,
341,170.5,25,1,1,False,,,,,
341,170.5,26,1,1,False,,,,,
341,170.5,27,1,1,False,,,,,
341,170.5,28,1,1,False,,,,,
341,170.5,29,1,1,False,,,,,
341,170.5,30,1,1,False,,,,,
341,170.5,31,1,1,False,,,,,
341,170.5,32,1,1,False,,,,,
341,170.5,33,1,1,False,,,,,
341,170.5,34,1,1,False,,,,,
341,170.5,35,1,1,False,,,,,
341,170.5,36,1,1,False,,,,,
341,170.5,37,1,1,False,,,,,
341,170.5,38,1,1,False,,,,,
341,170.5,39,1,1,False,,,,,
342,171.0,0,1,1,False,,,,,
342,171.0,1,1,1,False,,,,,
342,171.0,2,1,1,False,,,,,
342,171.0,3,1,1,False,,,,,
342,171.0,4,1,1,False,,,,,
342,171.0,5,1,1,False,,,,,
342,171.0,6,1,1,False,,,,,
342,171.0,7,1,1,False,,,,,
342,171.0,8,1,1,False,,,,,
342,171.0,9,1,1,False,,,,,
342,171.0,10,1,1,False,,,,,
342,171.0,11,1,1,False,,,,,
342,171.0,12,1,1,False,,,,,
342,171.0,13,1,1,False,,,,,
342,171.0,14,1,1,False,,,,,
342,171.0,15,1,1,False,,,,,
342,171.0,16,1,1,False,,,,,
342,171.0,17,1,1,False,,,,,
342,171.0,18,1,1,False,,,,,
342,171.0,19,1,1,False,,,,,
342,171.0,20,1,1,False,,,,,
342,171.0,21,1,1,False,,,,,
342,171.0,22,1,1,False,,,,,
342,171.0,23,1,1,False,,,,,
342,171.0,24,1,1,False,,,,,
342,171.0,25,1,1,False,,,,,
342,171.0,26,1,1,False,,,,,
342,171.0,27,1,1,False,,,,,
342,171.0,28,1,1,False,,,,,
342,171.0,29,1,1,False,,,,,
342,171.0,30,1,1,False,,,,,
342,171.0,31,1,1,False,,,,,
342,171.0,32,1,1,False,,,,,
342,171.0,33,1,1,False,,,,,
342,171.0,34,1,1,False,,,,,
342,171.0,35,1,1,False,,,,,
342,171.0,36,1,1,False,,,,,
342,171.0,37,1,1,False,,,,,
342,171.0,38,1,1,False,,,,,
342,171.0,39,1,1,False,,,,,
343,171.5,0,1,1,False,,,,,
343,171.5,1,1,1,False,,,,,
343,171.5,2,1,1,False,,,,,
343,171.5,3,1,1,False,,,,,
343,171.5,4,1,1,False,,,,,
343,171.5,5,1,1,False,,,,,
343,171.5,6,1,1,False,,,,,
343,171.5,7,1,1,False,,,,,
343,171.5,8,1,1,False,,,,,
343,171.5,9,1,1,False,,,,,
343,171.5,10,1,1,False,,,,,
343,171.5,11,1,1,False,,,,,
343,171.5,12,1,1,False,,,,,
343,171.5,13,1,1,False,,,,,
343,171.5,14,1,1,False,,,,,
343,171.5,15,1,1,False,,,,,
343,171.5,16,1,1,False,,,,,
343,171.5,17,1,1,False,,,,,
343,171.5,18,1,1,False,,,,,
343,171.5,19,1,1,False,,,,,
343,171.5,20,1,1,False,,,,,
343,171.5,21,1,1,False,,,,,
343,171.5,22,1,1,False,,,,,
343,171.5,23,1,1,False,,,,,
343,171.5,24,1,1,False,,,,,
343,171.5,25,1,1,False,,,,,
343,171.5,26,1,1,False,,,,,
343,171.5,27,1,1,False,,,,,
343,171.5,28,1,1,False,,,,,
343,171.5,29,1,1,False,,,,,
343,171.5,30,1,1,False,,,,,
343,171.5,31,1,1,False,,,,,
343,171.5,32,1,1,False,,,,,
343,171.5,33,1,1,False,,,,,
343,171.5,34,1,1,False,,,,,
343,171.5,35,1,1,False,,,,,
343,171.5,36,1,1,False,,,,,
343,171.5,37,1,1,False,,,,,
343,171.5,38,1,1,False,,,,,
343,171.5,39,1,1,False,,,,,
344,172.0,0,1,1,False,,,,,
344,172.0,1,1,1,False,,,,,
344,172.0,2,1,1,False,,,,,
344,172.0,3,1,1,False,,,,,
344,172.0,4,1,1,False,,,,,
344,172.0,5,1,1,False,,,,,
344,172.0,6,1,1,False,,,,,
344,172.0,7,1,1,False,,,,,
344,172.0,8,1,1,False,,,,,
344,172.0,9,1,1,False,,,,,
344,172.0,10,1,1,False,,,,,
344,172.0,11,1,1,False,,,,,
344,172.0,12,1,1,False,,,,,
344,172.0,13,1,1,False,,,,,
344,172.0,14,1,1,False,,,,,
344,172.0,15,1,1,False,,,,,
344,172.0,16,1,1,False,,,,,
344,172.0,17,1,1,False,,,,,
344,172.0,18,1,1,False,,,,,
344,172.0,19,1,1,False,,,,,
344,172.0,20,1,1,False,,,,,
344,172.0,21,1,1,False,,,,,
344,172.0,22,1,1,False,,,,,
344,172.0,23,1,1,False,,,,,
344,172.0,24,1,1,False,,,,,
344,172.0,25,1,1,False,,,,,
344,172.0,26,1,1,False,,,,,
344,172.0,27,1,1,False,,,,,
344,172.0,28,1,1,False,,,,,
344,172.0,29,1,1,False,,,,,
344,172.0,30,1,1,False,,,,,
344,172.0,31,1,1,False,,,,,
344,172.0,32,1,1,False,,,,,
344,172.0,33,1,1,False,,,,,
344,172.0,34,1,1,False,,,,,
344,172.0,35,1,1,False,,,,,
344,172.0,36,1,1,False,,,,,
344,172.0,37,1,1,False,,,,,
344,172.0,38,1,1,False,,,,,
344,172.0,39,1,1,False,,,,,
345,172.5,0,1,1,False,,,,,
345,172.5,1,1,1,False,,,,,
345,172.5,2,1,1,False,,,,,
345,172.5,3,1,1,False,,,,,
345,172.5,4,1,1,False,,,,,
345,172.5,5,1,1,False,,,,,
345,172.5,6,1,1,False,,,,,
345,172.5,7,1,1,False,,,,,
345,172.5,8,1,1,False,,,,,
345,172.5,9,1,1,False,,,,,
345,172.5,10,1,1,False,,,,,
345,172.5,11,1,1,False,,,,,
345,172.5,12,1,1,False,,,,,
345,172.5,13,1,1,False,,,,,
345,172.5,14,1,1,False,,,,,
345,172.5,15,1,1,False,,,,,
345,172.5,16,1,1,False,,,,,
345,172.5,17,1,1,False,,,,,
345,172.5,18,1,1,False,,,,,
345,172.5,19,1,1,False,,,,,
345,172.5,20,1,1,False,,,,,
345,172.5,21,1,1,False,,,,,
345,172.5,22,1,1,False,,,,,
345,172.5,23,1,1,False,,,,,
345,172.5,24,1,1,False,,,,,
345,172.5,25,1,1,False,,,,,
345,172.5,26,1,1,False,,,,,
345,172.5,27,1,1,False,,,,,
345,172.5,28,1,1,False,,,,,
345,172.5,29,1,1,False,,,,,
345,172.5,30,1,1,False,,,,,
345,172.5,31,1,1,False,,,,,
345,172.5,32,1,1,False,,,,,
345,172.5,33,1,1,False,,,,,
345,172.5,34,1,1,False,,,,,
345,172.5,35,1,1,False,,,,,
345,172.5,36,1,1,False,,,,,
345,172.5,37,1,1,False,,,,,
345,172.5,38,1,1,False,,,,,
345,172.5,39,1,1,False,,,,,
346,173.0,0,1,1,False,,,,,
346,173.0,1,1,1,False,,,,,
346,173.0,2,1,1,False,,,,,
346,173.0,3,1,1,False,,,,,
346,173.0,4,1,1,False,,,,,
346,173.0,5,1,1,False,,,,,
346,173.0,6,1,1,False,,,,,
346,173.0,7,1,1,False,,,,,
346,173.0,8,1,1,False,,,,,
346,173.0,9,1,1,False,,,,,
346,173.0,10,1,1,False,,,,,
346,173.0,11,1,1,False,,,,,
346,173.0,12,1,1,False,,,,,
346,173.0,13,1,1,False,,,,,
346,173.0,14,1,1,False,,,,,
346,173.0,15,1,1,False,,,,,
346,173.0,16,1,1,False,,,,,
346,173.0,17,1,1,False,,,,,
346,173.0,18,1,1,False,,,,,
346,173.0,19,1,1,False,,,,,
346,173.0,20,1,1,False,,,,,
346,173.0,21,1,1,False,,,,,
346,173.0,22,1,1,False,,,,,
346,173.0,23,1,1,False,,,,,
346,173.0,24,1,1,False,,,,,
346,173.0,25,1,1,False,,,,,
346,173.0,26,1,1,False,,,,,
346,173.0,27,1,1,False,,,,,
346,173.0,28,1,1,False,,,,,
346,173.0,29,1,1,False,,,,,
346,173.0,30,1,1,False,,,,,
346,173.0,31,1,1,False,,,,,
346,173.0,32,1,1,False,,,,,
346,173.0,33,1,1,False,,,,,
346,173.0,34,1,1,False,,,,,
346,173.0,35,1,1,False,,,,,
346,173.0,36,1,1,False,,,,,
346,173.0,37,1,1,False,,,,,
346,173.0,38,1,1,False,,,,,
346,173.0,39,1,1,False,,,,,
347,173.5,0,1,1,False,,,,,
347,173.5,1,1,1,False,,,,,
347,173.5,2,1,1,False,,,,,
347,173.5,3,1,1,False,,,,,
347,173.5,4,1,1,False,,,,,
347,173.5,5,1,1,False,,,,,
347,173.5,6,1,1,False,,,,,
347,173.5,7,1,1,False,,,,,
347,173.5,8,1,1,False,,,,,
347,173.5,9,1,1,False,,,,,
347,173.5,10,1,1,False,,,,,
347,173.5,11,1,1,False,,,,,
347,173.5,12,1,1,False,,,,,
347,173.5,13,1,1,False,,,,,
347,173.5,14,1,1,False,,,,,
347,173.5,15,1,1,False,,,,,
347,173.5,16,1,1,False,,,,,
347,173.5,17,1,1,False,,,,,
347,173.5,18,1,1,False,,,,,
347,173.5,19,1,1,False,,,,,
347,173.5,20,1,1,False,,,,,
347,173.5,21,1,1,False,,,,,
347,173.5,22,1,1,False,,,,,
347,173.5,23,1,1,False,,,,,
347,173.5,24,1,1,False,,,,,
347,173.5,25,1,1,False,,,,,
347,173.5,26,1,1,False,,,,,
347,173.5,27,1,1,False,,,,,
347,173.5,28,1,1,False,,,,,
347,173.5,29,1,1,False,,,,,
347,173.5,30,1,1,False,,,,,
347,173.5,31,1,1,False,,,,,
347,173.5,32,1,1,False,,,,,
347,173.5,33,1,1,False,,,,,
347,173.5,34,1,1,False,,,,,
347,173.5,35,1,1,False,,,,,
347,173.5,36,1,1,False,,,,,
347,173.5,37,1,1,False,,,,,
347,173.5,38,1,1,False,,,,,
347,173.5,39,1,1,False,,,,,
348,174.0,0,1,1,False,,,,,
348,174.0,1,1,1,False,,,,,
348,174.0,2,1,1,False,,,,,
348,174.0,3,1,1,False,,,,,
348,174.0,4,1,1,False,,,,,
348,174.0,5,1,1,False,,,,,
348,174.0,6,1,1,False,,,,,
348,174.0,7,1,1,False,,,,,
348,174.0,8,1,1,False,,,,,
348,174.0,9,1,1,False,,,,,
348,174.0,10,1,1,False,,,,,
348,174.0,11,1,1,False,,,,,
348,174.0,12,1,1,False,,,,,
348,174.0,13,1,1,False,,,,,
348,174.0,14,1,1,False,,,,,
348,174.0,15,1,1,False,,,,,
348,174.0,16,1,1,False,,,,,
348,174.0,17,1,1,False,,,,,
348,174.0,18,1,1,False,,,,,
348,174.0,19,1,1,False,,,,,
348,174.0,20,1,1,False,,,,,
348,174.0,21,1,1,False,,,,,
348,174.0,22,1,1,False,,,,,
348,174.0,23,1,1,False,,,,,
348,174.0,24,1,1,False,,,,,
348,174.0,25,1,1,False,,,,,
348,174.0,26,1,1,False,,,,,
348,174.0,27,1,1,False,,,,,
348,174.0,28,1,1,False,,,,,
348,174.0,29,1,1,False,,,,,
348,174.0,30,1,1,False,,,,,
348,174.0,31,1,1,False,,,,,
348,174.0,32,1,1,False,,,,,
348,174.0,33,1,1,False,,,,,
348,174.0,34,1,1,False,,,,,
348,174.0,35,1,1,False,,,,,
348,174.0,36,1,1,False,,,,,
348,174.0,37,1,1,False,,,,,
348,174.0,38,1,1,False,,,,,
348,174.0,39,1,1,False,,,,,
349,174.5,0,1,1,False,,,,,
349,174.5,1,1,1,False,,,,,
349,174.5,2,1,1,False,,,,,
349,174.5,3,1,1,False,,,,,
349,174.5,4,1,1,False,,,,,
349,174.5,5,1,1,False,,,,,
349,174.5,6,1,1,False,,,,,
349,174.5,7,1,1,False,,,,,
349,174.5,8,1,1,False,,,,,
349,174.5,9,1,1,False,,,,,
349,174.5,10,1,1,False,,,,,
349,174.5,11,1,1,False,,,,,
349,174.5,12,1,1,False,,,,,
349,174.5,13,1,1,False,,,,,
349,174.5,14,1,1,False,,,,,
349,174.5,15,1,1,False,,,,,
349,174.5,16,1,1,False,,,,,
349,174.5,17,1,1,False,,,,,
349,174.5,18,1,1,False,,,,,
349,174.5,19,1,1,False,,,,,
349,174.5,20,1,1,False,,,,,
349,174.5,21,1,1,False,,,,,
349,174.5,22,1,1,False,,,,,
349,174.5,23,1,1,False,,,,,
349,174.5,24,1,1,False,,,,,
349,174.5,25,1,1,False,,,,,
349,174.5,26,1,1,False,,,,,
349,174.5,27,1,1,False,,,,,
349,174.5,28,1,1,False,,,,,
349,174.5,29,1,1,False,,,,,
349,174.5,30,1,1,False,,,,,
349,174.5,31,1,1,False,,,,,
349,174.5,32,1,1,False,,,,,
349,174.5,33,1,1,False,,,,,
349,174.5,34,1,1,False,,,,,
349,174.5,35,1,1,False,,,,,
349,174.5,36,1,1,False,,,,,
349,174.5,37,1,1,False,,,,,
349,174.5,38,1,1,False,,,,,
349,174.5,39,1,1,False,,,,,
350,175.0,0,1,1,False,,,,,
350,175.0,1,1,1,False,,,,,
350,175.0,2,1,1,False,,,,,
350,175.0,3,1,1,False,,,,,
350,175.0,4,1,1,False,,,,,
350,175.0,5,1,1,False,,,,,
350,175.0,6,1,1,False,,,,,
350,175.0,7,1,1,False,,,,,
350,175.0,8,1,1,False,,,,,
350,175.0,9,1,1,False,,,,,
350,175.0,10,1,1,False,,,,,
350,175.0,11,1,1,False,,,,,
350,175.0,12,1,1,False,,,,,
350,175.0,13,1,1,False,,,,,
350,175.0,14,1,1,False,,,,,
350,175.0,15,1,1,False,,,,,
350,175.0,16,1,1,False,,,,,
350,175.0,17,1,1,False,,,,,
350,175.0,18,1,1,False,,,,,
350,175.0,19,1,1,False,,,,,
350,175.0,20,1,1,False,,,,,
350,175.0,21,1,1,False,,,,,
350,175.0,22,1,1,False,,,,,
350,175.0,23,1,1,False,,,,,
350,175.0,24,1,1,False,,,,,
350,175.0,25,1,1,False,,,,,
350,175.0,26,1,1,False,,,,,
350,175.0,27,1,1,False,,,,,
350,175.0,28,1,1,False,,,,,
350,175.0,29,1,1,False,,,,,
350,175.0,30,1,1,False,,,,,
350,175.0,31,1,1,False,,,,,
350,175.0,32,1,1,False,,,,,
350,175.0,33,1,1,False,,,,,
350,175.0,34,1,1,False,,,,,
350,175.0,35,1,1,False,,,,,
350,175.0,36,1,1,False,,,,,
350,175.0,37,1,1,False,,,,,
350,175.0,38,1,1,False,,,,,
350,175.0,39,1,1,False,,,,,
351,175.5,0,1,1,False,,,,,
351,175.5,1,1,1,False,,,,,
351,175.5,2,1,1,False,,,,,
351,175.5,3,1,1,False,,,,,
351,175.5,4,1,1,False,,,,,
351,175.5,5,1,1,False,,,,,
351,175.5,6,1,1,False,,,,,
351,175.5,7,1,1,False,,,,,
351,175.5,8,1,1,False,,,,,
351,175.5,9,1,1,False,,,,,
351,175.5,10,1,1,False,,,,,
351,175.5,11,1,1,False,,,,,
351,175.5,12,1,1,False,,,,,
351,175.5,13,1,1,False,,,,,
351,175.5,14,1,1,False,,,,,
351,175.5,15,1,1,False,,,,,
351,175.5,16,1,1,False,,,,,
351,175.5,17,1,1,False,,,,,
351,175.5,18,1,1,False,,,,,
351,175.5,19,1,1,False,,,,,
351,175.5,20,1,1,False,,,,,
351,175.5,21,1,1,False,,,,,
351,175.5,22,1,1,False,,,,,
351,175.5,23,1,1,False,,,,,
351,175.5,24,1,1,False,,,,,
351,175.5,25,1,1,False,,,,,
351,175.5,26,1,1,False,,,,,
351,175.5,27,1,1,False,,,,,
351,175.5,28,1,1,False,,,,,
351,175.5,29,1,1,False,,,,,
351,175.5,30,1,1,False,,,,,
351,175.5,31,1,1,False,,,,,
351,175.5,32,1,1,False,,,,,
351,175.5,33,1,1,False,,,,,
351,175.5,34,1,1,False,,,,,
351,175.5,35,1,1,False,,,,,
351,175.5,36,1,1,False,,,,,
351,175.5,37,1,1,False,,,,,
351,175.5,38,1,1,False,,,,,
351,175.5,39,1,1,False,,,,,
352,176.0,0,1,1,False,,,,,
352,176.0,1,1,1,False,,,,,
352,176.0,2,1,1,False,,,,,
352,176.0,3,1,1,False,,,,,
352,176.0,4,1,1,False,,,,,
352,176.0,5,1,1,False,,,,,
352,176.0,6,1,1,False,,,,,
352,176.0,7,1,1,False,,,,,
352,176.0,8,1,1,False,,,,,
352,176.0,9,1,1,False,,,,,
352,176.0,10,1,1,False,,,,,
352,176.0,11,1,1,False,,,,,
352,176.0,12,1,1,False,,,,,
352,176.0,13,1,1,False,,,,,
352,176.0,14,1,1,False,,,,,
352,176.0,15,1,1,False,,,,,
352,176.0,16,1,1,False,,,,,
352,176.0,17,1,1,False,,,,,
352,176.0,18,1,1,False,,,,,
352,176.0,19,1,1,False,,,,,
352,176.0,20,1,1,False,,,,,
352,176.0,21,1,1,False,,,,,
352,176.0,22,1,1,False,,,,,
352,176.0,23,1,1,False,,,,,
352,176.0,24,1,1,False,,,,,
352,176.0,25,1,1,False,,,,,
352,176.0,26,1,1,False,,,,,
352,176.0,27,1,1,False,,,,,
352,176.0,28,1,1,False,,,,,
352,176.0,29,1,1,False,,,,,
352,176.0,30,1,1,False,,,,,
352,176.0,31,1,1,False,,,,,
352,176.0,32,1,1,False,,,,,
352,176.0,33,1,1,False,,,,,
352,176.0,34,1,1,False,,,,,
352,176.0,35,1,1,False,,,,,
352,176.0,36,1,1,False,,,,,
352,176.0,37,1,1,False,,,,,
352,176.0,38,1,1,False,,,,,
352,176.0,39,1,1,False,,,,,
353,176.5,0,1,1,False,,,,,
353,176.5,1,1,1,False,,,,,
353,176.5,2,1,1,False,,,,,
353,176.5,3,1,1,False,,,,,
353,176.5,4,1,1,False,,,,,
353,176.5,5,1,1,False,,,,,
353,176.5,6,1,1,False,,,,,
353,176.5,7,1,1,False,,,,,
353,176.5,8,1,1,False,,,,,
353,176.5,9,1,1,False,,,,,
353,176.5,10,1,1,False,,,,,
353,176.5,11,1,1,False,,,,,
353,176.5,12,1,1,False,,,,,
353,176.5,13,1,1,False,,,,,
353,176.5,14,1,1,False,,,,,
353,176.5,15,1,1,False,,,,,
353,176.5,16,1,1,False,,,,,
353,176.5,17,1,1,False,,,,,
353,176.5,18,1,1,False,,,,,
353,176.5,19,1,1,False,,,,,
353,176.5,20,1,1,False,,,,,
353,176.5,21,1,1,False,,,,,
353,176.5,22,1,1,False,,,,,
353,176.5,23,1,1,False,,,,,
353,176.5,24,1,1,False,,,,,
353,176.5,25,1,1,False,,,,,
353,176.5,26,1,1,False,,,,,
353,176.5,27,1,1,False,,,,,
353,176.5,28,1,1,False,,,,,
353,176.5,29,1,1,False,,,,,
353,176.5,30,1,1,False,,,,,
353,176.5,31,1,1,False,,,,,
353,176.5,32,1,1,False,,,,,
353,176.5,33,1,1,False,,,,,
353,176.5,34,1,1,False,,,,,
353,176.5,35,1,1,False,,,,,
353,176.5,36,1,1,False,,,,,
353,176.5,37,1,1,False,,,,,
353,176.5,38,1,1,False,,,,,
353,176.5,39,1,1,False,,,,,
354,177.0,0,1,1,False,,,,,
354,177.0,1,1,1,False,,,,,
354,177.0,2,1,1,False,,,,,
354,177.0,3,1,1,False,,,,,
354,177.0,4,1,1,False,,,,,
354,177.0,5,1,1,False,,,,,
354,177.0,6,1,1,False,,,,,
354,177.0,7,1,1,False,,,,,
354,177.0,8,1,1,False,,,,,
354,177.0,9,1,1,False,,,,,
354,177.0,10,1,1,False,,,,,
354,177.0,11,1,1,False,,,,,
354,177.0,12,1,1,False,,,,,
354,177.0,13,1,1,False,,,,,
354,177.0,14,1,1,False,,,,,
354,177.0,15,1,1,False,,,,,
354,177.0,16,1,1,False,,,,,
354,177.0,17,1,1,False,,,,,
354,177.0,18,1,1,False,,,,,
354,177.0,19,1,1,False,,,,,
354,177.0,20,1,1,False,,,,,
354,177.0,21,1,1,False,,,,,
354,177.0,22,1,1,False,,,,,
354,177.0,23,1,1,False,,,,,
354,177.0,24,1,1,False,,,,,
354,177.0,25,1,1,False,,,,,
354,177.0,26,1,1,False,,,,,
354,177.0,27,1,1,False,,,,,
354,177.0,28,1,1,False,,,,,
354,177.0,29,1,1,False,,,,,
354,177.0,30,1,1,False,,,,,
354,177.0,31,1,1,False,,,,,
354,177.0,32,1,1,False,,,,,
354,177.0,33,1,1,False,,,,,
354,177.0,34,1,1,False,,,,,
354,177.0,35,1,1,False,,,,,
354,177.0,36,1,1,False,,,,,
354,177.0,37,1,1,False,,,,,
354,177.0,38,1,1,False,,,,,
354,177.0,39,1,1,False,,,,,
355,177.5,0,1,1,False,,,,,
355,177.5,1,1,1,False,,,,,
355,177.5,2,1,1,False,,,,,
355,177.5,3,1,1,False,,,,,
355,177.5,4,1,1,False,,,,,
355,177.5,5,1,1,False,,,,,
355,177.5,6,1,1,False,,,,,
355,177.5,7,1,1,False,,,,,
355,177.5,8,1,1,False,,,,,
355,177.5,9,1,1,False,,,,,
355,177.5,10,1,1,False,,,,,
355,177.5,11,1,1,False,,,,,
355,177.5,12,1,1,False,,,,,
355,177.5,13,1,1,False,,,,,
355,177.5,14,1,1,False,,,,,
355,177.5,15,1,1,False,,,,,
355,177.5,16,1,1,False,,,,,
355,177.5,17,1,1,False,,,,,
355,177.5,18,1,1,False,,,,,
355,177.5,19,1,1,False,,,,,
355,177.5,20,1,1,False,,,,,
355,177.5,21,1,1,False,,,,,
355,177.5,22,1,1,False,,,,,
355,177.5,23,1,1,False,,,,,
355,177.5,24,1,1,False,,,,,
355,177.5,25,1,1,False,,,,,
355,177.5,26,1,1,False,,,,,
355,177.5,27,1,1,False,,,,,
355,177.5,28,1,1,False,,,,,
355,177.5,29,1,1,False,,,,,
355,177.5,30,1,1,False,,,,,
355,177.5,31,1,1,False,,,,,
355,177.5,32,1,1,False,,,,,
355,177.5,33,1,1,False,,,,,
355,177.5,34,1,1,False,,,,,
355,177.5,35,1,1,False,,,,,
355,177.5,36,1,1,False,,,,,
355,177.5,37,1,1,False,,,,,
355,177.5,38,1,1,False,,,,,
355,177.5,39,1,1,False,,,,,
356,178.0,0,1,1,False,,,,,
356,178.0,1,1,1,False,,,,,
356,178.0,2,1,1,False,,,,,
356,178.0,3,1,1,False,,,,,
356,178.0,4,1,1,False,,,,,
356,178.0,5,1,1,False,,,,,
356,178.0,6,1,1,False,,,,,
356,178.0,7,1,1,False,,,,,
356,178.0,8,1,1,False,,,,,
356,178.0,9,1,1,False,,,,,
356,178.0,10,1,1,False,,,,,
356,178.0,11,1,1,False,,,,,
356,178.0,12,1,1,False,,,,,
356,178.0,13,1,1,False,,,,,
356,178.0,14,1,1,False,,,,,
356,178.0,15,1,1,False,,,,,
356,178.0,16,1,1,False,,,,,
356,178.0,17,1,1,False,,,,,
356,178.0,18,1,1,False,,,,,
356,178.0,19,1,1,False,,,,,
356,178.0,20,1,1,False,,,,,
356,178.0,21,1,1,False,,,,,
356,178.0,22,1,1,False,,,,,
356,178.0,23,1,1,False,,,,,
356,178.0,24,1,1,False,,,,,
356,178.0,25,1,1,False,,,,,
356,178.0,26,1,1,False,,,,,
356,178.0,27,1,1,False,,,,,
356,178.0,28,1,1,False,,,,,
356,178.0,29,1,1,False,,,,,
356,178.0,30,1,1,False,,,,,
356,178.0,31,1,1,False,,,,,
356,178.0,32,1,1,False,,,,,
356,178.0,33,1,1,False,,,,,
356,178.0,34,1,1,False,,,,,
356,178.0,35,1,1,False,,,,,
356,178.0,36,1,1,False,,,,,
356,178.0,37,1,1,False,,,,,
356,178.0,38,1,1,False,,,,,
356,178.0,39,1,1,False,,,,,
357,178.5,0,1,1,False,,,,,
357,178.5,1,1,1,False,,,,,
357,178.5,2,1,1,False,,,,,
357,178.5,3,1,1,False,,,,,
357,178.5,4,1,1,False,,,,,
357,178.5,5,1,1,False,,,,,
357,178.5,6,1,1,False,,,,,
357,178.5,7,1,1,False,,,,,
357,178.5,8,1,1,False,,,,,
357,178.5,9,1,1,False,,,,,
357,178.5,10,1,1,False,,,,,
357,178.5,11,1,1,False,,,,,
357,178.5,12,1,1,False,,,,,
357,178.5,13,1,1,False,,,,,
357,178.5,14,1,1,False,,,,,
357,178.5,15,1,1,False,,,,,
357,178.5,16,1,1,False,,,,,
357,178.5,17,1,1,False,,,,,
357,178.5,18,1,1,False,,,,,
357,178.5,19,1,1,False,,,,,
357,178.5,20,1,1,False,,,,,
357,178.5,21,1,1,False,,,,,
357,178.5,22,1,1,False,,,,,
357,178.5,23,1,1,False,,,,,
357,178.5,24,1,1,False,,,,,
357,178.5,25,1,1,False,,,,,
357,178.5,26,1,1,False,,,,,
357,178.5,27,1,1,False,,,,,
357,178.5,28,1,1,False,,,,,
357,178.5,29,1,1,False,,,,,
357,178.5,30,1,1,False,,,,,
357,178.5,31,1,1,False,,,,,
357,178.5,32,1,1,False,,,,,
357,178.5,33,1,1,False,,,,,
357,178.5,34,1,1,False,,,,,
357,178.5,35,1,1,False,,,,,
357,178.5,36,1,1,False,,,,,
357,178.5,37,1,1,False,,,,,
357,178.5,38,1,1,False,,,,,
357,178.5,39,1,1,False,,,,,
358,179.0,0,1,1,False,,,,,
358,179.0,1,1,1,False,,,,,
358,179.0,2,1,1,False,,,,,
358,179.0,3,1,1,False,,,,,
358,179.0,4,1,1,False,,,,,
358,179.0,5,1,1,False,,,,,
358,179.0,6,1,1,False,,,,,
358,179.0,7,1,1,False,,,,,
358,179.0,8,1,1,False,,,,,
358,179.0,9,1,1,False,,,,,
358,179.0,10,1,1,False,,,,,
358,179.0,11,1,1,False,,,,,
358,179.0,12,1,1,False,,,,,
358,179.0,13,1,1,False,,,,,
358,179.0,14,1,1,False,,,,,
358,179.0,15,1,1,False,,,,,
358,179.0,16,1,1,False,,,,,
358,179.0,17,1,1,False,,,,,
358,179.0,18,1,1,False,,,,,
358,179.0,19,1,1,False,,,,,
358,179.0,20,1,1,False,,,,,
358,179.0,21,1,1,False,,,,,
358,179.0,22,1,1,False,,,,,
358,179.0,23,1,1,False,,,,,
358,179.0,24,1,1,False,,,,,
358,179.0,25,1,1,False,,,,,
358,179.0,26,1,1,False,,,,,
358,179.0,27,1,1,False,,,,,
358,179.0,28,1,1,False,,,,,
358,179.0,29,1,1,False,,,,,
358,179.0,30,1,1,False,,,,,
358,179.0,31,1,1,False,,,,,
358,179.0,32,1,1,False,,,,,
358,179.0,33,1,1,False,,,,,
358,179.0,34,1,1,False,,,,,
358,179.0,35,1,1,False,,,,,
358,179.0,36,1,1,False,,,,,
358,179.0,37,1,1,False,,,,,
358,179.0,38,1,1,False,,,,,
358,179.0,39,1,1,False,,,,,
359,179.5,0,1,1,False,,,,,
359,179.5,1,1,1,False,,,,,
359,179.5,2,1,1,False,,,,,
359,179.5,3,1,1,False,,,,,
359,179.5,4,1,1,False,,,,,
359,179.5,5,1,1,False,,,,,
359,179.5,6,1,1,False,,,,,
359,179.5,7,1,1,False,,,,,
359,179.5,8,1,1,False,,,,,
359,179.5,9,1,1,False,,,,,
359,179.5,10,1,1,False,,,,,
359,179.5,11,1,1,False,,,,,
359,179.5,12,1,1,False,,,,,
359,179.5,13,1,1,False,,,,,
359,179.5,14,1,1,False,,,,,
359,179.5,15,1,1,False,,,,,
359,179.5,16,1,1,False,,,,,
359,179.5,17,1,1,False,,,,,
359,179.5,18,1,1,False,,,,,
359,179.5,19,1,1,False,,,,,
359,179.5,20,1,1,False,,,,,
359,179.5,21,1,1,False,,,,,
359,179.5,22,1,1,False,,,,,
359,179.5,23,1,1,False,,,,,
359,179.5,24,1,1,False,,,,,
359,179.5,25,1,1,False,,,,,
359,179.5,26,1,1,False,,,,,
359,179.5,27,1,1,False,,,,,
359,179.5,28,1,1,False,,,,,
359,179.5,29,1,1,False,,,,,
359,179.5,30,1,1,False,,,,,
359,179.5,31,1,1,False,,,,,
359,179.5,32,1,1,False,,,,,
359,179.5,33,1,1,False,,,,,
359,179.5,34,1,1,False,,,,,
359,179.5,35,1,1,False,,,,,
359,179.5,36,1,1,False,,,,,
359,179.5,37,1,1,False,,,,,
359,179.5,38,1,1,False,,,,,
359,179.5,39,1,1,False,,,,,
360,180.0,0,1,1,False,,,,,
360,180.0,1,1,1,False,,,,,
360,180.0,2,1,1,False,,,,,
360,180.0,3,1,1,False,,,,,
360,180.0,4,1,1,False,,,,,
360,180.0,5,1,1,False,,,,,
360,180.0,6,1,1,False,,,,,
360,180.0,7,1,1,False,,,,,
360,180.0,8,1,1,False,,,,,
360,180.0,9,1,1,False,,,,,
360,180.0,10,1,1,False,,,,,
360,180.0,11,1,1,False,,,,,
360,180.0,12,1,1,False,,,,,
360,180.0,13,1,1,False,,,,,
360,180.0,14,1,1,False,,,,,
360,180.0,15,1,1,False,,,,,
360,180.0,16,1,1,False,,,,,
360,180.0,17,1,1,False,,,,,
360,180.0,18,1,1,False,,,,,
360,180.0,19,1,1,False,,,,,
360,180.0,20,1,1,False,,,,,
360,180.0,21,1,1,False,,,,,
360,180.0,22,1,1,False,,,,,
360,180.0,23,1,1,False,,,,,
360,180.0,24,1,1,False,,,,,
360,180.0,25,1,1,False,,,,,
360,180.0,26,1,1,False,,,,,
360,180.0,27,1,1,False,,,,,
360,180.0,28,1,1,False,,,,,
360,180.0,29,1,1,False,,,,,
360,180.0,30,1,1,False,,,,,
360,180.0,31,1,1,False,,,,,
360,180.0,32,1,1,False,,,,,
360,180.0,33,1,1,False,,,,,
360,180.0,34,1,1,False,,,,,
360,180.0,35,1,1,False,,,,,
360,180.0,36,1,1,False,,,,,
360,180.0,37,1,1,False,,,,,
360,180.0,38,1,1,False,,,,,
360,180.0,39,1,1,False,,,,,
361,180.5,0,1,1,False,,,,,
361,180.5,1,1,1,False,,,,,
361,180.5,2,1,1,False,,,,,
361,180.5,3,1,1,False,,,,,
361,180.5,4,1,1,False,,,,,
361,180.5,5,1,1,False,,,,,
361,180.5,6,1,1,False,,,,,
361,180.5,7,1,1,False,,,,,
361,180.5,8,1,1,False,,,,,
361,180.5,9,1,1,False,,,,,
361,180.5,10,1,1,False,,,,,
361,180.5,11,1,1,False,,,,,
361,180.5,12,1,1,False,,,,,
361,180.5,13,1,1,False,,,,,
361,180.5,14,1,1,False,,,,,
361,180.5,15,1,1,False,,,,,
361,180.5,16,1,1,False,,,,,
361,180.5,17,1,1,False,,,,,
361,180.5,18,1,1,False,,,,,
361,180.5,19,1,1,False,,,,,
361,180.5,20,1,1,False,,,,,
361,180.5,21,1,1,False,,,,,
361,180.5,22,1,1,False,,,,,
361,180.5,23,1,1,False,,,,,
361,180.5,24,1,1,False,,,,,
361,180.5,25,1,1,False,,,,,
361,180.5,26,1,1,False,,,,,
361,180.5,27,1,1,False,,,,,
361,180.5,28,1,1,False,,,,,
361,180.5,29,1,1,False,,,,,
361,180.5,30,1,1,False,,,,,
361,180.5,31,1,1,False,,,,,
361,180.5,32,1,1,False,,,,,
361,180.5,33,1,1,False,,,,,
361,180.5,34,1,1,False,,,,,
361,180.5,35,1,1,False,,,,,
361,180.5,36,1,1,False,,,,,
361,180.5,37,1,1,False,,,,,
361,180.5,38,1,1,False,,,,,
361,180.5,39,1,1,False,,,,,
362,181.0,0,1,1,False,,,,,
362,181.0,1,1,1,False,,,,,
362,181.0,2,1,1,False,,,,,
362,181.0,3,1,1,False,,,,,
362,181.0,4,1,1,False,,,,,
362,181.0,5,1,1,False,,,,,
362,181.0,6,1,1,False,,,,,
362,181.0,7,1,1,False,,,,,
362,181.0,8,1,1,False,,,,,
362,181.0,9,1,1,False,,,,,
362,181.0,10,1,1,False,,,,,
362,181.0,11,1,1,False,,,,,
362,181.0,12,1,1,False,,,,,
362,181.0,13,1,1,False,,,,,
362,181.0,14,1,1,False,,,,,
362,181.0,15,1,1,False,,,,,
362,181.0,16,1,1,False,,,,,
362,181.0,17,1,1,False,,,,,
362,181.0,18,1,1,False,,,,,
362,181.0,19,1,1,False,,,,,
362,181.0,20,1,1,False,,,,,
362,181.0,21,1,1,False,,,,,
362,181.0,22,1,1,False,,,,,
362,181.0,23,1,1,False,,,,,
362,181.0,24,1,1,False,,,,,
362,181.0,25,1,1,False,,,,,
362,181.0,26,1,1,False,,,,,
362,181.0,27,1,1,False,,,,,
362,181.0,28,1,1,False,,,,,
362,181.0,29,1,1,False,,,,,
362,181.0,30,1,1,False,,,,,
362,181.0,31,1,1,False,,,,,
362,181.0,32,1,1,False,,,,,
362,181.0,33,1,1,False,,,,,
362,181.0,34,1,1,False,,,,,
362,181.0,35,1,1,False,,,,,
362,181.0,36,1,1,False,,,,,
362,181.0,37,1,1,False,,,,,
362,181.0,38,1,1,False,,,,,
362,181.0,39,1,1,False,,,,,
363,181.5,0,1,1,False,,,,,
363,181.5,1,1,1,False,,,,,
363,181.5,2,1,1,False,,,,,
363,181.5,3,1,1,False,,,,,
363,181.5,4,1,1,False,,,,,
363,181.5,5,1,1,False,,,,,
363,181.5,6,1,1,False,,,,,
363,181.5,7,1,1,False,,,,,
363,181.5,8,1,1,False,,,,,
363,181.5,9,1,1,False,,,,,
363,181.5,10,1,1,False,,,,,
363,181.5,11,1,1,False,,,,,
363,181.5,12,1,1,False,,,,,
363,181.5,13,1,1,False,,,,,
363,181.5,14,1,1,False,,,,,
363,181.5,15,1,1,False,,,,,
363,181.5,16,1,1,False,,,,,
363,181.5,17,1,1,False,,,,,
363,181.5,18,1,1,False,,,,,
363,181.5,19,1,1,False,,,,,
363,181.5,20,1,1,False,,,,,
363,181.5,21,1,1,False,,,,,
363,181.5,22,1,1,False,,,,,
363,181.5,23,1,1,False,,,,,
363,181.5,24,1,1,False,,,,,
363,181.5,25,1,1,False,,,,,
363,181.5,26,1,1,False,,,,,
363,181.5,27,1,1,False,,,,,
363,181.5,28,1,1,False,,,,,
363,181.5,29,1,1,False,,,,,
363,181.5,30,1,1,False,,,,,
363,181.5,31,1,1,False,,,,,
363,181.5,32,1,1,False,,,,,
363,181.5,33,1,1,False,,,,,
363,181.5,34,1,1,False,,,,,
363,181.5,35,1,1,False,,,,,
363,181.5,36,1,1,False,,,,,
363,181.5,37,1,1,False,,,,,
363,181.5,38,1,1,False,,,,,
363,181.5,39,1,1,False,,,,,
364,182.0,0,1,1,False,,,,,
364,182.0,1,1,1,False,,,,,
364,182.0,2,1,1,False,,,,,
364,182.0,3,1,1,False,,,,,
364,182.0,4,1,1,False,,,,,
364,182.0,5,1,1,False,,,,,
364,182.0,6,1,1,False,,,,,
364,182.0,7,1,1,False,,,,,
364,182.0,8,1,1,False,,,,,
364,182.0,9,1,1,False,,,,,
364,182.0,10,1,1,False,,,,,
364,182.0,11,1,1,False,,,,,
364,182.0,12,1,1,False,,,,,
364,182.0,13,1,1,False,,,,,
364,182.0,14,1,1,False,,,,,
364,182.0,15,1,1,False,,,,,
364,182.0,16,1,1,False,,,,,
364,182.0,17,1,1,False,,,,,
364,182.0,18,1,1,False,,,,,
364,182.0,19,1,1,False,,,,,
364,182.0,20,1,1,False,,,,,
364,182.0,21,1,1,False,,,,,
364,182.0,22,1,1,False,,,,,
364,182.0,23,1,1,False,,,,,
364,182.0,24,1,1,False,,,,,
364,182.0,25,1,1,False,,,,,
364,182.0,26,1,1,False,,,,,
364,182.0,27,1,1,False,,,,,
364,182.0,28,1,1,False,,,,,
364,182.0,29,1,1,False,,,,,
364,182.0,30,1,1,False,,,,,
364,182.0,31,1,1,False,,,,,
364,182.0,32,1,1,False,,,,,
364,182.0,33,1,1,False,,,,,
364,182.0,34,1,1,False,,,,,
364,182.0,35,1,1,False,,,,,
364,182.0,36,1,1,False,,,,,
364,182.0,37,1,1,False,,,,,
364,182.0,38,1,1,False,,,,,
364,182.0,39,1,1,False,,,,,
365,182.5,0,1,1,False,,,,,
365,182.5,1,1,1,False,,,,,
365,182.5,2,1,1,False,,,,,
365,182.5,3,1,1,False,,,,,
365,182.5,4,1,1,False,,,,,
365,182.5,5,1,1,False,,,,,
365,182.5,6,1,1,False,,,,,
365,182.5,7,1,1,False,,,,,
365,182.5,8,1,1,False,,,,,
365,182.5,9,1,1,False,,,,,
365,182.5,10,1,1,False,,,,,
365,182.5,11,1,1,False,,,,,
365,182.5,12,1,1,False,,,,,
365,182.5,13,1,1,False,,,,,
365,182.5,14,1,1,False,,,,,
365,182.5,15,1,1,False,,,,,
365,182.5,16,1,1,False,,,,,
365,182.5,17,1,1,False,,,,,
365,182.5,18,1,1,False,,,,,
365,182.5,19,1,1,False,,,,,
365,182.5,20,1,1,False,,,,,
365,182.5,21,1,1,False,,,,,
365,182.5,22,1,1,False,,,,,
365,182.5,23,1,1,False,,,,,
365,182.5,24,1,1,False,,,,,
365,182.5,25,1,1,False,,,,,
365,182.5,26,1,1,False,,,,,
365,182.5,27,1,1,False,,,,,
365,182.5,28,1,1,False,,,,,
365,182.5,29,1,1,False,,,,,
365,182.5,30,1,1,False,,,,,
365,182.5,31,1,1,False,,,,,
365,182.5,32,1,1,False,,,,,
365,182.5,33,1,1,False,,,,,
365,182.5,34,1,1,False,,,,,
365,182.5,35,1,1,False,,,,,
365,182.5,36,1,1,False,,,,,
365,182.5,37,1,1,False,,,,,
365,182.5,38,1,1,False,,,,,
365,182.5,39,1,1,False,,,,,
366,183.0,0,1,1,False,,,,,
366,183.0,1,1,1,False,,,,,
366,183.0,2,1,1,False,,,,,
366,183.0,3,1,1,False,,,,,
366,183.0,4,1,1,False,,,,,
366,183.0,5,1,1,False,,,,,
366,183.0,6,1,1,False,,,,,
366,183.0,7,1,1,False,,,,,
366,183.0,8,1,1,False,,,,,
366,183.0,9,1,1,False,,,,,
366,183.0,10,1,1,False,,,,,
366,183.0,11,1,1,False,,,,,
366,183.0,12,1,1,False,,,,,
366,183.0,13,1,1,False,,,,,
366,183.0,14,1,1,False,,,,,
366,183.0,15,1,1,False,,,,,
366,183.0,16,1,1,False,,,,,
366,183.0,17,1,1,False,,,,,
366,183.0,18,1,1,False,,,,,
366,183.0,19,1,1,False,,,,,
366,183.0,20,1,1,False,,,,,
366,183.0,21,1,1,False,,,,,
366,183.0,22,1,1,False,,,,,
366,183.0,23,1,1,False,,,,,
366,183.0,24,1,1,False,,,,,
366,183.0,25,1,1,False,,,,,
366,183.0,26,1,1,False,,,,,
366,183.0,27,1,1,False,,,,,
366,183.0,28,1,1,False,,,,,
366,183.0,29,1,1,False,,,,,
366,183.0,30,1,1,False,,,,,
366,183.0,31,1,1,False,,,,,
366,183.0,32,1,1,False,,,,,
366,183.0,33,1,1,False,,,,,
366,183.0,34,1,1,False,,,,,
366,183.0,35,1,1,False,,,,,
366,183.0,36,1,1,False,,,,,
366,183.0,37,1,1,False,,,,,
366,183.0,38,1,1,False,,,,,
366,183.0,39,1,1,False,,,,,
367,183.5,0,1,1,False,,,,,
367,183.5,1,1,1,False,,,,,
367,183.5,2,1,1,False,,,,,
367,183.5,3,1,1,False,,,,,
367,183.5,4,1,1,False,,,,,
367,183.5,5,1,1,False,,,,,
367,183.5,6,1,1,False,,,,,
367,183.5,7,1,1,False,,,,,
367,183.5,8,1,1,False,,,,,
367,183.5,9,1,1,False,,,,,
367,183.5,10,1,1,False,,,,,
367,183.5,11,1,1,False,,,,,
367,183.5,12,1,1,False,,,,,
367,183.5,13,1,1,False,,,,,
367,183.5,14,1,1,False,,,,,
367,183.5,15,1,1,False,,,,,
367,183.5,16,1,1,False,,,,,
367,183.5,17,1,1,False,,,,,
367,183.5,18,1,1,False,,,,,
367,183.5,19,1,1,False,,,,,
367,183.5,20,1,1,False,,,,,
367,183.5,21,1,1,False,,,,,
367,183.5,22,1,1,False,,,,,
367,183.5,23,1,1,False,,,,,
367,183.5,24,1,1,False,,,,,
367,183.5,25,1,1,False,,,,,
367,183.5,26,1,1,False,,,,,
367,183.5,27,1,1,False,,,,,
367,183.5,28,1,1,False,,,,,
367,183.5,29,1,1,False,,,,,
367,183.5,30,1,1,False,,,,,
367,183.5,31,1,1,False,,,,,
367,183.5,32,1,1,False,,,,,
367,183.5,33,1,1,False,,,,,
367,183.5,34,1,1,False,,,,,
367,183.5,35,1,1,False,,,,,
367,183.5,36,1,1,False,,,,,
367,183.5,37,1,1,False,,,,,
367,183.5,38,1,1,False,,,,,
367,183.5,39,1,1,False,,,,,
368,184.0,0,1,1,False,,,,,
368,184.0,1,1,1,False,,,,,
368,184.0,2,1,1,False,,,,,
368,184.0,3,1,1,False,,,,,
368,184.0,4,1,1,False,,,,,
368,184.0,5,1,1,False,,,,,
368,184.0,6,1,1,False,,,,,
368,184.0,7,1,1,False,,,,,
368,184.0,8,1,1,False,,,,,
368,184.0,9,1,1,False,,,,,
368,184.0,10,1,1,False,,,,,
368,184.0,11,1,1,False,,,,,
368,184.0,12,1,1,False,,,,,
368,184.0,13,1,1,False,,,,,
368,184.0,14,1,1,False,,,,,
368,184.0,15,1,1,False,,,,,
368,184.0,16,1,1,False,,,,,
368,184.0,17,1,1,False,,,,,
368,184.0,18,1,1,False,,,,,
368,184.0,19,1,1,False,,,,,
368,184.0,20,1,1,False,,,,,
368,184.0,21,1,1,False,,,,,
368,184.0,22,1,1,False,,,,,
368,184.0,23,1,1,False,,,,,
368,184.0,24,1,1,False,,,,,
368,184.0,25,1,1,False,,,,,
368,184.0,26,1,1,False,,,,,
368,184.0,27,1,1,False,,,,,
368,184.0,28,1,1,False,,,,,
368,184.0,29,1,1,False,,,,,
368,184.0,30,1,1,False,,,,,
368,184.0,31,1,1,False,,,,,
368,184.0,32,1,1,False,,,,,
368,184.0,33,1,1,False,,,,,
368,184.0,34,1,1,False,,,,,
368,184.0,35,1,1,False,,,,,
368,184.0,36,1,1,False,,,,,
368,184.0,37,1,1,False,,,,,
368,184.0,38,1,1,False,,,,,
368,184.0,39,1,1,False,,,,,
369,184.5,0,1,1,False,,,,,
369,184.5,1,1,1,False,,,,,
369,184.5,2,1,1,False,,,,,
369,184.5,3,1,1,False,,,,,
369,184.5,4,1,1,False,,,,,
369,184.5,5,1,1,False,,,,,
369,184.5,6,1,1,False,,,,,
369,184.5,7,1,1,False,,,,,
369,184.5,8,1,1,False,,,,,
369,184.5,9,1,1,False,,,,,
369,184.5,10,1,1,False,,,,,
369,184.5,11,1,1,False,,,,,
369,184.5,12,1,1,False,,,,,
369,184.5,13,1,1,False,,,,,
369,184.5,14,1,1,False,,,,,
369,184.5,15,1,1,False,,,,,
369,184.5,16,1,1,False,,,,,
369,184.5,17,1,1,False,,,,,
369,184.5,18,1,1,False,,,,,
369,184.5,19,1,1,False,,,,,
369,184.5,20,1,1,False,,,,,
369,184.5,21,1,1,False,,,,,
369,184.5,22,1,1,False,,,,,
369,184.5,23,1,1,False,,,,,
369,184.5,24,1,1,False,,,,,
369,184.5,25,1,1,False,,,,,
369,184.5,26,1,1,False,,,,,
369,184.5,27,1,1,False,,,,,
369,184.5,28,1,1,False,,,,,
369,184.5,29,1,1,False,,,,,
369,184.5,30,1,1,False,,,,,
369,184.5,31,1,1,False,,,,,
369,184.5,32,1,1,False,,,,,
369,184.5,33,1,1,False,,,,,
369,184.5,34,1,1,False,,,,,
369,184.5,35,1,1,False,,,,,
369,184.5,36,1,1,False,,,,,
369,184.5,37,1,1,False,,,,,
369,184.5,38,1,1,False,,,,,
369,184.5,39,1,1,False,,,,,
370,185.0,0,1,1,False,,,,,
370,185.0,1,1,1,False,,,,,
370,185.0,2,1,1,False,,,,,
370,185.0,3,1,1,False,,,,,
370,185.0,4,1,1,False,,,,,
370,185.0,5,1,1,False,,,,,
370,185.0,6,1,1,False,,,,,
370,185.0,7,1,1,False,,,,,
370,185.0,8,1,1,False,,,,,
370,185.0,9,1,1,False,,,,,
370,185.0,10,1,1,False,,,,,
370,185.0,11,1,1,False,,,,,
370,185.0,12,1,1,False,,,,,
370,185.0,13,1,1,False,,,,,
370,185.0,14,1,1,False,,,,,
370,185.0,15,1,1,False,,,,,
370,185.0,16,1,1,False,,,,,
370,185.0,17,1,1,False,,,,,
370,185.0,18,1,1,False,,,,,
370,185.0,19,1,1,False,,,,,
370,185.0,20,1,1,False,,,,,
370,185.0,21,1,1,False,,,,,
370,185.0,22,1,1,False,,,,,
370,185.0,23,1,1,False,,,,,
370,185.0,24,1,1,False,,,,,
370,185.0,25,1,1,False,,,,,
370,185.0,26,1,1,False,,,,,
370,185.0,27,1,1,False,,,,,
370,185.0,28,1,1,False,,,,,
370,185.0,29,1,1,False,,,,,
370,185.0,30,1,1,False,,,,,
370,185.0,31,1,1,False,,,,,
370,185.0,32,1,1,False,,,,,
370,185.0,33,1,1,False,,,,,
370,185.0,34,1,1,False,,,,,
370,185.0,35,1,1,False,,,,,
370,185.0,36,1,1,False,,,,,
370,185.0,37,1,1,False,,,,,
370,185.0,38,1,1,False,,,,,
370,185.0,39,1,1,False,,,,,
371,185.5,0,1,1,False,,,,,
371,185.5,1,1,1,False,,,,,
371,185.5,2,1,1,False,,,,,
371,185.5,3,1,1,False,,,,,
371,185.5,4,1,1,False,,,,,
371,185.5,5,1,1,False,,,,,
371,185.5,6,1,1,False,,,,,
371,185.5,7,1,1,False,,,,,
371,185.5,8,1,1,False,,,,,
371,185.5,9,1,1,False,,,,,
371,185.5,10,1,1,False,,,,,
371,185.5,11,1,1,False,,,,,
371,185.5,12,1,1,False,,,,,
371,185.5,13,1,1,False,,,,,
371,185.5,14,1,1,False,,,,,
371,185.5,15,1,1,False,,,,,
371,185.5,16,1,1,False,,,,,
371,185.5,17,1,1,False,,,,,
371,185.5,18,1,1,False,,,,,
371,185.5,19,1,1,False,,,,,
371,185.5,20,1,1,False,,,,,
371,185.5,21,1,1,False,,,,,
371,185.5,22,1,1,False,,,,,
371,185.5,23,1,1,False,,,,,
371,185.5,24,1,1,False,,,,,
371,185.5,25,1,1,False,,,,,
371,185.5,26,1,1,False,,,,,
371,185.5,27,1,1,False,,,,,
371,185.5,28,1,1,False,,,,,
371,185.5,29,1,1,False,,,,,
371,185.5,30,1,1,False,,,,,
371,185.5,31,1,1,False,,,,,
371,185.5,32,1,1,False,,,,,
371,185.5,33,1,1,False,,,,,
371,185.5,34,1,1,False,,,,,
371,185.5,35,1,1,False,,,,,
371,185.5,36,1,1,False,,,,,
371,185.5,37,1,1,False,,,,,
371,185.5,38,1,1,False,,,,,
371,185.5,39,1,1,False,,,,,
372,186.0,0,1,1,False,,,,,
372,186.0,1,1,1,False,,,,,
372,186.0,2,1,1,False,,,,,
372,186.0,3,1,1,False,,,,,
372,186.0,4,1,1,False,,,,,
372,186.0,5,1,1,False,,,,,
372,186.0,6,1,1,False,,,,,
372,186.0,7,1,1,False,,,,,
372,186.0,8,1,1,False,,,,,
372,186.0,9,1,1,False,,,,,
372,186.0,10,1,1,False,,,,,
372,186.0,11,1,1,False,,,,,
372,186.0,12,1,1,False,,,,,
372,186.0,13,1,1,False,,,,,
372,186.0,14,1,1,False,,,,,
372,186.0,15,1,1,False,,,,,
372,186.0,16,1,1,False,,,,,
372,186.0,17,1,1,False,,,,,
372,186.0,18,1,1,False,,,,,
372,186.0,19,1,1,False,,,,,
372,186.0,20,1,1,False,,,,,
372,186.0,21,1,1,False,,,,,
372,186.0,22,1,1,False,,,,,
372,186.0,23,1,1,False,,,,,
372,186.0,24,1,1,False,,,,,
372,186.0,25,1,1,False,,,,,
372,186.0,26,1,1,False,,,,,
372,186.0,27,1,1,False,,,,,
372,186.0,28,1,1,False,,,,,
372,186.0,29,1,1,False,,,,,
372,186.0,30,1,1,False,,,,,
372,186.0,31,1,1,False,,,,,
372,186.0,32,1,1,False,,,,,
372,186.0,33,1,1,False,,,,,
372,186.0,34,1,1,False,,,,,
372,186.0,35,1,1,False,,,,,
372,186.0,36,1,1,False,,,,,
372,186.0,37,1,1,False,,,,,
372,186.0,38,1,1,False,,,,,
372,186.0,39,1,1,False,,,,,
373,186.5,0,1,1,False,,,,,
373,186.5,1,1,1,False,,,,,
373,186.5,2,1,1,False,,,,,
373,186.5,3,1,1,False,,,,,
373,186.5,4,1,1,False,,,,,
373,186.5,5,1,1,False,,,,,
373,186.5,6,1,1,False,,,,,
373,186.5,7,1,1,False,,,,,
373,186.5,8,1,1,False,,,,,
373,186.5,9,1,1,False,,,,,
373,186.5,10,1,1,False,,,,,
373,186.5,11,1,1,False,,,,,
373,186.5,12,1,1,False,,,,,
373,186.5,13,1,1,False,,,,,
373,186.5,14,1,1,False,,,,,
373,186.5,15,1,1,False,,,,,
373,186.5,16,1,1,False,,,,,
373,186.5,17,1,1,False,,,,,
373,186.5,18,1,1,False,,,,,
373,186.5,19,1,1,False,,,,,
373,186.5,20,1,1,False,,,,,
373,186.5,21,1,1,False,,,,,
373,186.5,22,1,1,False,,,,,
373,186.5,23,1,1,False,,,,,
373,186.5,24,1,1,False,,,,,
373,186.5,25,1,1,False,,,,,
373,186.5,26,1,1,False,,,,,
373,186.5,27,1,1,False,,,,,
373,186.5,28,1,1,False,,,,,
373,186.5,29,1,1,False,,,,,
373,186.5,30,1,1,False,,,,,
373,186.5,31,1,1,False,,,,,
373,186.5,32,1,1,False,,,,,
373,186.5,33,1,1,False,,,,,
373,186.5,34,1,1,False,,,,,
373,186.5,35,1,1,False,,,,,
373,186.5,36,1,1,False,,,,,
373,186.5,37,1,1,False,,,,,
373,186.5,38,1,1,False,,,,,
373,186.5,39,1,1,False,,,,,
374,187.0,0,1,1,False,,,,,
374,187.0,1,1,1,False,,,,,
374,187.0,2,1,1,False,,,,,
374,187.0,3,1,1,False,,,,,
374,187.0,4,1,1,False,,,,,
374,187.0,5,1,1,False,,,,,
374,187.0,6,1,1,False,,,,,
374,187.0,7,1,1,False,,,,,
374,187.0,8,1,1,False,,,,,
374,187.0,9,1,1,False,,,,,
374,187.0,10,1,1,False,,,,,
374,187.0,11,1,1,False,,,,,
374,187.0,12,1,1,False,,,,,
374,187.0,13,1,1,False,,,,,
374,187.0,14,1,1,False,,,,,
374,187.0,15,1,1,False,,,,,
374,187.0,16,1,1,False,,,,,
374,187.0,17,1,1,False,,,,,
374,187.0,18,1,1,False,,,,,
374,187.0,19,1,1,False,,,,,
374,187.0,20,1,1,False,,,,,
374,187.0,21,1,1,False,,,,,
374,187.0,22,1,1,False,,,,,
374,187.0,23,1,1,False,,,,,
374,187.0,24,1,1,False,,,,,
374,187.0,25,1,1,False,,,,,
374,187.0,26,1,1,False,,,,,
374,187.0,27,1,1,False,,,,,
374,187.0,28,1,1,False,,,,,
374,187.0,29,1,1,False,,,,,
374,187.0,30,1,1,False,,,,,
374,187.0,31,1,1,False,,,,,
374,187.0,32,1,1,False,,,,,
374,187.0,33,1,1,False,,,,,
374,187.0,34,1,1,False,,,,,
374,187.0,35,1,1,False,,,,,
374,187.0,36,1,1,False,,,,,
374,187.0,37,1,1,False,,,,,
374,187.0,38,1,1,False,,,,,
374,187.0,39,1,1,False,,,,,
375,187.5,0,1,1,False,,,,,
375,187.5,1,1,1,False,,,,,
375,187.5,2,1,1,False,,,,,
375,187.5,3,1,1,False,,,,,
375,187.5,4,1,1,False,,,,,
375,187.5,5,1,1,False,,,,,
375,187.5,6,1,1,False,,,,,
375,187.5,7,1,1,False,,,,,
375,187.5,8,1,1,False,,,,,
375,187.5,9,1,1,False,,,,,
375,187.5,10,1,1,False,,,,,
375,187.5,11,1,1,False,,,,,
375,187.5,12,1,1,False,,,,,
375,187.5,13,1,1,False,,,,,
375,187.5,14,1,1,False,,,,,
375,187.5,15,1,1,False,,,,,
375,187.5,16,1,1,False,,,,,
375,187.5,17,1,1,False,,,,,
375,187.5,18,1,1,False,,,,,
375,187.5,19,1,1,False,,,,,
375,187.5,20,1,1,False,,,,,
375,187.5,21,1,1,False,,,,,
375,187.5,22,1,1,False,,,,,
375,187.5,23,1,1,False,,,,,
375,187.5,24,1,1,False,,,,,
375,187.5,25,1,1,False,,,,,
375,187.5,26,1,1,False,,,,,
375,187.5,27,1,1,False,,,,,
375,187.5,28,1,1,False,,,,,
375,187.5,29,1,1,False,,,,,
375,187.5,30,1,1,False,,,,,
375,187.5,31,1,1,False,,,,,
375,187.5,32,1,1,False,,,,,
375,187.5,33,1,1,False,,,,,
375,187.5,34,1,1,False,,,,,
375,187.5,35,1,1,False,,,,,
375,187.5,36,1,1,False,,,,,
375,187.5,37,1,1,False,,,,,
375,187.5,38,1,1,False,,,,,
375,187.5,39,1,1,False,,,,,
376,188.0,0,1,1,False,,,,,
376,188.0,1,1,1,False,,,,,
376,188.0,2,1,1,False,,,,,
376,188.0,3,1,1,False,,,,,
376,188.0,4,1,1,False,,,,,
376,188.0,5,1,1,False,,,,,
376,188.0,6,1,1,False,,,,,
376,188.0,7,1,1,False,,,,,
376,188.0,8,1,1,False,,,,,
376,188.0,9,1,1,False,,,,,
376,188.0,10,1,1,False,,,,,
376,188.0,11,1,1,False,,,,,
376,188.0,12,1,1,False,,,,,
376,188.0,13,1,1,False,,,,,
376,188.0,14,1,1,False,,,,,
376,188.0,15,1,1,False,,,,,
376,188.0,16,1,1,False,,,,,
376,188.0,17,1,1,False,,,,,
376,188.0,18,1,1,False,,,,,
376,188.0,19,1,1,False,,,,,
376,188.0,20,1,1,False,,,,,
376,188.0,21,1,1,False,,,,,
376,188.0,22,1,1,False,,,,,
376,188.0,23,1,1,False,,,,,
376,188.0,24,1,1,False,,,,,
376,188.0,25,1,1,False,,,,,
376,188.0,26,1,1,False,,,,,
376,188.0,27,1,1,False,,,,,
376,188.0,28,1,1,False,,,,,
376,188.0,29,1,1,False,,,,,
376,188.0,30,1,1,False,,,,,
376,188.0,31,1,1,False,,,,,
376,188.0,32,1,1,False,,,,,
376,188.0,33,1,1,False,,,,,
376,188.0,34,1,1,False,,,,,
376,188.0,35,1,1,False,,,,,
376,188.0,36,1,1,False,,,,,
376,188.0,37,1,1,False,,,,,
376,188.0,38,1,1,False,,,,,
376,188.0,39,1,1,False,,,,,
377,188.5,0,1,1,False,,,,,
377,188.5,1,1,1,False,,,,,
377,188.5,2,1,1,False,,,,,
377,188.5,3,1,1,False,,,,,
377,188.5,4,1,1,False,,,,,
377,188.5,5,1,1,False,,,,,
377,188.5,6,1,1,False,,,,,
377,188.5,7,1,1,False,,,,,
377,188.5,8,1,1,False,,,,,
377,188.5,9,1,1,False,,,,,
377,188.5,10,1,1,False,,,,,
377,188.5,11,1,1,False,,,,,
377,188.5,12,1,1,False,,,,,
377,188.5,13,1,1,False,,,,,
377,188.5,14,1,1,False,,,,,
377,188.5,15,1,1,False,,,,,
377,188.5,16,1,1,False,,,,,
377,188.5,17,1,1,False,,,,,
377,188.5,18,1,1,False,,,,,
377,188.5,19,1,1,False,,,,,
377,188.5,20,1,1,False,,,,,
377,188.5,21,1,1,False,,,,,
377,188.5,22,1,1,False,,,,,
377,188.5,23,1,1,False,,,,,
377,188.5,24,1,1,False,,,,,
377,188.5,25,1,1,False,,,,,
377,188.5,26,1,1,False,,,,,
377,188.5,27,1,1,False,,,,,
377,188.5,28,1,1,False,,,,,
377,188.5,29,1,1,False,,,,,
377,188.5,30,1,1,False,,,,,
377,188.5,31,1,1,False,,,,,
377,188.5,32,1,1,False,,,,,
377,188.5,33,1,1,False,,,,,
377,188.5,34,1,1,False,,,,,
377,188.5,35,1,1,False,,,,,
377,188.5,36,1,1,False,,,,,
377,188.5,37,1,1,False,,,,,
377,188.5,38,1,1,False,,,,,
377,188.5,39,1,1,False,,,,,
378,189.0,0,1,1,False,,,,,
378,189.0,1,1,1,False,,,,,
378,189.0,2,1,1,False,,,,,
378,189.0,3,1,1,False,,,,,
378,189.0,4,1,1,False,,,,,
378,189.0,5,1,1,False,,,,,
378,189.0,6,1,1,False,,,,,
378,189.0,7,1,1,False,,,,,
378,189.0,8,1,1,False,,,,,
378,189.0,9,1,1,False,,,,,
378,189.0,10,1,1,False,,,,,
378,189.0,11,1,1,False,,,,,
378,189.0,12,1,1,False,,,,,
378,189.0,13,1,1,False,,,,,
378,189.0,14,1,1,False,,,,,
378,189.0,15,1,1,False,,,,,
378,189.0,16,1,1,False,,,,,
378,189.0,17,1,1,False,,,,,
378,189.0,18,1,1,False,,,,,
378,189.0,19,1,1,False,,,,,
378,189.0,20,1,1,False,,,,,
378,189.0,21,1,1,False,,,,,
378,189.0,22,1,1,False,,,,,
378,189.0,23,1,1,False,,,,,
378,189.0,24,1,1,False,,,,,
378,189.0,25,1,1,False,,,,,
378,189.0,26,1,1,False,,,,,
378,189.0,27,1,1,False,,,,,
378,189.0,28,1,1,False,,,,,
378,189.0,29,1,1,False,,,,,
378,189.0,30,1,1,False,,,,,
378,189.0,31,1,1,False,,,,,
378,189.0,32,1,1,False,,,,,
378,189.0,33,1,1,False,,,,,
378,189.0,34,1,1,False,,,,,
378,189.0,35,1,1,False,,,,,
378,189.0,36,1,1,False,,,,,
378,189.0,37,1,1,False,,,,,
378,189.0,38,1,1,False,,,,,
378,189.0,39,1,1,False,,,,,
379,189.5,0,1,1,False,,,,,
379,189.5,1,1,1,False,,,,,
379,189.5,2,1,1,False,,,,,
379,189.5,3,1,1,False,,,,,
379,189.5,4,1,1,False,,,,,
379,189.5,5,1,1,False,,,,,
379,189.5,6,1,1,False,,,,,
379,189.5,7,1,1,False,,,,,
379,189.5,8,1,1,False,,,,,
379,189.5,9,1,1,False,,,,,
379,189.5,10,1,1,False,,,,,
379,189.5,11,1,1,False,,,,,
379,189.5,12,1,1,False,,,,,
379,189.5,13,1,1,False,,,,,
379,189.5,14,1,1,False,,,,,
379,189.5,15,1,1,False,,,,,
379,189.5,16,1,1,False,,,,,
379,189.5,17,1,1,False,,,,,
379,189.5,18,1,1,False,,,,,
379,189.5,19,1,1,False,,,,,
379,189.5,20,1,1,False,,,,,
379,189.5,21,1,1,False,,,,,
379,189.5,22,1,1,False,,,,,
379,189.5,23,1,1,False,,,,,
379,189.5,24,1,1,False,,,,,
379,189.5,25,1,1,False,,,,,
379,189.5,26,1,1,False,,,,,
379,189.5,27,1,1,False,,,,,
379,189.5,28,1,1,False,,,,,
379,189.5,29,1,1,False,,,,,
379,189.5,30,1,1,False,,,,,
379,189.5,31,1,1,False,,,,,
379,189.5,32,1,1,False,,,,,
379,189.5,33,1,1,False,,,,,
379,189.5,34,1,1,False,,,,,
379,189.5,35,1,1,False,,,,,
379,189.5,36,1,1,False,,,,,
379,189.5,37,1,1,False,,,,,
379,189.5,38,1,1,False,,,,,
379,189.5,39,1,1,False,,,,,
380,190.0,0,1,1,False,,,,,
380,190.0,1,1,1,False,,,,,
380,190.0,2,1,1,False,,,,,
380,190.0,3,1,1,False,,,,,
380,190.0,4,1,1,False,,,,,
380,190.0,5,1,1,False,,,,,
380,190.0,6,1,1,False,,,,,
380,190.0,7,1,1,False,,,,,
380,190.0,8,1,1,False,,,,,
380,190.0,9,1,1,False,,,,,
380,190.0,10,1,1,False,,,,,
380,190.0,11,1,1,False,,,,,
380,190.0,12,1,1,False,,,,,
380,190.0,13,1,1,False,,,,,
380,190.0,14,1,1,False,,,,,
380,190.0,15,1,1,False,,,,,
380,190.0,16,1,1,False,,,,,
380,190.0,17,1,1,False,,,,,
380,190.0,18,1,1,False,,,,,
380,190.0,19,1,1,False,,,,,
380,190.0,20,1,1,False,,,,,
380,190.0,21,1,1,False,,,,,
380,190.0,22,1,1,False,,,,,
380,190.0,23,1,1,False,,,,,
380,190.0,24,1,1,False,,,,,
380,190.0,25,1,1,False,,,,,
380,190.0,26,1,1,False,,,,,
380,190.0,27,1,1,False,,,,,
380,190.0,28,1,1,False,,,,,
380,190.0,29,1,1,False,,,,,
380,190.0,30,1,1,False,,,,,
380,190.0,31,1,1,False,,,,,
380,190.0,32,1,1,False,,,,,
380,190.0,33,1,1,False,,,,,
380,190.0,34,1,1,False,,,,,
380,190.0,35,1,1,False,,,,,
380,190.0,36,1,1,False,,,,,
380,190.0,37,1,1,False,,,,,
380,190.0,38,1,1,False,,,,,
380,190.0,39,1,1,False,,,,,
381,190.5,0,1,1,False,,,,,
381,190.5,1,1,1,False,,,,,
381,190.5,2,1,1,False,,,,,
381,190.5,3,1,1,False,,,,,
381,190.5,4,1,1,False,,,,,
381,190.5,5,1,1,False,,,,,
381,190.5,6,1,1,False,,,,,
381,190.5,7,1,1,False,,,,,
381,190.5,8,1,1,False,,,,,
381,190.5,9,1,1,False,,,,,
381,190.5,10,1,1,False,,,,,
381,190.5,11,1,1,False,,,,,
381,190.5,12,1,1,False,,,,,
381,190.5,13,1,1,False,,,,,
381,190.5,14,1,1,False,,,,,
381,190.5,15,1,1,False,,,,,
381,190.5,16,1,1,False,,,,,
381,190.5,17,1,1,False,,,,,
381,190.5,18,1,1,False,,,,,
381,190.5,19,1,1,False,,,,,
381,190.5,20,1,1,False,,,,,
381,190.5,21,1,1,False,,,,,
381,190.5,22,1,1,False,,,,,
381,190.5,23,1,1,False,,,,,
381,190.5,24,1,1,False,,,,,
381,190.5,25,1,1,False,,,,,
381,190.5,26,1,1,False,,,,,
381,190.5,27,1,1,False,,,,,
381,190.5,28,1,1,False,,,,,
381,190.5,29,1,1,False,,,,,
381,190.5,30,1,1,False,,,,,
381,190.5,31,1,1,False,,,,,
381,190.5,32,1,1,False,,,,,
381,190.5,33,1,1,False,,,,,
381,190.5,34,1,1,False,,,,,
381,190.5,35,1,1,False,,,,,
381,190.5,36,1,1,False,,,,,
381,190.5,37,1,1,False,,,,,
381,190.5,38,1,1,False,,,,,
381,190.5,39,1,1,False,,,,,
382,191.0,0,1,1,False,,,,,
382,191.0,1,1,1,False,,,,,
382,191.0,2,1,1,False,,,,,
382,191.0,3,1,1,False,,,,,
382,191.0,4,1,1,False,,,,,
382,191.0,5,1,1,False,,,,,
382,191.0,6,1,1,False,,,,,
382,191.0,7,1,1,False,,,,,
382,191.0,8,1,1,False,,,,,
382,191.0,9,1,1,False,,,,,
382,191.0,10,1,1,False,,,,,
382,191.0,11,1,1,False,,,,,
382,191.0,12,1,1,False,,,,,
382,191.0,13,1,1,False,,,,,
382,191.0,14,1,1,False,,,,,
382,191.0,15,1,1,False,,,,,
382,191.0,16,1,1,False,,,,,
382,191.0,17,1,1,False,,,,,
382,191.0,18,1,1,False,,,,,
382,191.0,19,1,1,False,,,,,
382,191.0,20,1,1,False,,,,,
382,191.0,21,1,1,False,,,,,
382,191.0,22,1,1,False,,,,,
382,191.0,23,1,1,False,,,,,
382,191.0,24,1,1,False,,,,,
382,191.0,25,1,1,False,,,,,
382,191.0,26,1,1,False,,,,,
382,191.0,27,1,1,False,,,,,
382,191.0,28,1,1,False,,,,,
382,191.0,29,1,1,False,,,,,
382,191.0,30,1,1,False,,,,,
382,191.0,31,1,1,False,,,,,
382,191.0,32,1,1,False,,,,,
382,191.0,33,1,1,False,,,,,
382,191.0,34,1,1,False,,,,,
382,191.0,35,1,1,False,,,,,
382,191.0,36,1,1,False,,,,,
382,191.0,37,1,1,False,,,,,
382,191.0,38,1,1,False,,,,,
382,191.0,39,1,1,False,,,,,
383,191.5,0,1,1,False,,,,,
383,191.5,1,1,1,False,,,,,
383,191.5,2,1,1,False,,,,,
383,191.5,3,1,1,False,,,,,
383,191.5,4,1,1,False,,,,,
383,191.5,5,1,1,False,,,,,
383,191.5,6,1,1,False,,,,,
383,191.5,7,1,1,False,,,,,
383,191.5,8,1,1,False,,,,,
383,191.5,9,1,1,False,,,,,
383,191.5,10,1,1,False,,,,,
383,191.5,11,1,1,False,,,,,
383,191.5,12,1,1,False,,,,,
383,191.5,13,1,1,False,,,,,
383,191.5,14,1,1,False,,,,,
383,191.5,15,1,1,False,,,,,
383,191.5,16,1,1,False,,,,,
383,191.5,17,1,1,False,,,,,
383,191.5,18,1,1,False,,,,,
383,191.5,19,1,1,False,,,,,
383,191.5,20,1,1,False,,,,,
383,191.5,21,1,1,False,,,,,
383,191.5,22,1,1,False,,,,,
383,191.5,23,1,1,False,,,,,
383,191.5,24,1,1,False,,,,,
383,191.5,25,1,1,False,,,,,
383,191.5,26,1,1,False,,,,,
383,191.5,27,1,1,False,,,,,
383,191.5,28,1,1,False,,,,,
383,191.5,29,1,1,False,,,,,
383,191.5,30,1,1,False,,,,,
383,191.5,31,1,1,False,,,,,
383,191.5,32,1,1,False,,,,,
383,191.5,33,1,1,False,,,,,
383,191.5,34,1,1,False,,,,,
383,191.5,35,1,1,False,,,,,
383,191.5,36,1,1,False,,,,,
383,191.5,37,1,1,False,,,,,
383,191.5,38,1,1,False,,,,,
383,191.5,39,1,1,False,,,,,
384,192.0,0,1,1,False,,,,,
384,192.0,1,1,1,False,,,,,
384,192.0,2,1,1,False,,,,,
384,192.0,3,1,1,False,,,,,
384,192.0,4,1,1,False,,,,,
384,192.0,5,1,1,False,,,,,
384,192.0,6,1,1,False,,,,,
384,192.0,7,1,1,False,,,,,
384,192.0,8,1,1,False,,,,,
384,192.0,9,1,1,False,,,,,
384,192.0,10,1,1,False,,,,,
384,192.0,11,1,1,False,,,,,
384,192.0,12,1,1,False,,,,,
384,192.0,13,1,1,False,,,,,
384,192.0,14,1,1,False,,,,,
384,192.0,15,1,1,False,,,,,
384,192.0,16,1,1,False,,,,,
384,192.0,17,1,1,False,,,,,
384,192.0,18,1,1,False,,,,,
384,192.0,19,1,1,False,,,,,
384,192.0,20,1,1,False,,,,,
384,192.0,21,1,1,False,,,,,
384,192.0,22,1,1,False,,,,,
384,192.0,23,1,1,False,,,,,
384,192.0,24,1,1,False,,,,,
384,192.0,25,1,1,False,,,,,
384,192.0,26,1,1,False,,,,,
384,192.0,27,1,1,False,,,,,
384,192.0,28,1,1,False,,,,,
384,192.0,29,1,1,False,,,,,
384,192.0,30,1,1,False,,,,,
384,192.0,31,1,1,False,,,,,
384,192.0,32,1,1,False,,,,,
384,192.0,33,1,1,False,,,,,
384,192.0,34,1,1,False,,,,,
384,192.0,35,1,1,False,,,,,
384,192.0,36,1,1,False,,,,,
384,192.0,37,1,1,False,,,,,
384,192.0,38,1,1,False,,,,,
384,192.0,39,1,1,False,,,,,
385,192.5,0,1,1,False,,,,,
385,192.5,1,1,1,False,,,,,
385,192.5,2,1,1,False,,,,,
385,192.5,3,1,1,False,,,,,
385,192.5,4,1,1,False,,,,,
385,192.5,5,1,1,False,,,,,
385,192.5,6,1,1,False,,,,,
385,192.5,7,1,1,False,,,,,
385,192.5,8,1,1,False,,,,,
385,192.5,9,1,1,False,,,,,
385,192.5,10,1,1,False,,,,,
385,192.5,11,1,1,False,,,,,
385,192.5,12,1,1,False,,,,,
385,192.5,13,1,1,False,,,,,
385,192.5,14,1,1,False,,,,,
385,192.5,15,1,1,False,,,,,
385,192.5,16,1,1,False,,,,,
385,192.5,17,1,1,False,,,,,
385,192.5,18,1,1,False,,,,,
385,192.5,19,1,1,False,,,,,
385,192.5,20,1,1,False,,,,,
385,192.5,21,1,1,False,,,,,
385,192.5,22,1,1,False,,,,,
385,192.5,23,1,1,False,,,,,
385,192.5,24,1,1,False,,,,,
385,192.5,25,1,1,False,,,,,
385,192.5,26,1,1,False,,,,,
385,192.5,27,1,1,False,,,,,
385,192.5,28,1,1,False,,,,,
385,192.5,29,1,1,False,,,,,
385,192.5,30,1,1,False,,,,,
385,192.5,31,1,1,False,,,,,
385,192.5,32,1,1,False,,,,,
385,192.5,33,1,1,False,,,,,
385,192.5,34,1,1,False,,,,,
385,192.5,35,1,1,False,,,,,
385,192.5,36,1,1,False,,,,,
385,192.5,37,1,1,False,,,,,
385,192.5,38,1,1,False,,,,,
385,192.5,39,1,1,False,,,,,
386,193.0,0,1,1,False,,,,,
386,193.0,1,1,1,False,,,,,
386,193.0,2,1,1,False,,,,,
386,193.0,3,1,1,False,,,,,
386,193.0,4,1,1,False,,,,,
386,193.0,5,1,1,False,,,,,
386,193.0,6,1,1,False,,,,,
386,193.0,7,1,1,False,,,,,
386,193.0,8,1,1,False,,,,,
386,193.0,9,1,1,False,,,,,
386,193.0,10,1,1,False,,,,,
386,193.0,11,1,1,False,,,,,
386,193.0,12,1,1,False,,,,,
386,193.0,13,1,1,False,,,,,
386,193.0,14,1,1,False,,,,,
386,193.0,15,1,1,False,,,,,
386,193.0,16,1,1,False,,,,,
386,193.0,17,1,1,False,,,,,
386,193.0,18,1,1,False,,,,,
386,193.0,19,1,1,False,,,,,
386,193.0,20,1,1,False,,,,,
386,193.0,21,1,1,False,,,,,
386,193.0,22,1,1,False,,,,,
386,193.0,23,1,1,False,,,,,
386,193.0,24,1,1,False,,,,,
386,193.0,25,1,1,False,,,,,
386,193.0,26,1,1,False,,,,,
386,193.0,27,1,1,False,,,,,
386,193.0,28,1,1,False,,,,,
386,193.0,29,1,1,False,,,,,
386,193.0,30,1,1,False,,,,,
386,193.0,31,1,1,False,,,,,
386,193.0,32,1,1,False,,,,,
386,193.0,33,1,1,False,,,,,
386,193.0,34,1,1,False,,,,,
386,193.0,35,1,1,False,,,,,
386,193.0,36,1,1,False,,,,,
386,193.0,37,1,1,False,,,,,
386,193.0,38,1,1,False,,,,,
386,193.0,39,1,1,False,,,,,
387,193.5,0,1,1,False,,,,,
387,193.5,1,1,1,False,,,,,
387,193.5,2,1,1,False,,,,,
387,193.5,3,1,1,False,,,,,
387,193.5,4,1,1,False,,,,,
387,193.5,5,1,1,False,,,,,
387,193.5,6,1,1,False,,,,,
387,193.5,7,1,1,False,,,,,
387,193.5,8,1,1,False,,,,,
387,193.5,9,1,1,False,,,,,
387,193.5,10,1,1,False,,,,,
387,193.5,11,1,1,False,,,,,
387,193.5,12,1,1,False,,,,,
387,193.5,13,1,1,False,,,,,
387,193.5,14,1,1,False,,,,,
387,193.5,15,1,1,False,,,,,
387,193.5,16,1,1,False,,,,,
387,193.5,17,1,1,False,,,,,
387,193.5,18,1,1,False,,,,,
387,193.5,19,1,1,False,,,,,
387,193.5,20,1,1,False,,,,,
387,193.5,21,1,1,False,,,,,
387,193.5,22,1,1,False,,,,,
387,193.5,23,1,1,False,,,,,
387,193.5,24,1,1,False,,,,,
387,193.5,25,1,1,False,,,,,
387,193.5,26,1,1,False,,,,,
387,193.5,27,1,1,False,,,,,
387,193.5,28,1,1,False,,,,,
387,193.5,29,1,1,False,,,,,
387,193.5,30,1,1,False,,,,,
387,193.5,31,1,1,False,,,,,
387,193.5,32,1,1,False,,,,,
387,193.5,33,1,1,False,,,,,
387,193.5,34,1,1,False,,,,,
387,193.5,35,1,1,False,,,,,
387,193.5,36,1,1,False,,,,,
387,193.5,37,1,1,False,,,,,
387,193.5,38,1,1,False,,,,,
387,193.5,39,1,1,False,,,,,
388,194.0,0,1,1,False,,,,,
388,194.0,1,1,1,False,,,,,
388,194.0,2,1,1,False,,,,,
388,194.0,3,1,1,False,,,,,
388,194.0,4,1,1,False,,,,,
388,194.0,5,1,1,False,,,,,
388,194.0,6,1,1,False,,,,,
388,194.0,7,1,1,False,,,,,
388,194.0,8,1,1,False,,,,,
388,194.0,9,1,1,False,,,,,
388,194.0,10,1,1,False,,,,,
388,194.0,11,1,1,False,,,,,
388,194.0,12,1,1,False,,,,,
388,194.0,13,1,1,False,,,,,
388,194.0,14,1,1,False,,,,,
388,194.0,15,1,1,False,,,,,
388,194.0,16,1,1,False,,,,,
388,194.0,17,1,1,False,,,,,
388,194.0,18,1,1,False,,,,,
388,194.0,19,1,1,False,,,,,
388,194.0,20,1,1,False,,,,,
388,194.0,21,1,1,False,,,,,
388,194.0,22,1,1,False,,,,,
388,194.0,23,1,1,False,,,,,
388,194.0,24,1,1,False,,,,,
388,194.0,25,1,1,False,,,,,
388,194.0,26,1,1,False,,,,,
388,194.0,27,1,1,False,,,,,
388,194.0,28,1,1,False,,,,,
388,194.0,29,1,1,False,,,,,
388,194.0,30,1,1,False,,,,,
388,194.0,31,1,1,False,,,,,
388,194.0,32,1,1,False,,,,,
388,194.0,33,1,1,False,,,,,
388,194.0,34,1,1,False,,,,,
388,194.0,35,1,1,False,,,,,
388,194.0,36,1,1,False,,,,,
388,194.0,37,1,1,False,,,,,
388,194.0,38,1,1,False,,,,,
388,194.0,39,1,1,False,,,,,
389,194.5,0,1,1,False,,,,,
389,194.5,1,1,1,False,,,,,
389,194.5,2,1,1,False,,,,,
389,194.5,3,1,1,False,,,,,
389,194.5,4,1,1,False,,,,,
389,194.5,5,1,1,False,,,,,
389,194.5,6,1,1,False,,,,,
389,194.5,7,1,1,False,,,,,
389,194.5,8,1,1,False,,,,,
389,194.5,9,1,1,False,,,,,
389,194.5,10,1,1,False,,,,,
389,194.5,11,1,1,False,,,,,
389,194.5,12,1,1,False,,,,,
389,194.5,13,1,1,False,,,,,
389,194.5,14,1,1,False,,,,,
389,194.5,15,1,1,False,,,,,
389,194.5,16,1,1,False,,,,,
389,194.5,17,1,1,False,,,,,
389,194.5,18,1,1,False,,,,,
389,194.5,19,1,1,False,,,,,
389,194.5,20,1,1,False,,,,,
389,194.5,21,1,1,False,,,,,
389,194.5,22,1,1,False,,,,,
389,194.5,23,1,1,False,,,,,
389,194.5,24,1,1,False,,,,,
389,194.5,25,1,1,False,,,,,
389,194.5,26,1,1,False,,,,,
389,194.5,27,1,1,False,,,,,
389,194.5,28,1,1,False,,,,,
389,194.5,29,1,1,False,,,,,
389,194.5,30,1,1,False,,,,,
389,194.5,31,1,1,False,,,,,
389,194.5,32,1,1,False,,,,,
389,194.5,33,1,1,False,,,,,
389,194.5,34,1,1,False,,,,,
389,194.5,35,1,1,False,,,,,
389,194.5,36,1,1,False,,,,,
389,194.5,37,1,1,False,,,,,
389,194.5,38,1,1,False,,,,,
389,194.5,39,1,1,False,,,,,
390,195.0,0,1,1,False,,,,,
390,195.0,1,1,1,False,,,,,
390,195.0,2,1,1,False,,,,,
390,195.0,3,1,1,False,,,,,
390,195.0,4,1,1,False,,,,,
390,195.0,5,1,1,False,,,,,
390,195.0,6,1,1,False,,,,,
390,195.0,7,1,1,False,,,,,
390,195.0,8,1,1,False,,,,,
390,195.0,9,1,1,False,,,,,
390,195.0,10,1,1,False,,,,,
390,195.0,11,1,1,False,,,,,
390,195.0,12,1,1,False,,,,,
390,195.0,13,1,1,False,,,,,
390,195.0,14,1,1,False,,,,,
390,195.0,15,1,1,False,,,,,
390,195.0,16,1,1,False,,,,,
390,195.0,17,1,1,False,,,,,
390,195.0,18,1,1,False,,,,,
390,195.0,19,1,1,False,,,,,
390,195.0,20,1,1,False,,,,,
390,195.0,21,1,1,False,,,,,
390,195.0,22,1,1,False,,,,,
390,195.0,23,1,1,False,,,,,
390,195.0,24,1,1,False,,,,,
390,195.0,25,1,1,False,,,,,
390,195.0,26,1,1,False,,,,,
390,195.0,27,1,1,False,,,,,
390,195.0,28,1,1,False,,,,,
390,195.0,29,1,1,False,,,,,
390,195.0,30,1,1,False,,,,,
390,195.0,31,1,1,False,,,,,
390,195.0,32,1,1,False,,,,,
390,195.0,33,1,1,False,,,,,
390,195.0,34,1,1,False,,,,,
390,195.0,35,1,1,False,,,,,
390,195.0,36,1,1,False,,,,,
390,195.0,37,1,1,False,,,,,
390,195.0,38,1,1,False,,,,,
390,195.0,39,1,1,False,,,,,
391,195.5,0,1,1,False,,,,,
391,195.5,1,1,1,False,,,,,
391,195.5,2,1,1,False,,,,,
391,195.5,3,1,1,False,,,,,
391,195.5,4,1,1,False,,,,,
391,195.5,5,1,1,False,,,,,
391,195.5,6,1,1,False,,,,,
391,195.5,7,1,1,False,,,,,
391,195.5,8,1,1,False,,,,,
391,195.5,9,1,1,False,,,,,
391,195.5,10,1,1,False,,,,,
391,195.5,11,1,1,False,,,,,
391,195.5,12,1,1,False,,,,,
391,195.5,13,1,1,False,,,,,
391,195.5,14,1,1,False,,,,,
391,195.5,15,1,1,False,,,,,
391,195.5,16,1,1,False,,,,,
391,195.5,17,1,1,False,,,,,
391,195.5,18,1,1,False,,,,,
391,195.5,19,1,1,False,,,,,
391,195.5,20,1,1,False,,,,,
391,195.5,21,1,1,False,,,,,
391,195.5,22,1,1,False,,,,,
391,195.5,23,1,1,False,,,,,
391,195.5,24,1,1,False,,,,,
391,195.5,25,1,1,False,,,,,
391,195.5,26,1,1,False,,,,,
391,195.5,27,1,1,False,,,,,
391,195.5,28,1,1,False,,,,,
391,195.5,29,1,1,False,,,,,
391,195.5,30,1,1,False,,,,,
391,195.5,31,1,1,False,,,,,
391,195.5,32,1,1,False,,,,,
391,195.5,33,1,1,False,,,,,
391,195.5,34,1,1,False,,,,,
391,195.5,35,1,1,False,,,,,
391,195.5,36,1,1,False,,,,,
391,195.5,37,1,1,False,,,,,
391,195.5,38,1,1,False,,,,,
391,195.5,39,1,1,False,,,,,
392,196.0,0,1,1,False,,,,,
392,196.0,1,1,1,False,,,,,
392,196.0,2,1,1,False,,,,,
392,196.0,3,1,1,False,,,,,
392,196.0,4,1,1,False,,,,,
392,196.0,5,1,1,False,,,,,
392,196.0,6,1,1,False,,,,,
392,196.0,7,1,1,False,,,,,
392,196.0,8,1,1,False,,,,,
392,196.0,9,1,1,False,,,,,
392,196.0,10,1,1,False,,,,,
392,196.0,11,1,1,False,,,,,
392,196.0,12,1,1,False,,,,,
392,196.0,13,1,1,False,,,,,
392,196.0,14,1,1,False,,,,,
392,196.0,15,1,1,False,,,,,
392,196.0,16,1,1,False,,,,,
392,196.0,17,1,1,False,,,,,
392,196.0,18,1,1,False,,,,,
392,196.0,19,1,1,False,,,,,
392,196.0,20,1,1,False,,,,,
392,196.0,21,1,1,False,,,,,
392,196.0,22,1,1,False,,,,,
392,196.0,23,1,1,False,,,,,
392,196.0,24,1,1,False,,,,,
392,196.0,25,1,1,False,,,,,
392,196.0,26,1,1,False,,,,,
392,196.0,27,1,1,False,,,,,
392,196.0,28,1,1,False,,,,,
392,196.0,29,1,1,False,,,,,
392,196.0,30,1,1,False,,,,,
392,196.0,31,1,1,False,,,,,
392,196.0,32,1,1,False,,,,,
392,196.0,33,1,1,False,,,,,
392,196.0,34,1,1,False,,,,,
392,196.0,35,1,1,False,,,,,
392,196.0,36,1,1,False,,,,,
392,196.0,37,1,1,False,,,,,
392,196.0,38,1,1,False,,,,,
392,196.0,39,1,1,False,,,,,
393,196.5,0,1,1,False,,,,,
393,196.5,1,1,1,False,,,,,
393,196.5,2,1,1,False,,,,,
393,196.5,3,1,1,False,,,,,
393,196.5,4,1,1,False,,,,,
393,196.5,5,1,1,False,,,,,
393,196.5,6,1,1,False,,,,,
393,196.5,7,1,1,False,,,,,
393,196.5,8,1,1,False,,,,,
393,196.5,9,1,1,False,,,,,
393,196.5,10,1,1,False,,,,,
393,196.5,11,1,1,False,,,,,
393,196.5,12,1,1,False,,,,,
393,196.5,13,1,1,False,,,,,
393,196.5,14,1,1,False,,,,,
393,196.5,15,1,1,False,,,,,
393,196.5,16,1,1,False,,,,,
393,196.5,17,1,1,False,,,,,
393,196.5,18,1,1,False,,,,,
393,196.5,19,1,1,False,,,,,
393,196.5,20,1,1,False,,,,,
393,196.5,21,1,1,False,,,,,
393,196.5,22,1,1,False,,,,,
393,196.5,23,1,1,False,,,,,
393,196.5,24,1,1,False,,,,,
393,196.5,25,1,1,False,,,,,
393,196.5,26,1,1,False,,,,,
393,196.5,27,1,1,False,,,,,
393,196.5,28,1,1,False,,,,,
393,196.5,29,1,1,False,,,,,
393,196.5,30,1,1,False,,,,,
393,196.5,31,1,1,False,,,,,
393,196.5,32,1,1,False,,,,,
393,196.5,33,1,1,False,,,,,
393,196.5,34,1,1,False,,,,,
393,196.5,35,1,1,False,,,,,
393,196.5,36,1,1,False,,,,,
393,196.5,37,1,1,False,,,,,
393,196.5,38,1,1,False,,,,,
393,196.5,39,1,1,False,,,,,
394,197.0,0,1,1,False,,,,,
394,197.0,1,1,1,False,,,,,
394,197.0,2,1,1,False,,,,,
394,197.0,3,1,1,False,,,,,
394,197.0,4,1,1,False,,,,,
394,197.0,5,1,1,False,,,,,
394,197.0,6,1,1,False,,,,,
394,197.0,7,1,1,False,,,,,
394,197.0,8,1,1,False,,,,,
394,197.0,9,1,1,False,,,,,
394,197.0,10,1,1,False,,,,,
394,197.0,11,1,1,False,,,,,
394,197.0,12,1,1,False,,,,,
394,197.0,13,1,1,False,,,,,
394,197.0,14,1,1,False,,,,,
394,197.0,15,1,1,False,,,,,
394,197.0,16,1,1,False,,,,,
394,197.0,17,1,1,False,,,,,
394,197.0,18,1,1,False,,,,,
394,197.0,19,1,1,False,,,,,
394,197.0,20,1,1,False,,,,,
394,197.0,21,1,1,False,,,,,
394,197.0,22,1,1,False,,,,,
394,197.0,23,1,1,False,,,,,
394,197.0,24,1,1,False,,,,,
394,197.0,25,1,1,False,,,,,
394,197.0,26,1,1,False,,,,,
394,197.0,27,1,1,False,,,,,
394,197.0,28,1,1,False,,,,,
394,197.0,29,1,1,False,,,,,
394,197.0,30,1,1,False,,,,,
394,197.0,31,1,1,False,,,,,
394,197.0,32,1,1,False,,,,,
394,197.0,33,1,1,False,,,,,
394,197.0,34,1,1,False,,,,,
394,197.0,35,1,1,False,,,,,
394,197.0,36,1,1,False,,,,,
394,197.0,37,1,1,False,,,,,
394,197.0,38,1,1,False,,,,,
394,197.0,39,1,1,False,,,,,
395,197.5,0,1,1,False,,,,,
395,197.5,1,1,1,False,,,,,
395,197.5,2,1,1,False,,,,,
395,197.5,3,1,1,False,,,,,
395,197.5,4,1,1,False,,,,,
395,197.5,5,1,1,False,,,,,
395,197.5,6,1,1,False,,,,,
395,197.5,7,1,1,False,,,,,
395,197.5,8,1,1,False,,,,,
395,197.5,9,1,1,False,,,,,
395,197.5,10,1,1,False,,,,,
395,197.5,11,1,1,False,,,,,
395,197.5,12,1,1,False,,,,,
395,197.5,13,1,1,False,,,,,
395,197.5,14,1,1,False,,,,,
395,197.5,15,1,1,False,,,,,
395,197.5,16,1,1,False,,,,,
395,197.5,17,1,1,False,,,,,
395,197.5,18,1,1,False,,,,,
395,197.5,19,1,1,False,,,,,
395,197.5,20,1,1,False,,,,,
395,197.5,21,1,1,False,,,,,
395,197.5,22,1,1,False,,,,,
395,197.5,23,1,1,False,,,,,
395,197.5,24,1,1,False,,,,,
395,197.5,25,1,1,False,,,,,
395,197.5,26,1,1,False,,,,,
395,197.5,27,1,1,False,,,,,
395,197.5,28,1,1,False,,,,,
395,197.5,29,1,1,False,,,,,
395,197.5,30,1,1,False,,,,,
395,197.5,31,1,1,False,,,,,
395,197.5,32,1,1,False,,,,,
395,197.5,33,1,1,False,,,,,
395,197.5,34,1,1,False,,,,,
395,197.5,35,1,1,False,,,,,
395,197.5,36,1,1,False,,,,,
395,197.5,37,1,1,False,,,,,
395,197.5,38,1,1,False,,,,,
395,197.5,39,1,1,False,,,,,
396,198.0,0,1,1,False,,,,,
396,198.0,1,1,1,False,,,,,
396,198.0,2,1,1,False,,,,,
396,198.0,3,1,1,False,,,,,
396,198.0,4,1,1,False,,,,,
396,198.0,5,1,1,False,,,,,
396,198.0,6,1,1,False,,,,,
396,198.0,7,1,1,False,,,,,
396,198.0,8,1,1,False,,,,,
396,198.0,9,1,1,False,,,,,
396,198.0,10,1,1,False,,,,,
396,198.0,11,1,1,False,,,,,
396,198.0,12,1,1,False,,,,,
396,198.0,13,1,1,False,,,,,
396,198.0,14,1,1,False,,,,,
396,198.0,15,1,1,False,,,,,
396,198.0,16,1,1,False,,,,,
396,198.0,17,1,1,False,,,,,
396,198.0,18,1,1,False,,,,,
396,198.0,19,1,1,False,,,,,
396,198.0,20,1,1,False,,,,,
396,198.0,21,1,1,False,,,,,
396,198.0,22,1,1,False,,,,,
396,198.0,23,1,1,False,,,,,
396,198.0,24,1,1,False,,,,,
396,198.0,25,1,1,False,,,,,
396,198.0,26,1,1,False,,,,,
396,198.0,27,1,1,False,,,,,
396,198.0,28,1,1,False,,,,,
396,198.0,29,1,1,False,,,,,
396,198.0,30,1,1,False,,,,,
396,198.0,31,1,1,False,,,,,
396,198.0,32,1,1,False,,,,,
396,198.0,33,1,1,False,,,,,
396,198.0,34,1,1,False,,,,,
396,198.0,35,1,1,False,,,,,
396,198.0,36,1,1,False,,,,,
396,198.0,37,1,1,False,,,,,
396,198.0,38,1,1,False,,,,,
396,198.0,39,1,1,False,,,,,
397,198.5,0,1,1,False,,,,,
397,198.5,1,1,1,False,,,,,
397,198.5,2,1,1,False,,,,,
397,198.5,3,1,1,False,,,,,
397,198.5,4,1,1,False,,,,,
397,198.5,5,1,1,False,,,,,
397,198.5,6,1,1,False,,,,,
397,198.5,7,1,1,False,,,,,
397,198.5,8,1,1,False,,,,,
397,198.5,9,1,1,False,,,,,
397,198.5,10,1,1,False,,,,,
397,198.5,11,1,1,False,,,,,
397,198.5,12,1,1,False,,,,,
397,198.5,13,1,1,False,,,,,
397,198.5,14,1,1,False,,,,,
397,198.5,15,1,1,False,,,,,
397,198.5,16,1,1,False,,,,,
397,198.5,17,1,1,False,,,,,
397,198.5,18,1,1,False,,,,,
397,198.5,19,1,1,False,,,,,
397,198.5,20,1,1,False,,,,,
397,198.5,21,1,1,False,,,,,
397,198.5,22,1,1,False,,,,,
397,198.5,23,1,1,False,,,,,
397,198.5,24,1,1,False,,,,,
397,198.5,25,1,1,False,,,,,
397,198.5,26,1,1,False,,,,,
397,198.5,27,1,1,False,,,,,
397,198.5,28,1,1,False,,,,,
397,198.5,29,1,1,False,,,,,
397,198.5,30,1,1,False,,,,,
397,198.5,31,1,1,False,,,,,
397,198.5,32,1,1,False,,,,,
397,198.5,33,1,1,False,,,,,
397,198.5,34,1,1,False,,,,,
397,198.5,35,1,1,False,,,,,
397,198.5,36,1,1,False,,,,,
397,198.5,37,1,1,False,,,,,
397,198.5,38,1,1,False,,,,,
397,198.5,39,1,1,False,,,,,
398,199.0,0,1,1,False,,,,,
398,199.0,1,1,1,False,,,,,
398,199.0,2,1,1,False,,,,,
398,199.0,3,1,1,False,,,,,
398,199.0,4,1,1,False,,,,,
398,199.0,5,1,1,False,,,,,
398,199.0,6,1,1,False,,,,,
398,199.0,7,1,1,False,,,,,
398,199.0,8,1,1,False,,,,,
398,199.0,9,1,1,False,,,,,
398,199.0,10,1,1,False,,,,,
398,199.0,11,1,1,False,,,,,
398,199.0,12,1,1,False,,,,,
398,199.0,13,1,1,False,,,,,
398,199.0,14,1,1,False,,,,,
398,199.0,15,1,1,False,,,,,
398,199.0,16,1,1,False,,,,,
398,199.0,17,1,1,False,,,,,
398,199.0,18,1,1,False,,,,,
398,199.0,19,1,1,False,,,,,
398,199.0,20,1,1,False,,,,,
398,199.0,21,1,1,False,,,,,
398,199.0,22,1,1,False,,,,,
398,199.0,23,1,1,False,,,,,
398,199.0,24,1,1,False,,,,,
398,199.0,25,1,1,False,,,,,
398,199.0,26,1,1,False,,,,,
398,199.0,27,1,1,False,,,,,
398,199.0,28,1,1,False,,,,,
398,199.0,29,1,1,False,,,,,
398,199.0,30,1,1,False,,,,,
398,199.0,31,1,1,False,,,,,
398,199.0,32,1,1,False,,,,,
398,199.0,33,1,1,False,,,,,
398,199.0,34,1,1,False,,,,,
398,199.0,35,1,1,False,,,,,
398,199.0,36,1,1,False,,,,,
398,199.0,37,1,1,False,,,,,
398,199.0,38,1,1,False,,,,,
398,199.0,39,1,1,False,,,,,
399,199.5,0,1,1,False,,,,,
399,199.5,1,1,1,False,,,,,
399,199.5,2,1,1,False,,,,,
399,199.5,3,1,1,False,,,,,
399,199.5,4,1,1,False,,,,,
399,199.5,5,1,1,False,,,,,
399,199.5,6,1,1,False,,,,,
399,199.5,7,1,1,False,,,,,
399,199.5,8,1,1,False,,,,,
399,199.5,9,1,1,False,,,,,
399,199.5,10,1,1,False,,,,,
399,199.5,11,1,1,False,,,,,
399,199.5,12,1,1,False,,,,,
399,199.5,13,1,1,False,,,,,
399,199.5,14,1,1,False,,,,,
399,199.5,15,1,1,False,,,,,
399,199.5,16,1,1,False,,,,,
399,199.5,17,1,1,False,,,,,
399,199.5,18,1,1,False,,,,,
399,199.5,19,1,1,False,,,,,
399,199.5,20,1,1,False,,,,,
399,199.5,21,1,1,False,,,,,
399,199.5,22,1,1,False,,,,,
399,199.5,23,1,1,False,,,,,
399,199.5,24,1,1,False,,,,,
399,199.5,25,1,1,False,,,,,
399,199.5,26,1,1,False,,,,,
399,199.5,27,1,1,False,,,,,
399,199.5,28,1,1,False,,,,,
399,199.5,29,1,1,False,,,,,
399,199.5,30,1,1,False,,,,,
399,199.5,31,1,1,False,,,,,
399,199.5,32,1,1,False,,,,,
399,199.5,33,1,1,False,,,,,
399,199.5,34,1,1,False,,,,,
399,199.5,35,1,1,False,,,,,
399,199.5,36,1,1,False,,,,,
399,199.5,37,1,1,False,,,,,
399,199.5,38,1,1,False,,,,,
399,199.5,39,1,1,False,,,,,
400,200.0,0,1,1,False,,,,,
400,200.0,1,1,1,False,,,,,
400,200.0,2,1,1,False,,,,,
400,200.0,3,1,1,False,,,,,
400,200.0,4,1,1,False,,,,,
400,200.0,5,1,1,False,,,,,
400,200.0,6,1,1,False,,,,,
400,200.0,7,1,1,False,,,,,
400,200.0,8,1,1,False,,,,,
400,200.0,9,1,1,False,,,,,
400,200.0,10,1,1,False,,,,,
400,200.0,11,1,1,False,,,,,
400,200.0,12,1,1,False,,,,,
400,200.0,13,1,1,False,,,,,
400,200.0,14,1,1,False,,,,,
400,200.0,15,1,1,False,,,,,
400,200.0,16,1,1,False,,,,,
400,200.0,17,1,1,False,,,,,
400,200.0,18,1,1,False,,,,,
400,200.0,19,1,1,False,,,,,
400,200.0,20,1,1,False,,,,,
400,200.0,21,1,1,False,,,,,
400,200.0,22,1,1,False,,,,,
400,200.0,23,1,1,False,,,,,
400,200.0,24,1,1,False,,,,,
400,200.0,25,1,1,False,,,,,
400,200.0,26,1,1,False,,,,,
400,200.0,27,1,1,False,,,,,
400,200.0,28,1,1,False,,,,,
400,200.0,29,1,1,False,,,,,
400,200.0,30,1,1,False,,,,,
400,200.0,31,1,1,False,,,,,
400,200.0,32,1,1,False,,,,,
400,200.0,33,1,1,False,,,,,
400,200.0,34,1,1,False,,,,,
400,200.0,35,1,1,False,,,,,
400,200.0,36,1,1,False,,,,,
400,200.0,37,1,1,False,,,,,
400,200.0,38,1,1,False,,,,,
400,200.0,39,1,1,False,,,,,
401,200.5,0,1,1,False,,,,,
401,200.5,1,1,1,False,,,,,
401,200.5,2,1,1,False,,,,,
401,200.5,3,1,1,False,,,,,
401,200.5,4,1,1,False,,,,,
401,200.5,5,1,1,False,,,,,
401,200.5,6,1,1,False,,,,,
401,200.5,7,1,1,False,,,,,
401,200.5,8,1,1,False,,,,,
401,200.5,9,1,1,False,,,,,
401,200.5,10,1,1,False,,,,,
401,200.5,11,1,1,False,,,,,
401,200.5,12,1,1,False,,,,,
401,200.5,13,1,1,False,,,,,
401,200.5,14,1,1,False,,,,,
401,200.5,15,1,1,False,,,,,
401,200.5,16,1,1,False,,,,,
401,200.5,17,1,1,False,,,,,
401,200.5,18,1,1,False,,,,,
401,200.5,19,1,1,False,,,,,
401,200.5,20,1,1,False,,,,,
401,200.5,21,1,1,False,,,,,
401,200.5,22,1,1,False,,,,,
401,200.5,23,1,1,False,,,,,
401,200.5,24,1,1,False,,,,,
401,200.5,25,1,1,False,,,,,
401,200.5,26,1,1,False,,,,,
401,200.5,27,1,1,False,,,,,
401,200.5,28,1,1,False,,,,,
401,200.5,29,1,1,False,,,,,
401,200.5,30,1,1,False,,,,,
401,200.5,31,1,1,False,,,,,
401,200.5,32,1,1,False,,,,,
401,200.5,33,1,1,False,,,,,
401,200.5,34,1,1,False,,,,,
401,200.5,35,1,1,False,,,,,
401,200.5,36,1,1,False,,,,,
401,200.5,37,1,1,False,,,,,
401,200.5,38,1,1,False,,,,,
401,200.5,39,1,1,False,,,,,
402,201.0,0,1,1,False,,,,,
402,201.0,1,1,1,False,,,,,
402,201.0,2,1,1,False,,,,,
402,201.0,3,1,1,False,,,,,
402,201.0,4,1,1,False,,,,,
402,201.0,5,1,1,False,,,,,
402,201.0,6,1,1,False,,,,,
402,201.0,7,1,1,False,,,,,
402,201.0,8,1,1,False,,,,,
402,201.0,9,1,1,False,,,,,
402,201.0,10,1,1,False,,,,,
402,201.0,11,1,1,False,,,,,
402,201.0,12,1,1,False,,,,,
402,201.0,13,1,1,False,,,,,
402,201.0,14,1,1,False,,,,,
402,201.0,15,1,1,False,,,,,
402,201.0,16,1,1,False,,,,,
402,201.0,17,1,1,False,,,,,
402,201.0,18,1,1,False,,,,,
402,201.0,19,1,1,False,,,,,
402,201.0,20,1,1,False,,,,,
402,201.0,21,1,1,False,,,,,
402,201.0,22,1,1,False,,,,,
402,201.0,23,1,1,False,,,,,
402,201.0,24,1,1,False,,,,,
402,201.0,25,1,1,False,,,,,
402,201.0,26,1,1,False,,,,,
402,201.0,27,1,1,False,,,,,
402,201.0,28,1,1,False,,,,,
402,201.0,29,1,1,False,,,,,
402,201.0,30,1,1,False,,,,,
402,201.0,31,1,1,False,,,,,
402,201.0,32,1,1,False,,,,,
402,201.0,33,1,1,False,,,,,
402,201.0,34,1,1,False,,,,,
402,201.0,35,1,1,False,,,,,
402,201.0,36,1,1,False,,,,,
402,201.0,37,1,1,False,,,,,
402,201.0,38,1,1,False,,,,,
402,201.0,39,1,1,False,,,,,
403,201.5,0,1,1,False,,,,,
403,201.5,1,1,1,False,,,,,
403,201.5,2,1,1,False,,,,,
403,201.5,3,1,1,False,,,,,
403,201.5,4,1,1,False,,,,,
403,201.5,5,1,1,False,,,,,
403,201.5,6,1,1,False,,,,,
403,201.5,7,1,1,False,,,,,
403,201.5,8,1,1,False,,,,,
403,201.5,9,1,1,False,,,,,
403,201.5,10,1,1,False,,,,,
403,201.5,11,1,1,False,,,,,
403,201.5,12,1,1,False,,,,,
403,201.5,13,1,1,False,,,,,
403,201.5,14,1,1,False,,,,,
403,201.5,15,1,1,False,,,,,
403,201.5,16,1,1,False,,,,,
403,201.5,17,1,1,False,,,,,
403,201.5,18,1,1,False,,,,,
403,201.5,19,1,1,False,,,,,
403,201.5,20,1,1,False,,,,,
403,201.5,21,1,1,False,,,,,
403,201.5,22,1,1,False,,,,,
403,201.5,23,1,1,False,,,,,
403,201.5,24,1,1,False,,,,,
403,201.5,25,1,1,False,,,,,
403,201.5,26,1,1,False,,,,,
403,201.5,27,1,1,False,,,,,
403,201.5,28,1,1,False,,,,,
403,201.5,29,1,1,False,,,,,
403,201.5,30,1,1,False,,,,,
403,201.5,31,1,1,False,,,,,
403,201.5,32,1,1,False,,,,,
403,201.5,33,1,1,False,,,,,
403,201.5,34,1,1,False,,,,,
403,201.5,35,1,1,False,,,,,
403,201.5,36,1,1,False,,,,,
403,201.5,37,1,1,False,,,,,
403,201.5,38,1,1,False,,,,,
403,201.5,39,1,1,False,,,,,
404,202.0,0,1,1,False,,,,,
404,202.0,1,1,1,False,,,,,
404,202.0,2,1,1,False,,,,,
404,202.0,3,1,1,False,,,,,
404,202.0,4,1,1,False,,,,,
404,202.0,5,1,1,False,,,,,
404,202.0,6,1,1,False,,,,,
404,202.0,7,1,1,False,,,,,
404,202.0,8,1,1,False,,,,,
404,202.0,9,1,1,False,,,,,
404,202.0,10,1,1,False,,,,,
404,202.0,11,1,1,False,,,,,
404,202.0,12,1,1,False,,,,,
404,202.0,13,1,1,False,,,,,
404,202.0,14,1,1,False,,,,,
404,202.0,15,1,1,False,,,,,
404,202.0,16,1,1,False,,,,,
404,202.0,17,1,1,False,,,,,
404,202.0,18,1,1,False,,,,,
404,202.0,19,1,1,False,,,,,
404,202.0,20,1,1,False,,,,,
404,202.0,21,1,1,False,,,,,
404,202.0,22,1,1,False,,,,,
404,202.0,23,1,1,False,,,,,
404,202.0,24,1,1,False,,,,,
404,202.0,25,1,1,False,,,,,
404,202.0,26,1,1,False,,,,,
404,202.0,27,1,1,False,,,,,
404,202.0,28,1,1,False,,,,,
404,202.0,29,1,1,False,,,,,
404,202.0,30,1,1,False,,,,,
404,202.0,31,1,1,False,,,,,
404,202.0,32,1,1,False,,,,,
404,202.0,33,1,1,False,,,,,
404,202.0,34,1,1,False,,,,,
404,202.0,35,1,1,False,,,,,
404,202.0,36,1,1,False,,,,,
404,202.0,37,1,1,False,,,,,
404,202.0,38,1,1,False,,,,,
404,202.0,39,1,1,False,,,,,
405,202.5,0,1,1,False,,,,,
405,202.5,1,1,1,False,,,,,
405,202.5,2,1,1,False,,,,,
405,202.5,3,1,1,False,,,,,
405,202.5,4,1,1,False,,,,,
405,202.5,5,1,1,False,,,,,
405,202.5,6,1,1,False,,,,,
405,202.5,7,1,1,False,,,,,
405,202.5,8,1,1,False,,,,,
405,202.5,9,1,1,False,,,,,
405,202.5,10,1,1,False,,,,,
405,202.5,11,1,1,False,,,,,
405,202.5,12,1,1,False,,,,,
405,202.5,13,1,1,False,,,,,
405,202.5,14,1,1,False,,,,,
405,202.5,15,1,1,False,,,,,
405,202.5,16,1,1,False,,,,,
405,202.5,17,1,1,False,,,,,
405,202.5,18,1,1,False,,,,,
405,202.5,19,1,1,False,,,,,
405,202.5,20,1,1,False,,,,,
405,202.5,21,1,1,False,,,,,
405,202.5,22,1,1,False,,,,,
405,202.5,23,1,1,False,,,,,
405,202.5,24,1,1,False,,,,,
405,202.5,25,1,1,False,,,,,
405,202.5,26,1,1,False,,,,,
405,202.5,27,1,1,False,,,,,
405,202.5,28,1,1,False,,,,,
405,202.5,29,1,1,False,,,,,
405,202.5,30,1,1,False,,,,,
405,202.5,31,1,1,False,,,,,
405,202.5,32,1,1,False,,,,,
405,202.5,33,1,1,False,,,,,
405,202.5,34,1,1,False,,,,,
405,202.5,35,1,1,False,,,,,
405,202.5,36,1,1,False,,,,,
405,202.5,37,1,1,False,,,,,
405,202.5,38,1,1,False,,,,,
405,202.5,39,1,1,False,,,,,
406,203.0,0,1,1,False,,,,,
406,203.0,1,1,1,False,,,,,
406,203.0,2,1,1,False,,,,,
406,203.0,3,1,1,False,,,,,
406,203.0,4,1,1,False,,,,,
406,203.0,5,1,1,False,,,,,
406,203.0,6,1,1,False,,,,,
406,203.0,7,1,1,False,,,,,
406,203.0,8,1,1,False,,,,,
406,203.0,9,1,1,False,,,,,
406,203.0,10,1,1,False,,,,,
406,203.0,11,1,1,False,,,,,
406,203.0,12,1,1,False,,,,,
406,203.0,13,1,1,False,,,,,
406,203.0,14,1,1,False,,,,,
406,203.0,15,1,1,False,,,,,
406,203.0,16,1,1,False,,,,,
406,203.0,17,1,1,False,,,,,
406,203.0,18,1,1,False,,,,,
406,203.0,19,1,1,False,,,,,
406,203.0,20,1,1,False,,,,,
406,203.0,21,1,1,False,,,,,
406,203.0,22,1,1,False,,,,,
406,203.0,23,1,1,False,,,,,
406,203.0,24,1,1,False,,,,,
406,203.0,25,1,1,False,,,,,
406,203.0,26,1,1,False,,,,,
406,203.0,27,1,1,False,,,,,
406,203.0,28,1,1,False,,,,,
406,203.0,29,1,1,False,,,,,
406,203.0,30,1,1,False,,,,,
406,203.0,31,1,1,False,,,,,
406,203.0,32,1,1,False,,,,,
406,203.0,33,1,1,False,,,,,
406,203.0,34,1,1,False,,,,,
406,203.0,35,1,1,False,,,,,
406,203.0,36,1,1,False,,,,,
406,203.0,37,1,1,False,,,,,
406,203.0,38,1,1,False,,,,,
406,203.0,39,1,1,False,,,,,
407,203.5,0,1,1,False,,,,,
407,203.5,1,1,1,False,,,,,
407,203.5,2,1,1,False,,,,,
407,203.5,3,1,1,False,,,,,
407,203.5,4,1,1,False,,,,,
407,203.5,5,1,1,False,,,,,
407,203.5,6,1,1,False,,,,,
407,203.5,7,1,1,False,,,,,
407,203.5,8,1,1,False,,,,,
407,203.5,9,1,1,False,,,,,
407,203.5,10,1,1,False,,,,,
407,203.5,11,1,1,False,,,,,
407,203.5,12,1,1,False,,,,,
407,203.5,13,1,1,False,,,,,
407,203.5,14,1,1,False,,,,,
407,203.5,15,1,1,False,,,,,
407,203.5,16,1,1,False,,,,,
407,203.5,17,1,1,False,,,,,
407,203.5,18,1,1,False,,,,,
407,203.5,19,1,1,False,,,,,
407,203.5,20,1,1,False,,,,,
407,203.5,21,1,1,False,,,,,
407,203.5,22,1,1,False,,,,,
407,203.5,23,1,1,False,,,,,
407,203.5,24,1,1,False,,,,,
407,203.5,25,1,1,False,,,,,
407,203.5,26,1,1,False,,,,,
407,203.5,27,1,1,False,,,,,
407,203.5,28,1,1,False,,,,,
407,203.5,29,1,1,False,,,,,
407,203.5,30,1,1,False,,,,,
407,203.5,31,1,1,False,,,,,
407,203.5,32,1,1,False,,,,,
407,203.5,33,1,1,False,,,,,
407,203.5,34,1,1,False,,,,,
407,203.5,35,1,1,False,,,,,
407,203.5,36,1,1,False,,,,,
407,203.5,37,1,1,False,,,,,
407,203.5,38,1,1,False,,,,,
407,203.5,39,1,1,False,,,,,
408,204.0,0,1,1,False,,,,,
408,204.0,1,1,1,False,,,,,
408,204.0,2,1,1,False,,,,,
408,204.0,3,1,1,False,,,,,
408,204.0,4,1,1,False,,,,,
408,204.0,5,1,1,False,,,,,
408,204.0,6,1,1,False,,,,,
408,204.0,7,1,1,False,,,,,
408,204.0,8,1,1,False,,,,,
408,204.0,9,1,1,False,,,,,
408,204.0,10,1,1,False,,,,,
408,204.0,11,1,1,False,,,,,
408,204.0,12,1,1,False,,,,,
408,204.0,13,1,1,False,,,,,
408,204.0,14,1,1,False,,,,,
408,204.0,15,1,1,False,,,,,
408,204.0,16,1,1,False,,,,,
408,204.0,17,1,1,False,,,,,
408,204.0,18,1,1,False,,,,,
408,204.0,19,1,1,False,,,,,
408,204.0,20,1,1,False,,,,,
408,204.0,21,1,1,False,,,,,
408,204.0,22,1,1,False,,,,,
408,204.0,23,1,1,False,,,,,
408,204.0,24,1,1,False,,,,,
408,204.0,25,1,1,False,,,,,
408,204.0,26,1,1,False,,,,,
408,204.0,27,1,1,False,,,,,
408,204.0,28,1,1,False,,,,,
408,204.0,29,1,1,False,,,,,
408,204.0,30,1,1,False,,,,,
408,204.0,31,1,1,False,,,,,
408,204.0,32,1,1,False,,,,,
408,204.0,33,1,1,False,,,,,
408,204.0,34,1,1,False,,,,,
408,204.0,35,1,1,False,,,,,
408,204.0,36,1,1,False,,,,,
408,204.0,37,1,1,False,,,,,
408,204.0,38,1,1,False,,,,,
408,204.0,39,1,1,False,,,,,
409,204.5,0,1,1,False,,,,,
409,204.5,1,1,1,False,,,,,
409,204.5,2,1,1,False,,,,,
409,204.5,3,1,1,False,,,,,
409,204.5,4,1,1,False,,,,,
409,204.5,5,1,1,False,,,,,
409,204.5,6,1,1,False,,,,,
409,204.5,7,1,1,False,,,,,
409,204.5,8,1,1,False,,,,,
409,204.5,9,1,1,False,,,,,
409,204.5,10,1,1,False,,,,,
409,204.5,11,1,1,False,,,,,
409,204.5,12,1,1,False,,,,,
409,204.5,13,1,1,False,,,,,
409,204.5,14,1,1,False,,,,,
409,204.5,15,1,1,False,,,,,
409,204.5,16,1,1,False,,,,,
409,204.5,17,1,1,False,,,,,
409,204.5,18,1,1,False,,,,,
409,204.5,19,1,1,False,,,,,
409,204.5,20,1,1,False,,,,,
409,204.5,21,1,1,False,,,,,
409,204.5,22,1,1,False,,,,,
409,204.5,23,1,1,False,,,,,
409,204.5,24,1,1,False,,,,,
409,204.5,25,1,1,False,,,,,
409,204.5,26,1,1,False,,,,,
409,204.5,27,1,1,False,,,,,
409,204.5,28,1,1,False,,,,,
409,204.5,29,1,1,False,,,,,
409,204.5,30,1,1,False,,,,,
409,204.5,31,1,1,False,,,,,
409,204.5,32,1,1,False,,,,,
409,204.5,33,1,1,False,,,,,
409,204.5,34,1,1,False,,,,,
409,204.5,35,1,1,False,,,,,
409,204.5,36,1,1,False,,,,,
409,204.5,37,1,1,False,,,,,
409,204.5,38,1,1,False,,,,,
409,204.5,39,1,1,False,,,,,
410,205.0,0,1,1,False,,,,,
410,205.0,1,1,1,False,,,,,
410,205.0,2,1,1,False,,,,,
410,205.0,3,1,1,False,,,,,
410,205.0,4,1,1,False,,,,,
410,205.0,5,1,1,False,,,,,
410,205.0,6,1,1,False,,,,,
410,205.0,7,1,1,False,,,,,
410,205.0,8,1,1,False,,,,,
410,205.0,9,1,1,False,,,,,
410,205.0,10,1,1,False,,,,,
410,205.0,11,1,1,False,,,,,
410,205.0,12,1,1,False,,,,,
410,205.0,13,1,1,False,,,,,
410,205.0,14,1,1,False,,,,,
410,205.0,15,1,1,False,,,,,
410,205.0,16,1,1,False,,,,,
410,205.0,17,1,1,False,,,,,
410,205.0,18,1,1,False,,,,,
410,205.0,19,1,1,False,,,,,
410,205.0,20,1,1,False,,,,,
410,205.0,21,1,1,False,,,,,
410,205.0,22,1,1,False,,,,,
410,205.0,23,1,1,False,,,,,
410,205.0,24,1,1,False,,,,,
410,205.0,25,1,1,False,,,,,
410,205.0,26,1,1,False,,,,,
410,205.0,27,1,1,False,,,,,
410,205.0,28,1,1,False,,,,,
410,205.0,29,1,1,False,,,,,
410,205.0,30,1,1,False,,,,,
410,205.0,31,1,1,False,,,,,
410,205.0,32,1,1,False,,,,,
410,205.0,33,1,1,False,,,,,
410,205.0,34,1,1,False,,,,,
410,205.0,35,1,1,False,,,,,
410,205.0,36,1,1,False,,,,,
410,205.0,37,1,1,False,,,,,
410,205.0,38,1,1,False,,,,,
410,205.0,39,1,1,False,,,,,
411,205.5,0,1,1,False,,,,,
411,205.5,1,1,1,False,,,,,
411,205.5,2,1,1,False,,,,,
411,205.5,3,1,1,False,,,,,
411,205.5,4,1,1,False,,,,,
411,205.5,5,1,1,False,,,,,
411,205.5,6,1,1,False,,,,,
411,205.5,7,1,1,False,,,,,
411,205.5,8,1,1,False,,,,,
411,205.5,9,1,1,False,,,,,
411,205.5,10,1,1,False,,,,,
411,205.5,11,1,1,False,,,,,
411,205.5,12,1,1,False,,,,,
411,205.5,13,1,1,False,,,,,
411,205.5,14,1,1,False,,,,,
411,205.5,15,1,1,False,,,,,
411,205.5,16,1,1,False,,,,,
411,205.5,17,1,1,False,,,,,
411,205.5,18,1,1,False,,,,,
411,205.5,19,1,1,False,,,,,
411,205.5,20,1,1,False,,,,,
411,205.5,21,1,1,False,,,,,
411,205.5,22,1,1,False,,,,,
411,205.5,23,1,1,False,,,,,
411,205.5,24,1,1,False,,,,,
411,205.5,25,1,1,False,,,,,
411,205.5,26,1,1,False,,,,,
411,205.5,27,1,1,False,,,,,
411,205.5,28,1,1,False,,,,,
411,205.5,29,1,1,False,,,,,
411,205.5,30,1,1,False,,,,,
411,205.5,31,1,1,False,,,,,
411,205.5,32,1,1,False,,,,,
411,205.5,33,1,1,False,,,,,
411,205.5,34,1,1,False,,,,,
411,205.5,35,1,1,False,,,,,
411,205.5,36,1,1,False,,,,,
411,205.5,37,1,1,False,,,,,
411,205.5,38,1,1,False,,,,,
411,205.5,39,1,1,False,,,,,
412,206.0,0,1,1,False,,,,,
412,206.0,1,1,1,False,,,,,
412,206.0,2,1,1,False,,,,,
412,206.0,3,1,1,False,,,,,
412,206.0,4,1,1,False,,,,,
412,206.0,5,1,1,False,,,,,
412,206.0,6,1,1,False,,,,,
412,206.0,7,1,1,False,,,,,
412,206.0,8,1,1,False,,,,,
412,206.0,9,1,1,False,,,,,
412,206.0,10,1,1,False,,,,,
412,206.0,11,1,1,False,,,,,
412,206.0,12,1,1,False,,,,,
412,206.0,13,1,1,False,,,,,
412,206.0,14,1,1,False,,,,,
412,206.0,15,1,1,False,,,,,
412,206.0,16,1,1,False,,,,,
412,206.0,17,1,1,False,,,,,
412,206.0,18,1,1,False,,,,,
412,206.0,19,1,1,False,,,,,
412,206.0,20,1,1,False,,,,,
412,206.0,21,1,1,False,,,,,
412,206.0,22,1,1,False,,,,,
412,206.0,23,1,1,False,,,,,
412,206.0,24,1,1,False,,,,,
412,206.0,25,1,1,False,,,,,
412,206.0,26,1,1,False,,,,,
412,206.0,27,1,1,False,,,,,
412,206.0,28,1,1,False,,,,,
412,206.0,29,1,1,False,,,,,
412,206.0,30,1,1,False,,,,,
412,206.0,31,1,1,False,,,,,
412,206.0,32,1,1,False,,,,,
412,206.0,33,1,1,False,,,,,
412,206.0,34,1,1,False,,,,,
412,206.0,35,1,1,False,,,,,
412,206.0,36,1,1,False,,,,,
412,206.0,37,1,1,False,,,,,
412,206.0,38,1,1,False,,,,,
412,206.0,39,1,1,False,,,,,
413,206.5,0,1,1,False,,,,,
413,206.5,1,1,1,False,,,,,
413,206.5,2,1,1,False,,,,,
413,206.5,3,1,1,False,,,,,
413,206.5,4,1,1,False,,,,,
413,206.5,5,1,1,False,,,,,
413,206.5,6,1,1,False,,,,,
413,206.5,7,1,1,False,,,,,
413,206.5,8,1,1,False,,,,,
413,206.5,9,1,1,False,,,,,
413,206.5,10,1,1,False,,,,,
413,206.5,11,1,1,False,,,,,
413,206.5,12,1,1,False,,,,,
413,206.5,13,1,1,False,,,,,
413,206.5,14,1,1,False,,,,,
413,206.5,15,1,1,False,,,,,
413,206.5,16,1,1,False,,,,,
413,206.5,17,1,1,False,,,,,
413,206.5,18,1,1,False,,,,,
413,206.5,19,1,1,False,,,,,
413,206.5,20,1,1,False,,,,,
413,206.5,21,1,1,False,,,,,
413,206.5,22,1,1,False,,,,,
413,206.5,23,1,1,False,,,,,
413,206.5,24,1,1,False,,,,,
413,206.5,25,1,1,False,,,,,
413,206.5,26,1,1,False,,,,,
413,206.5,27,1,1,False,,,,,
413,206.5,28,1,1,False,,,,,
413,206.5,29,1,1,False,,,,,
413,206.5,30,1,1,False,,,,,
413,206.5,31,1,1,False,,,,,
413,206.5,32,1,1,False,,,,,
413,206.5,33,1,1,False,,,,,
413,206.5,34,1,1,False,,,,,
413,206.5,35,1,1,False,,,,,
413,206.5,36,1,1,False,,,,,
413,206.5,37,1,1,False,,,,,
413,206.5,38,1,1,False,,,,,
413,206.5,39,1,1,False,,,,,
414,207.0,0,1,1,False,,,,,
414,207.0,1,1,1,False,,,,,
414,207.0,2,1,1,False,,,,,
414,207.0,3,1,1,False,,,,,
414,207.0,4,1,1,False,,,,,
414,207.0,5,1,1,False,,,,,
414,207.0,6,1,1,False,,,,,
414,207.0,7,1,1,False,,,,,
414,207.0,8,1,1,False,,,,,
414,207.0,9,1,1,False,,,,,
414,207.0,10,1,1,False,,,,,
414,207.0,11,1,1,False,,,,,
414,207.0,12,1,1,False,,,,,
414,207.0,13,1,1,False,,,,,
414,207.0,14,1,1,False,,,,,
414,207.0,15,1,1,False,,,,,
414,207.0,16,1,1,False,,,,,
414,207.0,17,1,1,False,,,,,
414,207.0,18,1,1,False,,,,,
414,207.0,19,1,1,False,,,,,
414,207.0,20,1,1,False,,,,,
414,207.0,21,1,1,False,,,,,
414,207.0,22,1,1,False,,,,,
414,207.0,23,1,1,False,,,,,
414,207.0,24,1,1,False,,,,,
414,207.0,25,1,1,False,,,,,
414,207.0,26,1,1,False,,,,,
414,207.0,27,1,1,False,,,,,
414,207.0,28,1,1,False,,,,,
414,207.0,29,1,1,False,,,,,
414,207.0,30,1,1,False,,,,,
414,207.0,31,1,1,False,,,,,
414,207.0,32,1,1,False,,,,,
414,207.0,33,1,1,False,,,,,
414,207.0,34,1,1,False,,,,,
414,207.0,35,1,1,False,,,,,
414,207.0,36,1,1,False,,,,,
414,207.0,37,1,1,False,,,,,
414,207.0,38,1,1,False,,,,,
414,207.0,39,1,1,False,,,,,
415,207.5,0,1,1,False,,,,,
415,207.5,1,1,1,False,,,,,
415,207.5,2,1,1,False,,,,,
415,207.5,3,1,1,False,,,,,
415,207.5,4,1,1,False,,,,,
415,207.5,5,1,1,False,,,,,
415,207.5,6,1,1,False,,,,,
415,207.5,7,1,1,False,,,,,
415,207.5,8,1,1,False,,,,,
415,207.5,9,1,1,False,,,,,
415,207.5,10,1,1,False,,,,,
415,207.5,11,1,1,False,,,,,
415,207.5,12,1,1,False,,,,,
415,207.5,13,1,1,False,,,,,
415,207.5,14,1,1,False,,,,,
415,207.5,15,1,1,False,,,,,
415,207.5,16,1,1,False,,,,,
415,207.5,17,1,1,False,,,,,
415,207.5,18,1,1,False,,,,,
415,207.5,19,1,1,False,,,,,
415,207.5,20,1,1,False,,,,,
415,207.5,21,1,1,False,,,,,
415,207.5,22,1,1,False,,,,,
415,207.5,23,1,1,False,,,,,
415,207.5,24,1,1,False,,,,,
415,207.5,25,1,1,False,,,,,
415,207.5,26,1,1,False,,,,,
415,207.5,27,1,1,False,,,,,
415,207.5,28,1,1,False,,,,,
415,207.5,29,1,1,False,,,,,
415,207.5,30,1,1,False,,,,,
415,207.5,31,1,1,False,,,,,
415,207.5,32,1,1,False,,,,,
415,207.5,33,1,1,False,,,,,
415,207.5,34,1,1,False,,,,,
415,207.5,35,1,1,False,,,,,
415,207.5,36,1,1,False,,,,,
415,207.5,37,1,1,False,,,,,
415,207.5,38,1,1,False,,,,,
415,207.5,39,1,1,False,,,,,
416,208.0,0,1,1,False,,,,,
416,208.0,1,1,1,False,,,,,
416,208.0,2,1,1,False,,,,,
416,208.0,3,1,1,False,,,,,
416,208.0,4,1,1,False,,,,,
416,208.0,5,1,1,False,,,,,
416,208.0,6,1,1,False,,,,,
416,208.0,7,1,1,False,,,,,
416,208.0,8,1,1,False,,,,,
416,208.0,9,1,1,False,,,,,
416,208.0,10,1,1,False,,,,,
416,208.0,11,1,1,False,,,,,
416,208.0,12,1,1,False,,,,,
416,208.0,13,1,1,False,,,,,
416,208.0,14,1,1,False,,,,,
416,208.0,15,1,1,False,,,,,
416,208.0,16,1,1,False,,,,,
416,208.0,17,1,1,False,,,,,
416,208.0,18,1,1,False,,,,,
416,208.0,19,1,1,False,,,,,
416,208.0,20,1,1,False,,,,,
416,208.0,21,1,1,False,,,,,
416,208.0,22,1,1,False,,,,,
416,208.0,23,1,1,False,,,,,
416,208.0,24,1,1,False,,,,,
416,208.0,25,1,1,False,,,,,
416,208.0,26,1,1,False,,,,,
416,208.0,27,1,1,False,,,,,
416,208.0,28,1,1,False,,,,,
416,208.0,29,1,1,False,,,,,
416,208.0,30,1,1,False,,,,,
416,208.0,31,1,1,False,,,,,
416,208.0,32,1,1,False,,,,,
416,208.0,33,1,1,False,,,,,
416,208.0,34,1,1,False,,,,,
416,208.0,35,1,1,False,,,,,
416,208.0,36,1,1,False,,,,,
416,208.0,37,1,1,False,,,,,
416,208.0,38,1,1,False,,,,,
416,208.0,39,1,1,False,,,,,
417,208.5,0,1,1,False,,,,,
417,208.5,1,1,1,False,,,,,
417,208.5,2,1,1,False,,,,,
417,208.5,3,1,1,False,,,,,
417,208.5,4,1,1,False,,,,,
417,208.5,5,1,1,False,,,,,
417,208.5,6,1,1,False,,,,,
417,208.5,7,1,1,False,,,,,
417,208.5,8,1,1,False,,,,,
417,208.5,9,1,1,False,,,,,
417,208.5,10,1,1,False,,,,,
417,208.5,11,1,1,False,,,,,
417,208.5,12,1,1,False,,,,,
417,208.5,13,1,1,False,,,,,
417,208.5,14,1,1,False,,,,,
417,208.5,15,1,1,False,,,,,
417,208.5,16,1,1,False,,,,,
417,208.5,17,1,1,False,,,,,
417,208.5,18,1,1,False,,,,,
417,208.5,19,1,1,False,,,,,
417,208.5,20,1,1,False,,,,,
417,208.5,21,1,1,False,,,,,
417,208.5,22,1,1,False,,,,,
417,208.5,23,1,1,False,,,,,
417,208.5,24,1,1,False,,,,,
417,208.5,25,1,1,False,,,,,
417,208.5,26,1,1,False,,,,,
417,208.5,27,1,1,False,,,,,
417,208.5,28,1,1,False,,,,,
417,208.5,29,1,1,False,,,,,
417,208.5,30,1,1,False,,,,,
417,208.5,31,1,1,False,,,,,
417,208.5,32,1,1,False,,,,,
417,208.5,33,1,1,False,,,,,
417,208.5,34,1,1,False,,,,,
417,208.5,35,1,1,False,,,,,
417,208.5,36,1,1,False,,,,,
417,208.5,37,1,1,False,,,,,
417,208.5,38,1,1,False,,,,,
417,208.5,39,1,1,False,,,,,
418,209.0,0,1,1,False,,,,,
418,209.0,1,1,1,False,,,,,
418,209.0,2,1,1,False,,,,,
418,209.0,3,1,1,False,,,,,
418,209.0,4,1,1,False,,,,,
418,209.0,5,1,1,False,,,,,
418,209.0,6,1,1,False,,,,,
418,209.0,7,1,1,False,,,,,
418,209.0,8,1,1,False,,,,,
418,209.0,9,1,1,False,,,,,
418,209.0,10,1,1,False,,,,,
418,209.0,11,1,1,False,,,,,
418,209.0,12,1,1,False,,,,,
418,209.0,13,1,1,False,,,,,
418,209.0,14,1,1,False,,,,,
418,209.0,15,1,1,False,,,,,
418,209.0,16,1,1,False,,,,,
418,209.0,17,1,1,False,,,,,
418,209.0,18,1,1,False,,,,,
418,209.0,19,1,1,False,,,,,
418,209.0,20,1,1,False,,,,,
418,209.0,21,1,1,False,,,,,
418,209.0,22,1,1,False,,,,,
418,209.0,23,1,1,False,,,,,
418,209.0,24,1,1,False,,,,,
418,209.0,25,1,1,False,,,,,
418,209.0,26,1,1,False,,,,,
418,209.0,27,1,1,False,,,,,
418,209.0,28,1,1,False,,,,,
418,209.0,29,1,1,False,,,,,
418,209.0,30,1,1,False,,,,,
418,209.0,31,1,1,False,,,,,
418,209.0,32,1,1,False,,,,,
418,209.0,33,1,1,False,,,,,
418,209.0,34,1,1,False,,,,,
418,209.0,35,1,1,False,,,,,
418,209.0,36,1,1,False,,,,,
418,209.0,37,1,1,False,,,,,
418,209.0,38,1,1,False,,,,,
418,209.0,39,1,1,False,,,,,
419,209.5,0,1,1,False,,,,,
419,209.5,1,1,1,False,,,,,
419,209.5,2,1,1,False,,,,,
419,209.5,3,1,1,False,,,,,
419,209.5,4,1,1,False,,,,,
419,209.5,5,1,1,False,,,,,
419,209.5,6,1,1,False,,,,,
419,209.5,7,1,1,False,,,,,
419,209.5,8,1,1,False,,,,,
419,209.5,9,1,1,False,,,,,
419,209.5,10,1,1,False,,,,,
419,209.5,11,1,1,False,,,,,
419,209.5,12,1,1,False,,,,,
419,209.5,13,1,1,False,,,,,
419,209.5,14,1,1,False,,,,,
419,209.5,15,1,1,False,,,,,
419,209.5,16,1,1,False,,,,,
419,209.5,17,1,1,False,,,,,
419,209.5,18,1,1,False,,,,,
419,209.5,19,1,1,False,,,,,
419,209.5,20,1,1,False,,,,,
419,209.5,21,1,1,False,,,,,
419,209.5,22,1,1,False,,,,,
419,209.5,23,1,1,False,,,,,
419,209.5,24,1,1,False,,,,,
419,209.5,25,1,1,False,,,,,
419,209.5,26,1,1,False,,,,,
419,209.5,27,1,1,False,,,,,
419,209.5,28,1,1,False,,,,,
419,209.5,29,1,1,False,,,,,
419,209.5,30,1,1,False,,,,,
419,209.5,31,1,1,False,,,,,
419,209.5,32,1,1,False,,,,,
419,209.5,33,1,1,False,,,,,
419,209.5,34,1,1,False,,,,,
419,209.5,35,1,1,False,,,,,
419,209.5,36,1,1,False,,,,,
419,209.5,37,1,1,False,,,,,
419,209.5,38,1,1,False,,,,,
419,209.5,39,1,1,False,,,,,
420,210.0,0,1,1,False,,,,,
420,210.0,1,1,1,False,,,,,
420,210.0,2,1,1,False,,,,,
420,210.0,3,1,1,False,,,,,
420,210.0,4,1,1,False,,,,,
420,210.0,5,1,1,False,,,,,
420,210.0,6,1,1,False,,,,,
420,210.0,7,1,1,False,,,,,
420,210.0,8,1,1,False,,,,,
420,210.0,9,1,1,False,,,,,
420,210.0,10,1,1,False,,,,,
420,210.0,11,1,1,False,,,,,
420,210.0,12,1,1,False,,,,,
420,210.0,13,1,1,False,,,,,
420,210.0,14,1,1,False,,,,,
420,210.0,15,1,1,False,,,,,
420,210.0,16,1,1,False,,,,,
420,210.0,17,1,1,False,,,,,
420,210.0,18,1,1,False,,,,,
420,210.0,19,1,1,False,,,,,
420,210.0,20,1,1,False,,,,,
420,210.0,21,1,1,False,,,,,
420,210.0,22,1,1,False,,,,,
420,210.0,23,1,1,False,,,,,
420,210.0,24,1,1,False,,,,,
420,210.0,25,1,1,False,,,,,
420,210.0,26,1,1,False,,,,,
420,210.0,27,1,1,False,,,,,
420,210.0,28,1,1,False,,,,,
420,210.0,29,1,1,False,,,,,
420,210.0,30,1,1,False,,,,,
420,210.0,31,1,1,False,,,,,
420,210.0,32,1,1,False,,,,,
420,210.0,33,1,1,False,,,,,
420,210.0,34,1,1,False,,,,,
420,210.0,35,1,1,False,,,,,
420,210.0,36,1,1,False,,,,,
420,210.0,37,1,1,False,,,,,
420,210.0,38,1,1,False,,,,,
420,210.0,39,1,1,False,,,,,
421,210.5,0,1,1,False,,,,,
421,210.5,1,1,1,False,,,,,
421,210.5,2,1,1,False,,,,,
421,210.5,3,1,1,False,,,,,
421,210.5,4,1,1,False,,,,,
421,210.5,5,1,1,False,,,,,
421,210.5,6,1,1,False,,,,,
421,210.5,7,1,1,False,,,,,
421,210.5,8,1,1,False,,,,,
421,210.5,9,1,1,False,,,,,
421,210.5,10,1,1,False,,,,,
421,210.5,11,1,1,False,,,,,
421,210.5,12,1,1,False,,,,,
421,210.5,13,1,1,False,,,,,
421,210.5,14,1,1,False,,,,,
421,210.5,15,1,1,False,,,,,
421,210.5,16,1,1,False,,,,,
421,210.5,17,1,1,False,,,,,
421,210.5,18,1,1,False,,,,,
421,210.5,19,1,1,False,,,,,
421,210.5,20,1,1,False,,,,,
421,210.5,21,1,1,False,,,,,
421,210.5,22,1,1,False,,,,,
421,210.5,23,1,1,False,,,,,
421,210.5,24,1,1,False,,,,,
421,210.5,25,1,1,False,,,,,
421,210.5,26,1,1,False,,,,,
421,210.5,27,1,1,False,,,,,
421,210.5,28,1,1,False,,,,,
421,210.5,29,1,1,False,,,,,
421,210.5,30,1,1,False,,,,,
421,210.5,31,1,1,False,,,,,
421,210.5,32,1,1,False,,,,,
421,210.5,33,1,1,False,,,,,
421,210.5,34,1,1,False,,,,,
421,210.5,35,1,1,False,,,,,
421,210.5,36,1,1,False,,,,,
421,210.5,37,1,1,False,,,,,
421,210.5,38,1,1,False,,,,,
421,210.5,39,1,1,False,,,,,
422,211.0,0,1,1,False,,,,,
422,211.0,1,1,1,False,,,,,
422,211.0,2,1,1,False,,,,,
422,211.0,3,1,1,False,,,,,
422,211.0,4,1,1,False,,,,,
422,211.0,5,1,1,False,,,,,
422,211.0,6,1,1,False,,,,,
422,211.0,7,1,1,False,,,,,
422,211.0,8,1,1,False,,,,,
422,211.0,9,1,1,False,,,,,
422,211.0,10,1,1,False,,,,,
422,211.0,11,1,1,False,,,,,
422,211.0,12,1,1,False,,,,,
422,211.0,13,1,1,False,,,,,
422,211.0,14,1,1,False,,,,,
422,211.0,15,1,1,False,,,,,
422,211.0,16,1,1,False,,,,,
422,211.0,17,1,1,False,,,,,
422,211.0,18,1,1,False,,,,,
422,211.0,19,1,1,False,,,,,
422,211.0,20,1,1,False,,,,,
422,211.0,21,1,1,False,,,,,
422,211.0,22,1,1,False,,,,,
422,211.0,23,1,1,False,,,,,
422,211.0,24,1,1,False,,,,,
422,211.0,25,1,1,False,,,,,
422,211.0,26,1,1,False,,,,,
422,211.0,27,1,1,False,,,,,
422,211.0,28,1,1,False,,,,,
422,211.0,29,1,1,False,,,,,
422,211.0,30,1,1,False,,,,,
422,211.0,31,1,1,False,,,,,
422,211.0,32,1,1,False,,,,,
422,211.0,33,1,1,False,,,,,
422,211.0,34,1,1,False,,,,,
422,211.0,35,1,1,False,,,,,
422,211.0,36,1,1,False,,,,,
422,211.0,37,1,1,False,,,,,
422,211.0,38,1,1,False,,,,,
422,211.0,39,1,1,False,,,,,
423,211.5,0,1,1,False,,,,,
423,211.5,1,1,1,False,,,,,
423,211.5,2,1,1,False,,,,,
423,211.5,3,1,1,False,,,,,
423,211.5,4,1,1,False,,,,,
423,211.5,5,1,1,False,,,,,
423,211.5,6,1,1,False,,,,,
423,211.5,7,1,1,False,,,,,
423,211.5,8,1,1,False,,,,,
423,211.5,9,1,1,False,,,,,
423,211.5,10,1,1,False,,,,,
423,211.5,11,1,1,False,,,,,
423,211.5,12,1,1,False,,,,,
423,211.5,13,1,1,False,,,,,
423,211.5,14,1,1,False,,,,,
423,211.5,15,1,1,False,,,,,
423,211.5,16,1,1,False,,,,,
423,211.5,17,1,1,False,,,,,
423,211.5,18,1,1,False,,,,,
423,211.5,19,1,1,False,,,,,
423,211.5,20,1,1,False,,,,,
423,211.5,21,1,1,False,,,,,
423,211.5,22,1,1,False,,,,,
423,211.5,23,1,1,False,,,,,
423,211.5,24,1,1,False,,,,,
423,211.5,25,1,1,False,,,,,
423,211.5,26,1,1,False,,,,,
423,211.5,27,1,1,False,,,,,
423,211.5,28,1,1,False,,,,,
423,211.5,29,1,1,False,,,,,
423,211.5,30,1,1,False,,,,,
423,211.5,31,1,1,False,,,,,
423,211.5,32,1,1,False,,,,,
423,211.5,33,1,1,False,,,,,
423,211.5,34,1,1,False,,,,,
423,211.5,35,1,1,False,,,,,
423,211.5,36,1,1,False,,,,,
423,211.5,37,1,1,False,,,,,
423,211.5,38,1,1,False,,,,,
423,211.5,39,1,1,False,,,,,
424,212.0,0,1,1,False,,,,,
424,212.0,1,1,1,False,,,,,
424,212.0,2,1,1,False,,,,,
424,212.0,3,1,1,False,,,,,
424,212.0,4,1,1,False,,,,,
424,212.0,5,1,1,False,,,,,
424,212.0,6,1,1,False,,,,,
424,212.0,7,1,1,False,,,,,
424,212.0,8,1,1,False,,,,,
424,212.0,9,1,1,False,,,,,
424,212.0,10,1,1,False,,,,,
424,212.0,11,1,1,False,,,,,
424,212.0,12,1,1,False,,,,,
424,212.0,13,1,1,False,,,,,
424,212.0,14,1,1,False,,,,,
424,212.0,15,1,1,False,,,,,
424,212.0,16,1,1,False,,,,,
424,212.0,17,1,1,False,,,,,
424,212.0,18,1,1,False,,,,,
424,212.0,19,1,1,False,,,,,
424,212.0,20,1,1,False,,,,,
424,212.0,21,1,1,False,,,,,
424,212.0,22,1,1,False,,,,,
424,212.0,23,1,1,False,,,,,
424,212.0,24,1,1,False,,,,,
424,212.0,25,1,1,False,,,,,
424,212.0,26,1,1,False,,,,,
424,212.0,27,1,1,False,,,,,
424,212.0,28,1,1,False,,,,,
424,212.0,29,1,1,False,,,,,
424,212.0,30,1,1,False,,,,,
424,212.0,31,1,1,False,,,,,
424,212.0,32,1,1,False,,,,,
424,212.0,33,1,1,False,,,,,
424,212.0,34,1,1,False,,,,,
424,212.0,35,1,1,False,,,,,
424,212.0,36,1,1,False,,,,,
424,212.0,37,1,1,False,,,,,
424,212.0,38,1,1,False,,,,,
424,212.0,39,1,1,False,,,,,
425,212.5,0,1,1,False,,,,,
425,212.5,1,1,1,False,,,,,
425,212.5,2,1,1,False,,,,,
425,212.5,3,1,1,False,,,,,
425,212.5,4,1,1,False,,,,,
425,212.5,5,1,1,False,,,,,
425,212.5,6,1,1,False,,,,,
425,212.5,7,1,1,False,,,,,
425,212.5,8,1,1,False,,,,,
425,212.5,9,1,1,False,,,,,
425,212.5,10,1,1,False,,,,,
425,212.5,11,1,1,False,,,,,
425,212.5,12,1,1,False,,,,,
425,212.5,13,1,1,False,,,,,
425,212.5,14,1,1,False,,,,,
425,212.5,15,1,1,False,,,,,
425,212.5,16,1,1,False,,,,,
425,212.5,17,1,1,False,,,,,
425,212.5,18,1,1,False,,,,,
425,212.5,19,1,1,False,,,,,
425,212.5,20,1,1,False,,,,,
425,212.5,21,1,1,False,,,,,
425,212.5,22,1,1,False,,,,,
425,212.5,23,1,1,False,,,,,
425,212.5,24,1,1,False,,,,,
425,212.5,25,1,1,False,,,,,
425,212.5,26,1,1,False,,,,,
425,212.5,27,1,1,False,,,,,
425,212.5,28,1,1,False,,,,,
425,212.5,29,1,1,False,,,,,
425,212.5,30,1,1,False,,,,,
425,212.5,31,1,1,False,,,,,
425,212.5,32,1,1,False,,,,,
425,212.5,33,1,1,False,,,,,
425,212.5,34,1,1,False,,,,,
425,212.5,35,1,1,False,,,,,
425,212.5,36,1,1,False,,,,,
425,212.5,37,1,1,False,,,,,
425,212.5,38,1,1,False,,,,,
425,212.5,39,1,1,False,,,,,
426,213.0,0,1,1,False,,,,,
426,213.0,1,1,1,False,,,,,
426,213.0,2,1,1,False,,,,,
426,213.0,3,1,1,False,,,,,
426,213.0,4,1,1,False,,,,,
426,213.0,5,1,1,False,,,,,
426,213.0,6,1,1,False,,,,,
426,213.0,7,1,1,False,,,,,
426,213.0,8,1,1,False,,,,,
426,213.0,9,1,1,False,,,,,
426,213.0,10,1,1,False,,,,,
426,213.0,11,1,1,False,,,,,
426,213.0,12,1,1,False,,,,,
426,213.0,13,1,1,False,,,,,
426,213.0,14,1,1,False,,,,,
426,213.0,15,1,1,False,,,,,
426,213.0,16,1,1,False,,,,,
426,213.0,17,1,1,False,,,,,
426,213.0,18,1,1,False,,,,,
426,213.0,19,1,1,False,,,,,
426,213.0,20,1,1,False,,,,,
426,213.0,21,1,1,False,,,,,
426,213.0,22,1,1,False,,,,,
426,213.0,23,1,1,False,,,,,
426,213.0,24,1,1,False,,,,,
426,213.0,25,1,1,False,,,,,
426,213.0,26,1,1,False,,,,,
426,213.0,27,1,1,False,,,,,
426,213.0,28,1,1,False,,,,,
426,213.0,29,1,1,False,,,,,
426,213.0,30,1,1,False,,,,,
426,213.0,31,1,1,False,,,,,
426,213.0,32,1,1,False,,,,,
426,213.0,33,1,1,False,,,,,
426,213.0,34,1,1,False,,,,,
426,213.0,35,1,1,False,,,,,
426,213.0,36,1,1,False,,,,,
426,213.0,37,1,1,False,,,,,
426,213.0,38,1,1,False,,,,,
426,213.0,39,1,1,False,,,,,
427,213.5,0,1,1,False,,,,,
427,213.5,1,1,1,False,,,,,
427,213.5,2,1,1,False,,,,,
427,213.5,3,1,1,False,,,,,
427,213.5,4,1,1,False,,,,,
427,213.5,5,1,1,False,,,,,
427,213.5,6,1,1,False,,,,,
427,213.5,7,1,1,False,,,,,
427,213.5,8,1,1,False,,,,,
427,213.5,9,1,1,False,,,,,
427,213.5,10,1,1,False,,,,,
427,213.5,11,1,1,False,,,,,
427,213.5,12,1,1,False,,,,,
427,213.5,13,1,1,False,,,,,
427,213.5,14,1,1,False,,,,,
427,213.5,15,1,1,False,,,,,
427,213.5,16,1,1,False,,,,,
427,213.5,17,1,1,False,,,,,
427,213.5,18,1,1,False,,,,,
427,213.5,19,1,1,False,,,,,
427,213.5,20,1,1,False,,,,,
427,213.5,21,1,1,False,,,,,
427,213.5,22,1,1,False,,,,,
427,213.5,23,1,1,False,,,,,
427,213.5,24,1,1,False,,,,,
427,213.5,25,1,1,False,,,,,
427,213.5,26,1,1,False,,,,,
427,213.5,27,1,1,False,,,,,
427,213.5,28,1,1,False,,,,,
427,213.5,29,1,1,False,,,,,
427,213.5,30,1,1,False,,,,,
427,213.5,31,1,1,False,,,,,
427,213.5,32,1,1,False,,,,,
427,213.5,33,1,1,False,,,,,
427,213.5,34,1,1,False,,,,,
427,213.5,35,1,1,False,,,,,
427,213.5,36,1,1,False,,,,,
427,213.5,37,1,1,False,,,,,
427,213.5,38,1,1,False,,,,,
427,213.5,39,1,1,False,,,,,
428,214.0,0,1,1,False,,,,,
428,214.0,1,1,1,False,,,,,
428,214.0,2,1,1,False,,,,,
428,214.0,3,1,1,False,,,,,
428,214.0,4,1,1,False,,,,,
428,214.0,5,1,1,False,,,,,
428,214.0,6,1,1,False,,,,,
428,214.0,7,1,1,False,,,,,
428,214.0,8,1,1,False,,,,,
428,214.0,9,1,1,False,,,,,
428,214.0,10,1,1,False,,,,,
428,214.0,11,1,1,False,,,,,
428,214.0,12,1,1,False,,,,,
428,214.0,13,1,1,False,,,,,
428,214.0,14,1,1,False,,,,,
428,214.0,15,1,1,False,,,,,
428,214.0,16,1,1,False,,,,,
428,214.0,17,1,1,False,,,,,
428,214.0,18,1,1,False,,,,,
428,214.0,19,1,1,False,,,,,
428,214.0,20,1,1,False,,,,,
428,214.0,21,1,1,False,,,,,
428,214.0,22,1,1,False,,,,,
428,214.0,23,1,1,False,,,,,
428,214.0,24,1,1,False,,,,,
428,214.0,25,1,1,False,,,,,
428,214.0,26,1,1,False,,,,,
428,214.0,27,1,1,False,,,,,
428,214.0,28,1,1,False,,,,,
428,214.0,29,1,1,False,,,,,
428,214.0,30,1,1,False,,,,,
428,214.0,31,1,1,False,,,,,
428,214.0,32,1,1,False,,,,,
428,214.0,33,1,1,False,,,,,
428,214.0,34,1,1,False,,,,,
428,214.0,35,1,1,False,,,,,
428,214.0,36,1,1,False,,,,,
428,214.0,37,1,1,False,,,,,
428,214.0,38,1,1,False,,,,,
428,214.0,39,1,1,False,,,,,
429,214.5,0,1,1,False,,,,,
429,214.5,1,1,1,False,,,,,
429,214.5,2,1,1,False,,,,,
429,214.5,3,1,1,False,,,,,
429,214.5,4,1,1,False,,,,,
429,214.5,5,1,1,False,,,,,
429,214.5,6,1,1,False,,,,,
429,214.5,7,1,1,False,,,,,
429,214.5,8,1,1,False,,,,,
429,214.5,9,1,1,False,,,,,
429,214.5,10,1,1,False,,,,,
429,214.5,11,1,1,False,,,,,
429,214.5,12,1,1,False,,,,,
429,214.5,13,1,1,False,,,,,
429,214.5,14,1,1,False,,,,,
429,214.5,15,1,1,False,,,,,
429,214.5,16,1,1,False,,,,,
429,214.5,17,1,1,False,,,,,
429,214.5,18,1,1,False,,,,,
429,214.5,19,1,1,False,,,,,
429,214.5,20,1,1,False,,,,,
429,214.5,21,1,1,False,,,,,
429,214.5,22,1,1,False,,,,,
429,214.5,23,1,1,False,,,,,
429,214.5,24,1,1,False,,,,,
429,214.5,25,1,1,False,,,,,
429,214.5,26,1,1,False,,,,,
429,214.5,27,1,1,False,,,,,
429,214.5,28,1,1,False,,,,,
429,214.5,29,1,1,False,,,,,
429,214.5,30,1,1,False,,,,,
429,214.5,31,1,1,False,,,,,
429,214.5,32,1,1,False,,,,,
429,214.5,33,1,1,False,,,,,
429,214.5,34,1,1,False,,,,,
429,214.5,35,1,1,False,,,,,
429,214.5,36,1,1,False,,,,,
429,214.5,37,1,1,False,,,,,
429,214.5,38,1,1,False,,,,,
429,214.5,39,1,1,False,,,,,
430,215.0,0,1,1,False,,,,,
430,215.0,1,1,1,False,,,,,
430,215.0,2,1,1,False,,,,,
430,215.0,3,1,1,False,,,,,
430,215.0,4,1,1,False,,,,,
430,215.0,5,1,1,False,,,,,
430,215.0,6,1,1,False,,,,,
430,215.0,7,1,1,False,,,,,
430,215.0,8,1,1,False,,,,,
430,215.0,9,1,1,False,,,,,
430,215.0,10,1,1,False,,,,,
430,215.0,11,1,1,False,,,,,
430,215.0,12,1,1,False,,,,,
430,215.0,13,1,1,False,,,,,
430,215.0,14,1,1,False,,,,,
430,215.0,15,1,1,False,,,,,
430,215.0,16,1,1,False,,,,,
430,215.0,17,1,1,False,,,,,
430,215.0,18,1,1,False,,,,,
430,215.0,19,1,1,False,,,,,
430,215.0,20,1,1,False,,,,,
430,215.0,21,1,1,False,,,,,
430,215.0,22,1,1,False,,,,,
430,215.0,23,1,1,False,,,,,
430,215.0,24,1,1,False,,,,,
430,215.0,25,1,1,False,,,,,
430,215.0,26,1,1,False,,,,,
430,215.0,27,1,1,False,,,,,
430,215.0,28,1,1,False,,,,,
430,215.0,29,1,1,False,,,,,
430,215.0,30,1,1,False,,,,,
430,215.0,31,1,1,False,,,,,
430,215.0,32,1,1,False,,,,,
430,215.0,33,1,1,False,,,,,
430,215.0,34,1,1,False,,,,,
430,215.0,35,1,1,False,,,,,
430,215.0,36,1,1,False,,,,,
430,215.0,37,1,1,False,,,,,
430,215.0,38,1,1,False,,,,,
430,215.0,39,1,1,False,,,,,
431,215.5,0,1,1,False,,,,,
431,215.5,1,1,1,False,,,,,
431,215.5,2,1,1,False,,,,,
431,215.5,3,1,1,False,,,,,
431,215.5,4,1,1,False,,,,,
431,215.5,5,1,1,False,,,,,
431,215.5,6,1,1,False,,,,,
431,215.5,7,1,1,False,,,,,
431,215.5,8,1,1,False,,,,,
431,215.5,9,1,1,False,,,,,
431,215.5,10,1,1,False,,,,,
431,215.5,11,1,1,False,,,,,
431,215.5,12,1,1,False,,,,,
431,215.5,13,1,1,False,,,,,
431,215.5,14,1,1,False,,,,,
431,215.5,15,1,1,False,,,,,
431,215.5,16,1,1,False,,,,,
431,215.5,17,1,1,False,,,,,
431,215.5,18,1,1,False,,,,,
431,215.5,19,1,1,False,,,,,
431,215.5,20,1,1,False,,,,,
431,215.5,21,1,1,False,,,,,
431,215.5,22,1,1,False,,,,,
431,215.5,23,1,1,False,,,,,
431,215.5,24,1,1,False,,,,,
431,215.5,25,1,1,False,,,,,
431,215.5,26,1,1,False,,,,,
431,215.5,27,1,1,False,,,,,
431,215.5,28,1,1,False,,,,,
431,215.5,29,1,1,False,,,,,
431,215.5,30,1,1,False,,,,,
431,215.5,31,1,1,False,,,,,
431,215.5,32,1,1,False,,,,,
431,215.5,33,1,1,False,,,,,
431,215.5,34,1,1,False,,,,,
431,215.5,35,1,1,False,,,,,
431,215.5,36,1,1,False,,,,,
431,215.5,37,1,1,False,,,,,
431,215.5,38,1,1,False,,,,,
431,215.5,39,1,1,False,,,,,
432,216.0,0,1,1,False,,,,,
432,216.0,1,1,1,False,,,,,
432,216.0,2,1,1,False,,,,,
432,216.0,3,1,1,False,,,,,
432,216.0,4,1,1,False,,,,,
432,216.0,5,1,1,False,,,,,
432,216.0,6,1,1,False,,,,,
432,216.0,7,1,1,False,,,,,
432,216.0,8,1,1,False,,,,,
432,216.0,9,1,1,False,,,,,
432,216.0,10,1,1,False,,,,,
432,216.0,11,1,1,False,,,,,
432,216.0,12,1,1,False,,,,,
432,216.0,13,1,1,False,,,,,
432,216.0,14,1,1,False,,,,,
432,216.0,15,1,1,False,,,,,
432,216.0,16,1,1,False,,,,,
432,216.0,17,1,1,False,,,,,
432,216.0,18,1,1,False,,,,,
432,216.0,19,1,1,False,,,,,
432,216.0,20,1,1,False,,,,,
432,216.0,21,1,1,False,,,,,
432,216.0,22,1,1,False,,,,,
432,216.0,23,1,1,False,,,,,
432,216.0,24,1,1,False,,,,,
432,216.0,25,1,1,False,,,,,
432,216.0,26,1,1,False,,,,,
432,216.0,27,1,1,False,,,,,
432,216.0,28,1,1,False,,,,,
432,216.0,29,1,1,False,,,,,
432,216.0,30,1,1,False,,,,,
432,216.0,31,1,1,False,,,,,
432,216.0,32,1,1,False,,,,,
432,216.0,33,1,1,False,,,,,
432,216.0,34,1,1,False,,,,,
432,216.0,35,1,1,False,,,,,
432,216.0,36,1,1,False,,,,,
432,216.0,37,1,1,False,,,,,
432,216.0,38,1,1,False,,,,,
432,216.0,39,1,1,False,,,,,
433,216.5,0,1,1,False,,,,,
433,216.5,1,1,1,False,,,,,
433,216.5,2,1,1,False,,,,,
433,216.5,3,1,1,False,,,,,
433,216.5,4,1,1,False,,,,,
433,216.5,5,1,1,False,,,,,
433,216.5,6,1,1,False,,,,,
433,216.5,7,1,1,False,,,,,
433,216.5,8,1,1,False,,,,,
433,216.5,9,1,1,False,,,,,
433,216.5,10,1,1,False,,,,,
433,216.5,11,1,1,False,,,,,
433,216.5,12,1,1,False,,,,,
433,216.5,13,1,1,False,,,,,
433,216.5,14,1,1,False,,,,,
433,216.5,15,1,1,False,,,,,
433,216.5,16,1,1,False,,,,,
433,216.5,17,1,1,False,,,,,
433,216.5,18,1,1,False,,,,,
433,216.5,19,1,1,False,,,,,
433,216.5,20,1,1,False,,,,,
433,216.5,21,1,1,False,,,,,
433,216.5,22,1,1,False,,,,,
433,216.5,23,1,1,False,,,,,
433,216.5,24,1,1,False,,,,,
433,216.5,25,1,1,False,,,,,
433,216.5,26,1,1,False,,,,,
433,216.5,27,1,1,False,,,,,
433,216.5,28,1,1,False,,,,,
433,216.5,29,1,1,False,,,,,
433,216.5,30,1,1,False,,,,,
433,216.5,31,1,1,False,,,,,
433,216.5,32,1,1,False,,,,,
433,216.5,33,1,1,False,,,,,
433,216.5,34,1,1,False,,,,,
433,216.5,35,1,1,False,,,,,
433,216.5,36,1,1,False,,,,,
433,216.5,37,1,1,False,,,,,
433,216.5,38,1,1,False,,,,,
433,216.5,39,1,1,False,,,,,
434,217.0,0,1,1,False,,,,,
434,217.0,1,1,1,False,,,,,
434,217.0,2,1,1,False,,,,,
434,217.0,3,1,1,False,,,,,
434,217.0,4,1,1,False,,,,,
434,217.0,5,1,1,False,,,,,
434,217.0,6,1,1,False,,,,,
434,217.0,7,1,1,False,,,,,
434,217.0,8,1,1,False,,,,,
434,217.0,9,1,1,False,,,,,
434,217.0,10,1,1,False,,,,,
434,217.0,11,1,1,False,,,,,
434,217.0,12,1,1,False,,,,,
434,217.0,13,1,1,False,,,,,
434,217.0,14,1,1,False,,,,,
434,217.0,15,1,1,False,,,,,
434,217.0,16,1,1,False,,,,,
434,217.0,17,1,1,False,,,,,
434,217.0,18,1,1,False,,,,,
434,217.0,19,1,1,False,,,,,
434,217.0,20,1,1,False,,,,,
434,217.0,21,1,1,False,,,,,
434,217.0,22,1,1,False,,,,,
434,217.0,23,1,1,False,,,,,
434,217.0,24,1,1,False,,,,,
434,217.0,25,1,1,False,,,,,
434,217.0,26,1,1,False,,,,,
434,217.0,27,1,1,False,,,,,
434,217.0,28,1,1,False,,,,,
434,217.0,29,1,1,False,,,,,
434,217.0,30,1,1,False,,,,,
434,217.0,31,1,1,False,,,,,
434,217.0,32,1,1,False,,,,,
434,217.0,33,1,1,False,,,,,
434,217.0,34,1,1,False,,,,,
434,217.0,35,1,1,False,,,,,
434,217.0,36,1,1,False,,,,,
434,217.0,37,1,1,False,,,,,
434,217.0,38,1,1,False,,,,,
434,217.0,39,1,1,False,,,,,
435,217.5,0,1,1,False,,,,,
435,217.5,1,1,1,False,,,,,
435,217.5,2,1,1,False,,,,,
435,217.5,3,1,1,False,,,,,
435,217.5,4,1,1,False,,,,,
435,217.5,5,1,1,False,,,,,
435,217.5,6,1,1,False,,,,,
435,217.5,7,1,1,False,,,,,
435,217.5,8,1,1,False,,,,,
435,217.5,9,1,1,False,,,,,
435,217.5,10,1,1,False,,,,,
435,217.5,11,1,1,False,,,,,
435,217.5,12,1,1,False,,,,,
435,217.5,13,1,1,False,,,,,
435,217.5,14,1,1,False,,,,,
435,217.5,15,1,1,False,,,,,
435,217.5,16,1,1,False,,,,,
435,217.5,17,1,1,False,,,,,
435,217.5,18,1,1,False,,,,,
435,217.5,19,1,1,False,,,,,
435,217.5,20,1,1,False,,,,,
435,217.5,21,1,1,False,,,,,
435,217.5,22,1,1,False,,,,,
435,217.5,23,1,1,False,,,,,
435,217.5,24,1,1,False,,,,,
435,217.5,25,1,1,False,,,,,
435,217.5,26,1,1,False,,,,,
435,217.5,27,1,1,False,,,,,
435,217.5,28,1,1,False,,,,,
435,217.5,29,1,1,False,,,,,
435,217.5,30,1,1,False,,,,,
435,217.5,31,1,1,False,,,,,
435,217.5,32,1,1,False,,,,,
435,217.5,33,1,1,False,,,,,
435,217.5,34,1,1,False,,,,,
435,217.5,35,1,1,False,,,,,
435,217.5,36,1,1,False,,,,,
435,217.5,37,1,1,False,,,,,
435,217.5,38,1,1,False,,,,,
435,217.5,39,1,1,False,,,,,
436,218.0,0,1,1,False,,,,,
436,218.0,1,1,1,False,,,,,
436,218.0,2,1,1,False,,,,,
436,218.0,3,1,1,False,,,,,
436,218.0,4,1,1,False,,,,,
436,218.0,5,1,1,False,,,,,
436,218.0,6,1,1,False,,,,,
436,218.0,7,1,1,False,,,,,
436,218.0,8,1,1,False,,,,,
436,218.0,9,1,1,False,,,,,
436,218.0,10,1,1,False,,,,,
436,218.0,11,1,1,False,,,,,
436,218.0,12,1,1,False,,,,,
436,218.0,13,1,1,False,,,,,
436,218.0,14,1,1,False,,,,,
436,218.0,15,1,1,False,,,,,
436,218.0,16,1,1,False,,,,,
436,218.0,17,1,1,False,,,,,
436,218.0,18,1,1,False,,,,,
436,218.0,19,1,1,False,,,,,
436,218.0,20,1,1,False,,,,,
436,218.0,21,1,1,False,,,,,
436,218.0,22,1,1,False,,,,,
436,218.0,23,1,1,False,,,,,
436,218.0,24,1,1,False,,,,,
436,218.0,25,1,1,False,,,,,
436,218.0,26,1,1,False,,,,,
436,218.0,27,1,1,False,,,,,
436,218.0,28,1,1,False,,,,,
436,218.0,29,1,1,False,,,,,
436,218.0,30,1,1,False,,,,,
436,218.0,31,1,1,False,,,,,
436,218.0,32,1,1,False,,,,,
436,218.0,33,1,1,False,,,,,
436,218.0,34,1,1,False,,,,,
436,218.0,35,1,1,False,,,,,
436,218.0,36,1,1,False,,,,,
436,218.0,37,1,1,False,,,,,
436,218.0,38,1,1,False,,,,,
436,218.0,39,1,1,False,,,,,
437,218.5,0,1,1,False,,,,,
437,218.5,1,1,1,False,,,,,
437,218.5,2,1,1,False,,,,,
437,218.5,3,1,1,False,,,,,
437,218.5,4,1,1,False,,,,,
437,218.5,5,1,1,False,,,,,
437,218.5,6,1,1,False,,,,,
437,218.5,7,1,1,False,,,,,
437,218.5,8,1,1,False,,,,,
437,218.5,9,1,1,False,,,,,
437,218.5,10,1,1,False,,,,,
437,218.5,11,1,1,False,,,,,
437,218.5,12,1,1,False,,,,,
437,218.5,13,1,1,False,,,,,
437,218.5,14,1,1,False,,,,,
437,218.5,15,1,1,False,,,,,
437,218.5,16,1,1,False,,,,,
437,218.5,17,1,1,False,,,,,
437,218.5,18,1,1,False,,,,,
437,218.5,19,1,1,False,,,,,
437,218.5,20,1,1,False,,,,,
437,218.5,21,1,1,False,,,,,
437,218.5,22,1,1,False,,,,,
437,218.5,23,1,1,False,,,,,
437,218.5,24,1,1,False,,,,,
437,218.5,25,1,1,False,,,,,
437,218.5,26,1,1,False,,,,,
437,218.5,27,1,1,False,,,,,
437,218.5,28,1,1,False,,,,,
437,218.5,29,1,1,False,,,,,
437,218.5,30,1,1,False,,,,,
437,218.5,31,1,1,False,,,,,
437,218.5,32,1,1,False,,,,,
437,218.5,33,1,1,False,,,,,
437,218.5,34,1,1,False,,,,,
437,218.5,35,1,1,False,,,,,
437,218.5,36,1,1,False,,,,,
437,218.5,37,1,1,False,,,,,
437,218.5,38,1,1,False,,,,,
437,218.5,39,1,1,False,,,,,
438,219.0,0,1,1,False,,,,,
438,219.0,1,1,1,False,,,,,
438,219.0,2,1,1,False,,,,,
438,219.0,3,1,1,False,,,,,
438,219.0,4,1,1,False,,,,,
438,219.0,5,1,1,False,,,,,
438,219.0,6,1,1,False,,,,,
438,219.0,7,1,1,False,,,,,
438,219.0,8,1,1,False,,,,,
438,219.0,9,1,1,False,,,,,
438,219.0,10,1,1,False,,,,,
438,219.0,11,1,1,False,,,,,
438,219.0,12,1,1,False,,,,,
438,219.0,13,1,1,False,,,,,
438,219.0,14,1,1,False,,,,,
438,219.0,15,1,1,False,,,,,
438,219.0,16,1,1,False,,,,,
438,219.0,17,1,1,False,,,,,
438,219.0,18,1,1,False,,,,,
438,219.0,19,1,1,False,,,,,
438,219.0,20,1,1,False,,,,,
438,219.0,21,1,1,False,,,,,
438,219.0,22,1,1,False,,,,,
438,219.0,23,1,1,False,,,,,
438,219.0,24,1,1,False,,,,,
438,219.0,25,1,1,False,,,,,
438,219.0,26,1,1,False,,,,,
438,219.0,27,1,1,False,,,,,
438,219.0,28,1,1,False,,,,,
438,219.0,29,1,1,False,,,,,
438,219.0,30,1,1,False,,,,,
438,219.0,31,1,1,False,,,,,
438,219.0,32,1,1,False,,,,,
438,219.0,33,1,1,False,,,,,
438,219.0,34,1,1,False,,,,,
438,219.0,35,1,1,False,,,,,
438,219.0,36,1,1,False,,,,,
438,219.0,37,1,1,False,,,,,
438,219.0,38,1,1,False,,,,,
438,219.0,39,1,1,False,,,,,
439,219.5,0,1,1,False,,,,,
439,219.5,1,1,1,False,,,,,
439,219.5,2,1,1,False,,,,,
439,219.5,3,1,1,False,,,,,
439,219.5,4,1,1,False,,,,,
439,219.5,5,1,1,False,,,,,
439,219.5,6,1,1,False,,,,,
439,219.5,7,1,1,False,,,,,
439,219.5,8,1,1,False,,,,,
439,219.5,9,1,1,False,,,,,
439,219.5,10,1,1,False,,,,,
439,219.5,11,1,1,False,,,,,
439,219.5,12,1,1,False,,,,,
439,219.5,13,1,1,False,,,,,
439,219.5,14,1,1,False,,,,,
439,219.5,15,1,1,False,,,,,
439,219.5,16,1,1,False,,,,,
439,219.5,17,1,1,False,,,,,
439,219.5,18,1,1,False,,,,,
439,219.5,19,1,1,False,,,,,
439,219.5,20,1,1,False,,,,,
439,219.5,21,1,1,False,,,,,
439,219.5,22,1,1,False,,,,,
439,219.5,23,1,1,False,,,,,
439,219.5,24,1,1,False,,,,,
439,219.5,25,1,1,False,,,,,
439,219.5,26,1,1,False,,,,,
439,219.5,27,1,1,False,,,,,
439,219.5,28,1,1,False,,,,,
439,219.5,29,1,1,False,,,,,
439,219.5,30,1,1,False,,,,,
439,219.5,31,1,1,False,,,,,
439,219.5,32,1,1,False,,,,,
439,219.5,33,1,1,False,,,,,
439,219.5,34,1,1,False,,,,,
439,219.5,35,1,1,False,,,,,
439,219.5,36,1,1,False,,,,,
439,219.5,37,1,1,False,,,,,
439,219.5,38,1,1,False,,,,,
439,219.5,39,1,1,False,,,,,
440,220.0,0,1,1,False,,,,,
440,220.0,1,1,1,False,,,,,
440,220.0,2,1,1,False,,,,,
440,220.0,3,1,1,False,,,,,
440,220.0,4,1,1,False,,,,,
440,220.0,5,1,1,False,,,,,
440,220.0,6,1,1,False,,,,,
440,220.0,7,1,1,False,,,,,
440,220.0,8,1,1,False,,,,,
440,220.0,9,1,1,False,,,,,
440,220.0,10,1,1,False,,,,,
440,220.0,11,1,1,False,,,,,
440,220.0,12,1,1,False,,,,,
440,220.0,13,1,1,False,,,,,
440,220.0,14,1,1,False,,,,,
440,220.0,15,1,1,False,,,,,
440,220.0,16,1,1,False,,,,,
440,220.0,17,1,1,False,,,,,
440,220.0,18,1,1,False,,,,,
440,220.0,19,1,1,False,,,,,
440,220.0,20,1,1,False,,,,,
440,220.0,21,1,1,False,,,,,
440,220.0,22,1,1,False,,,,,
440,220.0,23,1,1,False,,,,,
440,220.0,24,1,1,False,,,,,
440,220.0,25,1,1,False,,,,,
440,220.0,26,1,1,False,,,,,
440,220.0,27,1,1,False,,,,,
440,220.0,28,1,1,False,,,,,
440,220.0,29,1,1,False,,,,,
440,220.0,30,1,1,False,,,,,
440,220.0,31,1,1,False,,,,,
440,220.0,32,1,1,False,,,,,
440,220.0,33,1,1,False,,,,,
440,220.0,34,1,1,False,,,,,
440,220.0,35,1,1,False,,,,,
440,220.0,36,1,1,False,,,,,
440,220.0,37,1,1,False,,,,,
440,220.0,38,1,1,False,,,,,
440,220.0,39,1,1,False,,,,,
441,220.5,0,1,1,False,,,,,
441,220.5,1,1,1,False,,,,,
441,220.5,2,1,1,False,,,,,
441,220.5,3,1,1,False,,,,,
441,220.5,4,1,1,False,,,,,
441,220.5,5,1,1,False,,,,,
441,220.5,6,1,1,False,,,,,
441,220.5,7,1,1,False,,,,,
441,220.5,8,1,1,False,,,,,
441,220.5,9,1,1,False,,,,,
441,220.5,10,1,1,False,,,,,
441,220.5,11,1,1,False,,,,,
441,220.5,12,1,1,False,,,,,
441,220.5,13,1,1,False,,,,,
441,220.5,14,1,1,False,,,,,
441,220.5,15,1,1,False,,,,,
441,220.5,16,1,1,False,,,,,
441,220.5,17,1,1,False,,,,,
441,220.5,18,1,1,False,,,,,
441,220.5,19,1,1,False,,,,,
441,220.5,20,1,1,False,,,,,
441,220.5,21,1,1,False,,,,,
441,220.5,22,1,1,False,,,,,
441,220.5,23,1,1,False,,,,,
441,220.5,24,1,1,False,,,,,
441,220.5,25,1,1,False,,,,,
441,220.5,26,1,1,False,,,,,
441,220.5,27,1,1,False,,,,,
441,220.5,28,1,1,False,,,,,
441,220.5,29,1,1,False,,,,,
441,220.5,30,1,1,False,,,,,
441,220.5,31,1,1,False,,,,,
441,220.5,32,1,1,False,,,,,
441,220.5,33,1,1,False,,,,,
441,220.5,34,1,1,False,,,,,
441,220.5,35,1,1,False,,,,,
441,220.5,36,1,1,False,,,,,
441,220.5,37,1,1,False,,,,,
441,220.5,38,1,1,False,,,,,
441,220.5,39,1,1,False,,,,,
442,221.0,0,1,1,False,,,,,
442,221.0,1,1,1,False,,,,,
442,221.0,2,1,1,False,,,,,
442,221.0,3,1,1,False,,,,,
442,221.0,4,1,1,False,,,,,
442,221.0,5,1,1,False,,,,,
442,221.0,6,1,1,False,,,,,
442,221.0,7,1,1,False,,,,,
442,221.0,8,1,1,False,,,,,
442,221.0,9,1,1,False,,,,,
442,221.0,10,1,1,False,,,,,
442,221.0,11,1,1,False,,,,,
442,221.0,12,1,1,False,,,,,
442,221.0,13,1,1,False,,,,,
442,221.0,14,1,1,False,,,,,
442,221.0,15,1,1,False,,,,,
442,221.0,16,1,1,False,,,,,
442,221.0,17,1,1,False,,,,,
442,221.0,18,1,1,False,,,,,
442,221.0,19,1,1,False,,,,,
442,221.0,20,1,1,False,,,,,
442,221.0,21,1,1,False,,,,,
442,221.0,22,1,1,False,,,,,
442,221.0,23,1,1,False,,,,,
442,221.0,24,1,1,False,,,,,
442,221.0,25,1,1,False,,,,,
442,221.0,26,1,1,False,,,,,
442,221.0,27,1,1,False,,,,,
442,221.0,28,1,1,False,,,,,
442,221.0,29,1,1,False,,,,,
442,221.0,30,1,1,False,,,,,
442,221.0,31,1,1,False,,,,,
442,221.0,32,1,1,False,,,,,
442,221.0,33,1,1,False,,,,,
442,221.0,34,1,1,False,,,,,
442,221.0,35,1,1,False,,,,,
442,221.0,36,1,1,False,,,,,
442,221.0,37,1,1,False,,,,,
442,221.0,38,1,1,False,,,,,
442,221.0,39,1,1,False,,,,,
443,221.5,0,1,1,False,,,,,
443,221.5,1,1,1,False,,,,,
443,221.5,2,1,1,False,,,,,
443,221.5,3,1,1,False,,,,,
443,221.5,4,1,1,False,,,,,
443,221.5,5,1,1,False,,,,,
443,221.5,6,1,1,False,,,,,
443,221.5,7,1,1,False,,,,,
443,221.5,8,1,1,False,,,,,
443,221.5,9,1,1,False,,,,,
443,221.5,10,1,1,False,,,,,
443,221.5,11,1,1,False,,,,,
443,221.5,12,1,1,False,,,,,
443,221.5,13,1,1,False,,,,,
443,221.5,14,1,1,False,,,,,
443,221.5,15,1,1,False,,,,,
443,221.5,16,1,1,False,,,,,
443,221.5,17,1,1,False,,,,,
443,221.5,18,1,1,False,,,,,
443,221.5,19,1,1,False,,,,,
443,221.5,20,1,1,False,,,,,
443,221.5,21,1,1,False,,,,,
443,221.5,22,1,1,False,,,,,
443,221.5,23,1,1,False,,,,,
443,221.5,24,1,1,False,,,,,
443,221.5,25,1,1,False,,,,,
443,221.5,26,1,1,False,,,,,
443,221.5,27,1,1,False,,,,,
443,221.5,28,1,1,False,,,,,
443,221.5,29,1,1,False,,,,,
443,221.5,30,1,1,False,,,,,
443,221.5,31,1,1,False,,,,,
443,221.5,32,1,1,False,,,,,
443,221.5,33,1,1,False,,,,,
443,221.5,34,1,1,False,,,,,
443,221.5,35,1,1,False,,,,,
443,221.5,36,1,1,False,,,,,
443,221.5,37,1,1,False,,,,,
443,221.5,38,1,1,False,,,,,
443,221.5,39,1,1,False,,,,,
444,222.0,0,1,1,False,,,,,
444,222.0,1,1,1,False,,,,,
444,222.0,2,1,1,False,,,,,
444,222.0,3,1,1,False,,,,,
444,222.0,4,1,1,False,,,,,
444,222.0,5,1,1,False,,,,,
444,222.0,6,1,1,False,,,,,
444,222.0,7,1,1,False,,,,,
444,222.0,8,1,1,False,,,,,
444,222.0,9,1,1,False,,,,,
444,222.0,10,1,1,False,,,,,
444,222.0,11,1,1,False,,,,,
444,222.0,12,1,1,False,,,,,
444,222.0,13,1,1,False,,,,,
444,222.0,14,1,1,False,,,,,
444,222.0,15,1,1,False,,,,,
444,222.0,16,1,1,False,,,,,
444,222.0,17,1,1,False,,,,,
444,222.0,18,1,1,False,,,,,
444,222.0,19,1,1,False,,,,,
444,222.0,20,1,1,False,,,,,
444,222.0,21,1,1,False,,,,,
444,222.0,22,1,1,False,,,,,
444,222.0,23,1,1,False,,,,,
444,222.0,24,1,1,False,,,,,
444,222.0,25,1,1,False,,,,,
444,222.0,26,1,1,False,,,,,
444,222.0,27,1,1,False,,,,,
444,222.0,28,1,1,False,,,,,
444,222.0,29,1,1,False,,,,,
444,222.0,30,1,1,False,,,,,
444,222.0,31,1,1,False,,,,,
444,222.0,32,1,1,False,,,,,
444,222.0,33,1,1,False,,,,,
444,222.0,34,1,1,False,,,,,
444,222.0,35,1,1,False,,,,,
444,222.0,36,1,1,False,,,,,
444,222.0,37,1,1,False,,,,,
444,222.0,38,1,1,False,,,,,
444,222.0,39,1,1,False,,,,,
445,222.5,0,1,1,False,,,,,
445,222.5,1,1,1,False,,,,,
445,222.5,2,1,1,False,,,,,
445,222.5,3,1,1,False,,,,,
445,222.5,4,1,1,False,,,,,
445,222.5,5,1,1,False,,,,,
445,222.5,6,1,1,False,,,,,
445,222.5,7,1,1,False,,,,,
445,222.5,8,1,1,False,,,,,
445,222.5,9,1,1,False,,,,,
445,222.5,10,1,1,False,,,,,
445,222.5,11,1,1,False,,,,,
445,222.5,12,1,1,False,,,,,
445,222.5,13,1,1,False,,,,,
445,222.5,14,1,1,False,,,,,
445,222.5,15,1,1,False,,,,,
445,222.5,16,1,1,False,,,,,
445,222.5,17,1,1,False,,,,,
445,222.5,18,1,1,False,,,,,
445,222.5,19,1,1,False,,,,,
445,222.5,20,1,1,False,,,,,
445,222.5,21,1,1,False,,,,,
445,222.5,22,1,1,False,,,,,
445,222.5,23,1,1,False,,,,,
445,222.5,24,1,1,False,,,,,
445,222.5,25,1,1,False,,,,,
445,222.5,26,1,1,False,,,,,
445,222.5,27,1,1,False,,,,,
445,222.5,28,1,1,False,,,,,
445,222.5,29,1,1,False,,,,,
445,222.5,30,1,1,False,,,,,
445,222.5,31,1,1,False,,,,,
445,222.5,32,1,1,False,,,,,
445,222.5,33,1,1,False,,,,,
445,222.5,34,1,1,False,,,,,
445,222.5,35,1,1,False,,,,,
445,222.5,36,1,1,False,,,,,
445,222.5,37,1,1,False,,,,,
445,222.5,38,1,1,False,,,,,
445,222.5,39,1,1,False,,,,,
446,223.0,0,1,1,False,,,,,
446,223.0,1,1,1,False,,,,,
446,223.0,2,1,1,False,,,,,
446,223.0,3,1,1,False,,,,,
446,223.0,4,1,1,False,,,,,
446,223.0,5,1,1,False,,,,,
446,223.0,6,1,1,False,,,,,
446,223.0,7,1,1,False,,,,,
446,223.0,8,1,1,False,,,,,
446,223.0,9,1,1,False,,,,,
446,223.0,10,1,1,False,,,,,
446,223.0,11,1,1,False,,,,,
446,223.0,12,1,1,False,,,,,
446,223.0,13,1,1,False,,,,,
446,223.0,14,1,1,False,,,,,
446,223.0,15,1,1,False,,,,,
446,223.0,16,1,1,False,,,,,
446,223.0,17,1,1,False,,,,,
446,223.0,18,1,1,False,,,,,
446,223.0,19,1,1,False,,,,,
446,223.0,20,1,1,False,,,,,
446,223.0,21,1,1,False,,,,,
446,223.0,22,1,1,False,,,,,
446,223.0,23,1,1,False,,,,,
446,223.0,24,1,1,False,,,,,
446,223.0,25,1,1,False,,,,,
446,223.0,26,1,1,False,,,,,
446,223.0,27,1,1,False,,,,,
446,223.0,28,1,1,False,,,,,
446,223.0,29,1,1,False,,,,,
446,223.0,30,1,1,False,,,,,
446,223.0,31,1,1,False,,,,,
446,223.0,32,1,1,False,,,,,
446,223.0,33,1,1,False,,,,,
446,223.0,34,1,1,False,,,,,
446,223.0,35,1,1,False,,,,,
446,223.0,36,1,1,False,,,,,
446,223.0,37,1,1,False,,,,,
446,223.0,38,1,1,False,,,,,
446,223.0,39,1,1,False,,,,,
447,223.5,0,1,1,False,,,,,
447,223.5,1,1,1,False,,,,,
447,223.5,2,1,1,False,,,,,
447,223.5,3,1,1,False,,,,,
447,223.5,4,1,1,False,,,,,
447,223.5,5,1,1,False,,,,,
447,223.5,6,1,1,False,,,,,
447,223.5,7,1,1,False,,,,,
447,223.5,8,1,1,False,,,,,
447,223.5,9,1,1,False,,,,,
447,223.5,10,1,1,False,,,,,
447,223.5,11,1,1,False,,,,,
447,223.5,12,1,1,False,,,,,
447,223.5,13,1,1,False,,,,,
447,223.5,14,1,1,False,,,,,
447,223.5,15,1,1,False,,,,,
447,223.5,16,1,1,False,,,,,
447,223.5,17,1,1,False,,,,,
447,223.5,18,1,1,False,,,,,
447,223.5,19,1,1,False,,,,,
447,223.5,20,1,1,False,,,,,
447,223.5,21,1,1,False,,,,,
447,223.5,22,1,1,False,,,,,
447,223.5,23,1,1,False,,,,,
447,223.5,24,1,1,False,,,,,
447,223.5,25,1,1,False,,,,,
447,223.5,26,1,1,False,,,,,
447,223.5,27,1,1,False,,,,,
447,223.5,28,1,1,False,,,,,
447,223.5,29,1,1,False,,,,,
447,223.5,30,1,1,False,,,,,
447,223.5,31,1,1,False,,,,,
447,223.5,32,1,1,False,,,,,
447,223.5,33,1,1,False,,,,,
447,223.5,34,1,1,False,,,,,
447,223.5,35,1,1,False,,,,,
447,223.5,36,1,1,False,,,,,
447,223.5,37,1,1,False,,,,,
447,223.5,38,1,1,False,,,,,
447,223.5,39,1,1,False,,,,,
448,224.0,0,1,1,False,,,,,
448,224.0,1,1,1,False,,,,,
448,224.0,2,1,1,False,,,,,
448,224.0,3,1,1,False,,,,,
448,224.0,4,1,1,False,,,,,
448,224.0,5,1,1,False,,,,,
448,224.0,6,1,1,False,,,,,
448,224.0,7,1,1,False,,,,,
448,224.0,8,1,1,False,,,,,
448,224.0,9,1,1,False,,,,,
448,224.0,10,1,1,False,,,,,
448,224.0,11,1,1,False,,,,,
448,224.0,12,1,1,False,,,,,
448,224.0,13,1,1,False,,,,,
448,224.0,14,1,1,False,,,,,
448,224.0,15,1,1,False,,,,,
448,224.0,16,1,1,False,,,,,
448,224.0,17,1,1,False,,,,,
448,224.0,18,1,1,False,,,,,
448,224.0,19,1,1,False,,,,,
448,224.0,20,1,1,False,,,,,
448,224.0,21,1,1,False,,,,,
448,224.0,22,1,1,False,,,,,
448,224.0,23,1,1,False,,,,,
448,224.0,24,1,1,False,,,,,
448,224.0,25,1,1,False,,,,,
448,224.0,26,1,1,False,,,,,
448,224.0,27,1,1,False,,,,,
448,224.0,28,1,1,False,,,,,
448,224.0,29,1,1,False,,,,,
448,224.0,30,1,1,False,,,,,
448,224.0,31,1,1,False,,,,,
448,224.0,32,1,1,False,,,,,
448,224.0,33,1,1,False,,,,,
448,224.0,34,1,1,False,,,,,
448,224.0,35,1,1,False,,,,,
448,224.0,36,1,1,False,,,,,
448,224.0,37,1,1,False,,,,,
448,224.0,38,1,1,False,,,,,
448,224.0,39,1,1,False,,,,,
449,224.5,0,1,1,False,,,,,
449,224.5,1,1,1,False,,,,,
449,224.5,2,1,1,False,,,,,
449,224.5,3,1,1,False,,,,,
449,224.5,4,1,1,False,,,,,
449,224.5,5,1,1,False,,,,,
449,224.5,6,1,1,False,,,,,
449,224.5,7,1,1,False,,,,,
449,224.5,8,1,1,False,,,,,
449,224.5,9,1,1,False,,,,,
449,224.5,10,1,1,False,,,,,
449,224.5,11,1,1,False,,,,,
449,224.5,12,1,1,False,,,,,
449,224.5,13,1,1,False,,,,,
449,224.5,14,1,1,False,,,,,
449,224.5,15,1,1,False,,,,,
449,224.5,16,1,1,False,,,,,
449,224.5,17,1,1,False,,,,,
449,224.5,18,1,1,False,,,,,
449,224.5,19,1,1,False,,,,,
449,224.5,20,1,1,False,,,,,
449,224.5,21,1,1,False,,,,,
449,224.5,22,1,1,False,,,,,
449,224.5,23,1,1,False,,,,,
449,224.5,24,1,1,False,,,,,
449,224.5,25,1,1,False,,,,,
449,224.5,26,1,1,False,,,,,
449,224.5,27,1,1,False,,,,,
449,224.5,28,1,1,False,,,,,
449,224.5,29,1,1,False,,,,,
449,224.5,30,1,1,False,,,,,
449,224.5,31,1,1,False,,,,,
449,224.5,32,1,1,False,,,,,
449,224.5,33,1,1,False,,,,,
449,224.5,34,1,1,False,,,,,
449,224.5,35,1,1,False,,,,,
449,224.5,36,1,1,False,,,,,
449,224.5,37,1,1,False,,,,,
449,224.5,38,1,1,False,,,,,
449,224.5,39,1,1,False,,,,,
450,225.0,0,1,1,False,,,,,
450,225.0,1,1,1,False,,,,,
450,225.0,2,1,1,False,,,,,
450,225.0,3,1,1,False,,,,,
450,225.0,4,1,1,False,,,,,
450,225.0,5,1,1,False,,,,,
450,225.0,6,1,1,False,,,,,
450,225.0,7,1,1,False,,,,,
450,225.0,8,1,1,False,,,,,
450,225.0,9,1,1,False,,,,,
450,225.0,10,1,1,False,,,,,
450,225.0,11,1,1,False,,,,,
450,225.0,12,1,1,False,,,,,
450,225.0,13,1,1,False,,,,,
450,225.0,14,1,1,False,,,,,
450,225.0,15,1,1,False,,,,,
450,225.0,16,1,1,False,,,,,
450,225.0,17,1,1,False,,,,,
450,225.0,18,1,1,False,,,,,
450,225.0,19,1,1,False,,,,,
450,225.0,20,1,1,False,,,,,
450,225.0,21,1,1,False,,,,,
450,225.0,22,1,1,False,,,,,
450,225.0,23,1,1,False,,,,,
450,225.0,24,1,1,False,,,,,
450,225.0,25,1,1,False,,,,,
450,225.0,26,1,1,False,,,,,
450,225.0,27,1,1,False,,,,,
450,225.0,28,1,1,False,,,,,
450,225.0,29,1,1,False,,,,,
450,225.0,30,1,1,False,,,,,
450,225.0,31,1,1,False,,,,,
450,225.0,32,1,1,False,,,,,
450,225.0,33,1,1,False,,,,,
450,225.0,34,1,1,False,,,,,
450,225.0,35,1,1,False,,,,,
450,225.0,36,1,1,False,,,,,
450,225.0,37,1,1,False,,,,,
450,225.0,38,1,1,False,,,,,
450,225.0,39,1,1,False,,,,,
451,225.5,0,1,1,False,,,,,
451,225.5,1,1,1,False,,,,,
451,225.5,2,1,1,False,,,,,
451,225.5,3,1,1,False,,,,,
451,225.5,4,1,1,False,,,,,
451,225.5,5,1,1,False,,,,,
451,225.5,6,1,1,False,,,,,
451,225.5,7,1,1,False,,,,,
451,225.5,8,1,1,False,,,,,
451,225.5,9,1,1,False,,,,,
451,225.5,10,1,1,False,,,,,
451,225.5,11,1,1,False,,,,,
451,225.5,12,1,1,False,,,,,
451,225.5,13,1,1,False,,,,,
451,225.5,14,1,1,False,,,,,
451,225.5,15,1,1,False,,,,,
451,225.5,16,1,1,False,,,,,
451,225.5,17,1,1,False,,,,,
451,225.5,18,1,1,False,,,,,
451,225.5,19,1,1,False,,,,,
451,225.5,20,1,1,False,,,,,
451,225.5,21,1,1,False,,,,,
451,225.5,22,1,1,False,,,,,
451,225.5,23,1,1,False,,,,,
451,225.5,24,1,1,False,,,,,
451,225.5,25,1,1,False,,,,,
451,225.5,26,1,1,False,,,,,
451,225.5,27,1,1,False,,,,,
451,225.5,28,1,1,False,,,,,
451,225.5,29,1,1,False,,,,,
451,225.5,30,1,1,False,,,,,
451,225.5,31,1,1,False,,,,,
451,225.5,32,1,1,False,,,,,
451,225.5,33,1,1,False,,,,,
451,225.5,34,1,1,False,,,,,
451,225.5,35,1,1,False,,,,,
451,225.5,36,1,1,False,,,,,
451,225.5,37,1,1,False,,,,,
451,225.5,38,1,1,False,,,,,
451,225.5,39,1,1,False,,,,,
452,226.0,0,1,1,False,,,,,
452,226.0,1,1,1,False,,,,,
452,226.0,2,1,1,False,,,,,
452,226.0,3,1,1,False,,,,,
452,226.0,4,1,1,False,,,,,
452,226.0,5,1,1,False,,,,,
452,226.0,6,1,1,False,,,,,
452,226.0,7,1,1,False,,,,,
452,226.0,8,1,1,False,,,,,
452,226.0,9,1,1,False,,,,,
452,226.0,10,1,1,False,,,,,
452,226.0,11,1,1,False,,,,,
452,226.0,12,1,1,False,,,,,
452,226.0,13,1,1,False,,,,,
452,226.0,14,1,1,False,,,,,
452,226.0,15,1,1,False,,,,,
452,226.0,16,1,1,False,,,,,
452,226.0,17,1,1,False,,,,,
452,226.0,18,1,1,False,,,,,
452,226.0,19,1,1,False,,,,,
452,226.0,20,1,1,False,,,,,
452,226.0,21,1,1,False,,,,,
452,226.0,22,1,1,False,,,,,
452,226.0,23,1,1,False,,,,,
452,226.0,24,1,1,False,,,,,
452,226.0,25,1,1,False,,,,,
452,226.0,26,1,1,False,,,,,
452,226.0,27,1,1,False,,,,,
452,226.0,28,1,1,False,,,,,
452,226.0,29,1,1,False,,,,,
452,226.0,30,1,1,False,,,,,
452,226.0,31,1,1,False,,,,,
452,226.0,32,1,1,False,,,,,
452,226.0,33,1,1,False,,,,,
452,226.0,34,1,1,False,,,,,
452,226.0,35,1,1,False,,,,,
452,226.0,36,1,1,False,,,,,
452,226.0,37,1,1,False,,,,,
452,226.0,38,1,1,False,,,,,
452,226.0,39,1,1,False,,,,,
453,226.5,0,1,1,False,,,,,
453,226.5,1,1,1,False,,,,,
453,226.5,2,1,1,False,,,,,
453,226.5,3,1,1,False,,,,,
453,226.5,4,1,1,False,,,,,
453,226.5,5,1,1,False,,,,,
453,226.5,6,1,1,False,,,,,
453,226.5,7,1,1,False,,,,,
453,226.5,8,1,1,False,,,,,
453,226.5,9,1,1,False,,,,,
453,226.5,10,1,1,False,,,,,
453,226.5,11,1,1,False,,,,,
453,226.5,12,1,1,False,,,,,
453,226.5,13,1,1,False,,,,,
453,226.5,14,1,1,False,,,,,
453,226.5,15,1,1,False,,,,,
453,226.5,16,1,1,False,,,,,
453,226.5,17,1,1,False,,,,,
453,226.5,18,1,1,False,,,,,
453,226.5,19,1,1,False,,,,,
453,226.5,20,1,1,False,,,,,
453,226.5,21,1,1,False,,,,,
453,226.5,22,1,1,False,,,,,
453,226.5,23,1,1,False,,,,,
453,226.5,24,1,1,False,,,,,
453,226.5,25,1,1,False,,,,,
453,226.5,26,1,1,False,,,,,
453,226.5,27,1,1,False,,,,,
453,226.5,28,1,1,False,,,,,
453,226.5,29,1,1,False,,,,,
453,226.5,30,1,1,False,,,,,
453,226.5,31,1,1,False,,,,,
453,226.5,32,1,1,False,,,,,
453,226.5,33,1,1,False,,,,,
453,226.5,34,1,1,False,,,,,
453,226.5,35,1,1,False,,,,,
453,226.5,36,1,1,False,,,,,
453,226.5,37,1,1,False,,,,,
453,226.5,38,1,1,False,,,,,
453,226.5,39,1,1,False,,,,,
454,227.0,0,1,1,False,,,,,
454,227.0,1,1,1,False,,,,,
454,227.0,2,1,1,False,,,,,
454,227.0,3,1,1,False,,,,,
454,227.0,4,1,1,False,,,,,
454,227.0,5,1,1,False,,,,,
454,227.0,6,1,1,False,,,,,
454,227.0,7,1,1,False,,,,,
454,227.0,8,1,1,False,,,,,
454,227.0,9,1,1,False,,,,,
454,227.0,10,1,1,False,,,,,
454,227.0,11,1,1,False,,,,,
454,227.0,12,1,1,False,,,,,
454,227.0,13,1,1,False,,,,,
454,227.0,14,1,1,False,,,,,
454,227.0,15,1,1,False,,,,,
454,227.0,16,1,1,False,,,,,
454,227.0,17,1,1,False,,,,,
454,227.0,18,1,1,False,,,,,
454,227.0,19,1,1,False,,,,,
454,227.0,20,1,1,False,,,,,
454,227.0,21,1,1,False,,,,,
454,227.0,22,1,1,False,,,,,
454,227.0,23,1,1,False,,,,,
454,227.0,24,1,1,False,,,,,
454,227.0,25,1,1,False,,,,,
454,227.0,26,1,1,False,,,,,
454,227.0,27,1,1,False,,,,,
454,227.0,28,1,1,False,,,,,
454,227.0,29,1,1,False,,,,,
454,227.0,30,1,1,False,,,,,
454,227.0,31,1,1,False,,,,,
454,227.0,32,1,1,False,,,,,
454,227.0,33,1,1,False,,,,,
454,227.0,34,1,1,False,,,,,
454,227.0,35,1,1,False,,,,,
454,227.0,36,1,1,False,,,,,
454,227.0,37,1,1,False,,,,,
454,227.0,38,1,1,False,,,,,
454,227.0,39,1,1,False,,,,,
455,227.5,0,1,1,False,,,,,
455,227.5,1,1,1,False,,,,,
455,227.5,2,1,1,False,,,,,
455,227.5,3,1,1,False,,,,,
455,227.5,4,1,1,False,,,,,
455,227.5,5,1,1,False,,,,,
455,227.5,6,1,1,False,,,,,
455,227.5,7,1,1,False,,,,,
455,227.5,8,1,1,False,,,,,
455,227.5,9,1,1,False,,,,,
455,227.5,10,1,1,False,,,,,
455,227.5,11,1,1,False,,,,,
455,227.5,12,1,1,False,,,,,
455,227.5,13,1,1,False,,,,,
455,227.5,14,1,1,False,,,,,
455,227.5,15,1,1,False,,,,,
455,227.5,16,1,1,False,,,,,
455,227.5,17,1,1,False,,,,,
455,227.5,18,1,1,False,,,,,
455,227.5,19,1,1,False,,,,,
455,227.5,20,1,1,False,,,,,
455,227.5,21,1,1,False,,,,,
455,227.5,22,1,1,False,,,,,
455,227.5,23,1,1,False,,,,,
455,227.5,24,1,1,False,,,,,
455,227.5,25,1,1,False,,,,,
455,227.5,26,1,1,False,,,,,
455,227.5,27,1,1,False,,,,,
455,227.5,28,1,1,False,,,,,
455,227.5,29,1,1,False,,,,,
455,227.5,30,1,1,False,,,,,
455,227.5,31,1,1,False,,,,,
455,227.5,32,1,1,False,,,,,
455,227.5,33,1,1,False,,,,,
455,227.5,34,1,1,False,,,,,
455,227.5,35,1,1,False,,,,,
455,227.5,36,1,1,False,,,,,
455,227.5,37,1,1,False,,,,,
455,227.5,38,1,1,False,,,,,
455,227.5,39,1,1,False,,,,,
456,228.0,0,1,1,False,,,,,
456,228.0,1,1,1,False,,,,,
456,228.0,2,1,1,False,,,,,
456,228.0,3,1,1,False,,,,,
456,228.0,4,1,1,False,,,,,
456,228.0,5,1,1,False,,,,,
456,228.0,6,1,1,False,,,,,
456,228.0,7,1,1,False,,,,,
456,228.0,8,1,1,False,,,,,
456,228.0,9,1,1,False,,,,,
456,228.0,10,1,1,False,,,,,
456,228.0,11,1,1,False,,,,,
456,228.0,12,1,1,False,,,,,
456,228.0,13,1,1,False,,,,,
456,228.0,14,1,1,False,,,,,
456,228.0,15,1,1,False,,,,,
456,228.0,16,1,1,False,,,,,
456,228.0,17,1,1,False,,,,,
456,228.0,18,1,1,False,,,,,
456,228.0,19,1,1,False,,,,,
456,228.0,20,1,1,False,,,,,
456,228.0,21,1,1,False,,,,,
456,228.0,22,1,1,False,,,,,
456,228.0,23,1,1,False,,,,,
456,228.0,24,1,1,False,,,,,
456,228.0,25,1,1,False,,,,,
456,228.0,26,1,1,False,,,,,
456,228.0,27,1,1,False,,,,,
456,228.0,28,1,1,False,,,,,
456,228.0,29,1,1,False,,,,,
456,228.0,30,1,1,False,,,,,
456,228.0,31,1,1,False,,,,,
456,228.0,32,1,1,False,,,,,
456,228.0,33,1,1,False,,,,,
456,228.0,34,1,1,False,,,,,
456,228.0,35,1,1,False,,,,,
456,228.0,36,1,1,False,,,,,
456,228.0,37,1,1,False,,,,,
456,228.0,38,1,1,False,,,,,
456,228.0,39,1,1,False,,,,,
457,228.5,0,1,1,False,,,,,
457,228.5,1,1,1,False,,,,,
457,228.5,2,1,1,False,,,,,
457,228.5,3,1,1,False,,,,,
457,228.5,4,1,1,False,,,,,
457,228.5,5,1,1,False,,,,,
457,228.5,6,1,1,False,,,,,
457,228.5,7,1,1,False,,,,,
457,228.5,8,1,1,False,,,,,
457,228.5,9,1,1,False,,,,,
457,228.5,10,1,1,False,,,,,
457,228.5,11,1,1,False,,,,,
457,228.5,12,1,1,False,,,,,
457,228.5,13,1,1,False,,,,,
457,228.5,14,1,1,False,,,,,
457,228.5,15,1,1,False,,,,,
457,228.5,16,1,1,False,,,,,
457,228.5,17,1,1,False,,,,,
457,228.5,18,1,1,False,,,,,
457,228.5,19,1,1,False,,,,,
457,228.5,20,1,1,False,,,,,
457,228.5,21,1,1,False,,,,,
457,228.5,22,1,1,False,,,,,
457,228.5,23,1,1,False,,,,,
457,228.5,24,1,1,False,,,,,
457,228.5,25,1,1,False,,,,,
457,228.5,26,1,1,False,,,,,
457,228.5,27,1,1,False,,,,,
457,228.5,28,1,1,False,,,,,
457,228.5,29,1,1,False,,,,,
457,228.5,30,1,1,False,,,,,
457,228.5,31,1,1,False,,,,,
457,228.5,32,1,1,False,,,,,
457,228.5,33,1,1,False,,,,,
457,228.5,34,1,1,False,,,,,
457,228.5,35,1,1,False,,,,,
457,228.5,36,1,1,False,,,,,
457,228.5,37,1,1,False,,,,,
457,228.5,38,1,1,False,,,,,
457,228.5,39,1,1,False,,,,,
458,229.0,0,1,1,False,,,,,
458,229.0,1,1,1,False,,,,,
458,229.0,2,1,1,False,,,,,
458,229.0,3,1,1,False,,,,,
458,229.0,4,1,1,False,,,,,
458,229.0,5,1,1,False,,,,,
458,229.0,6,1,1,False,,,,,
458,229.0,7,1,1,False,,,,,
458,229.0,8,1,1,False,,,,,
458,229.0,9,1,1,False,,,,,
458,229.0,10,1,1,False,,,,,
458,229.0,11,1,1,False,,,,,
458,229.0,12,1,1,False,,,,,
458,229.0,13,1,1,False,,,,,
458,229.0,14,1,1,False,,,,,
458,229.0,15,1,1,False,,,,,
458,229.0,16,1,1,False,,,,,
458,229.0,17,1,1,False,,,,,
458,229.0,18,1,1,False,,,,,
458,229.0,19,1,1,False,,,,,
458,229.0,20,1,1,False,,,,,
458,229.0,21,1,1,False,,,,,
458,229.0,22,1,1,False,,,,,
458,229.0,23,1,1,False,,,,,
458,229.0,24,1,1,False,,,,,
458,229.0,25,1,1,False,,,,,
458,229.0,26,1,1,False,,,,,
458,229.0,27,1,1,False,,,,,
458,229.0,28,1,1,False,,,,,
458,229.0,29,1,1,False,,,,,
458,229.0,30,1,1,False,,,,,
458,229.0,31,1,1,False,,,,,
458,229.0,32,1,1,False,,,,,
458,229.0,33,1,1,False,,,,,
458,229.0,34,1,1,False,,,,,
458,229.0,35,1,1,False,,,,,
458,229.0,36,1,1,False,,,,,
458,229.0,37,1,1,False,,,,,
458,229.0,38,1,1,False,,,,,
458,229.0,39,1,1,False,,,,,
459,229.5,0,1,1,False,,,,,
459,229.5,1,1,1,False,,,,,
459,229.5,2,1,1,False,,,,,
459,229.5,3,1,1,False,,,,,
459,229.5,4,1,1,False,,,,,
459,229.5,5,1,1,False,,,,,
459,229.5,6,1,1,False,,,,,
459,229.5,7,1,1,False,,,,,
459,229.5,8,1,1,False,,,,,
459,229.5,9,1,1,False,,,,,
459,229.5,10,1,1,False,,,,,
459,229.5,11,1,1,False,,,,,
459,229.5,12,1,1,False,,,,,
459,229.5,13,1,1,False,,,,,
459,229.5,14,1,1,False,,,,,
459,229.5,15,1,1,False,,,,,
459,229.5,16,1,1,False,,,,,
459,229.5,17,1,1,False,,,,,
459,229.5,18,1,1,False,,,,,
459,229.5,19,1,1,False,,,,,
459,229.5,20,1,1,False,,,,,
459,229.5,21,1,1,False,,,,,
459,229.5,22,1,1,False,,,,,
459,229.5,23,1,1,False,,,,,
459,229.5,24,1,1,False,,,,,
459,229.5,25,1,1,False,,,,,
459,229.5,26,1,1,False,,,,,
459,229.5,27,1,1,False,,,,,
459,229.5,28,1,1,False,,,,,
459,229.5,29,1,1,False,,,,,
459,229.5,30,1,1,False,,,,,
459,229.5,31,1,1,False,,,,,
459,229.5,32,1,1,False,,,,,
459,229.5,33,1,1,False,,,,,
459,229.5,34,1,1,False,,,,,
459,229.5,35,1,1,False,,,,,
459,229.5,36,1,1,False,,,,,
459,229.5,37,1,1,False,,,,,
459,229.5,38,1,1,False,,,,,
459,229.5,39,1,1,False,,,,,
460,230.0,0,1,1,False,,,,,
460,230.0,1,1,1,False,,,,,
460,230.0,2,1,1,False,,,,,
460,230.0,3,1,1,False,,,,,
460,230.0,4,1,1,False,,,,,
460,230.0,5,1,1,False,,,,,
460,230.0,6,1,1,False,,,,,
460,230.0,7,1,1,False,,,,,
460,230.0,8,1,1,False,,,,,
460,230.0,9,1,1,False,,,,,
460,230.0,10,1,1,False,,,,,
460,230.0,11,1,1,False,,,,,
460,230.0,12,1,1,False,,,,,
460,230.0,13,1,1,False,,,,,
460,230.0,14,1,1,False,,,,,
460,230.0,15,1,1,False,,,,,
460,230.0,16,1,1,False,,,,,
460,230.0,17,1,1,False,,,,,
460,230.0,18,1,1,False,,,,,
460,230.0,19,1,1,False,,,,,
460,230.0,20,1,1,False,,,,,
460,230.0,21,1,1,False,,,,,
460,230.0,22,1,1,False,,,,,
460,230.0,23,1,1,False,,,,,
460,230.0,24,1,1,False,,,,,
460,230.0,25,1,1,False,,,,,
460,230.0,26,1,1,False,,,,,
460,230.0,27,1,1,False,,,,,
460,230.0,28,1,1,False,,,,,
460,230.0,29,1,1,False,,,,,
460,230.0,30,1,1,False,,,,,
460,230.0,31,1,1,False,,,,,
460,230.0,32,1,1,False,,,,,
460,230.0,33,1,1,False,,,,,
460,230.0,34,1,1,False,,,,,
460,230.0,35,1,1,False,,,,,
460,230.0,36,1,1,False,,,,,
460,230.0,37,1,1,False,,,,,
460,230.0,38,1,1,False,,,,,
460,230.0,39,1,1,False,,,,,
461,230.5,0,1,1,False,,,,,
461,230.5,1,1,1,False,,,,,
461,230.5,2,1,1,False,,,,,
461,230.5,3,1,1,False,,,,,
461,230.5,4,1,1,False,,,,,
461,230.5,5,1,1,False,,,,,
461,230.5,6,1,1,False,,,,,
461,230.5,7,1,1,False,,,,,
461,230.5,8,1,1,False,,,,,
461,230.5,9,1,1,False,,,,,
461,230.5,10,1,1,False,,,,,
461,230.5,11,1,1,False,,,,,
461,230.5,12,1,1,False,,,,,
461,230.5,13,1,1,False,,,,,
461,230.5,14,1,1,False,,,,,
461,230.5,15,1,1,False,,,,,
461,230.5,16,1,1,False,,,,,
461,230.5,17,1,1,False,,,,,
461,230.5,18,1,1,False,,,,,
461,230.5,19,1,1,False,,,,,
461,230.5,20,1,1,False,,,,,
461,230.5,21,1,1,False,,,,,
461,230.5,22,1,1,False,,,,,
461,230.5,23,1,1,False,,,,,
461,230.5,24,1,1,False,,,,,
461,230.5,25,1,1,False,,,,,
461,230.5,26,1,1,False,,,,,
461,230.5,27,1,1,False,,,,,
461,230.5,28,1,1,False,,,,,
461,230.5,29,1,1,False,,,,,
461,230.5,30,1,1,False,,,,,
461,230.5,31,1,1,False,,,,,
461,230.5,32,1,1,False,,,,,
461,230.5,33,1,1,False,,,,,
461,230.5,34,1,1,False,,,,,
461,230.5,35,1,1,False,,,,,
461,230.5,36,1,1,False,,,,,
461,230.5,37,1,1,False,,,,,
461,230.5,38,1,1,False,,,,,
461,230.5,39,1,1,False,,,,,
462,231.0,0,1,1,False,,,,,
462,231.0,1,1,1,False,,,,,
462,231.0,2,1,1,False,,,,,
462,231.0,3,1,1,False,,,,,
462,231.0,4,1,1,False,,,,,
462,231.0,5,1,1,False,,,,,
462,231.0,6,1,1,False,,,,,
462,231.0,7,1,1,False,,,,,
462,231.0,8,1,1,False,,,,,
462,231.0,9,1,1,False,,,,,
462,231.0,10,1,1,False,,,,,
462,231.0,11,1,1,False,,,,,
462,231.0,12,1,1,False,,,,,
462,231.0,13,1,1,False,,,,,
462,231.0,14,1,1,False,,,,,
462,231.0,15,1,1,False,,,,,
462,231.0,16,1,1,False,,,,,
462,231.0,17,1,1,False,,,,,
462,231.0,18,1,1,False,,,,,
462,231.0,19,1,1,False,,,,,
462,231.0,20,1,1,False,,,,,
462,231.0,21,1,1,False,,,,,
462,231.0,22,1,1,False,,,,,
462,231.0,23,1,1,False,,,,,
462,231.0,24,1,1,False,,,,,
462,231.0,25,1,1,False,,,,,
462,231.0,26,1,1,False,,,,,
462,231.0,27,1,1,False,,,,,
462,231.0,28,1,1,False,,,,,
462,231.0,29,1,1,False,,,,,
462,231.0,30,1,1,False,,,,,
462,231.0,31,1,1,False,,,,,
462,231.0,32,1,1,False,,,,,
462,231.0,33,1,1,False,,,,,
462,231.0,34,1,1,False,,,,,
462,231.0,35,1,1,False,,,,,
462,231.0,36,1,1,False,,,,,
462,231.0,37,1,1,False,,,,,
462,231.0,38,1,1,False,,,,,
462,231.0,39,1,1,False,,,,,
463,231.5,0,1,1,False,,,,,
463,231.5,1,1,1,False,,,,,
463,231.5,2,1,1,False,,,,,
463,231.5,3,1,1,False,,,,,
463,231.5,4,1,1,False,,,,,
463,231.5,5,1,1,False,,,,,
463,231.5,6,1,1,False,,,,,
463,231.5,7,1,1,False,,,,,
463,231.5,8,1,1,False,,,,,
463,231.5,9,1,1,False,,,,,
463,231.5,10,1,1,False,,,,,
463,231.5,11,1,1,False,,,,,
463,231.5,12,1,1,False,,,,,
463,231.5,13,1,1,False,,,,,
463,231.5,14,1,1,False,,,,,
463,231.5,15,1,1,False,,,,,
463,231.5,16,1,1,False,,,,,
463,231.5,17,1,1,False,,,,,
463,231.5,18,1,1,False,,,,,
463,231.5,19,1,1,False,,,,,
463,231.5,20,1,1,False,,,,,
463,231.5,21,1,1,False,,,,,
463,231.5,22,1,1,False,,,,,
463,231.5,23,1,1,False,,,,,
463,231.5,24,1,1,False,,,,,
463,231.5,25,1,1,False,,,,,
463,231.5,26,1,1,False,,,,,
463,231.5,27,1,1,False,,,,,
463,231.5,28,1,1,False,,,,,
463,231.5,29,1,1,False,,,,,
463,231.5,30,1,1,False,,,,,
463,231.5,31,1,1,False,,,,,
463,231.5,32,1,1,False,,,,,
463,231.5,33,1,1,False,,,,,
463,231.5,34,1,1,False,,,,,
463,231.5,35,1,1,False,,,,,
463,231.5,36,1,1,False,,,,,
463,231.5,37,1,1,False,,,,,
463,231.5,38,1,1,False,,,,,
463,231.5,39,1,1,False,,,,,
464,232.0,0,1,1,False,,,,,
464,232.0,1,1,1,False,,,,,
464,232.0,2,1,1,False,,,,,
464,232.0,3,1,1,False,,,,,
464,232.0,4,1,1,False,,,,,
464,232.0,5,1,1,False,,,,,
464,232.0,6,1,1,False,,,,,
464,232.0,7,1,1,False,,,,,
464,232.0,8,1,1,False,,,,,
464,232.0,9,1,1,False,,,,,
464,232.0,10,1,1,False,,,,,
464,232.0,11,1,1,False,,,,,
464,232.0,12,1,1,False,,,,,
464,232.0,13,1,1,False,,,,,
464,232.0,14,1,1,False,,,,,
464,232.0,15,1,1,False,,,,,
464,232.0,16,1,1,False,,,,,
464,232.0,17,1,1,False,,,,,
464,232.0,18,1,1,False,,,,,
464,232.0,19,1,1,False,,,,,
464,232.0,20,1,1,False,,,,,
464,232.0,21,1,1,False,,,,,
464,232.0,22,1,1,False,,,,,
464,232.0,23,1,1,False,,,,,
464,232.0,24,1,1,False,,,,,
464,232.0,25,1,1,False,,,,,
464,232.0,26,1,1,False,,,,,
464,232.0,27,1,1,False,,,,,
464,232.0,28,1,1,False,,,,,
464,232.0,29,1,1,False,,,,,
464,232.0,30,1,1,False,,,,,
464,232.0,31,1,1,False,,,,,
464,232.0,32,1,1,False,,,,,
464,232.0,33,1,1,False,,,,,
464,232.0,34,1,1,False,,,,,
464,232.0,35,1,1,False,,,,,
464,232.0,36,1,1,False,,,,,
464,232.0,37,1,1,False,,,,,
464,232.0,38,1,1,False,,,,,
464,232.0,39,1,1,False,,,,,
465,232.5,0,1,1,False,,,,,
465,232.5,1,1,1,False,,,,,
465,232.5,2,1,1,False,,,,,
465,232.5,3,1,1,False,,,,,
465,232.5,4,1,1,False,,,,,
465,232.5,5,1,1,False,,,,,
465,232.5,6,1,1,False,,,,,
465,232.5,7,1,1,False,,,,,
465,232.5,8,1,1,False,,,,,
465,232.5,9,1,1,False,,,,,
465,232.5,10,1,1,False,,,,,
465,232.5,11,1,1,False,,,,,
465,232.5,12,1,1,False,,,,,
465,232.5,13,1,1,False,,,,,
465,232.5,14,1,1,False,,,,,
465,232.5,15,1,1,False,,,,,
465,232.5,16,1,1,False,,,,,
465,232.5,17,1,1,False,,,,,
465,232.5,18,1,1,False,,,,,
465,232.5,19,1,1,False,,,,,
465,232.5,20,1,1,False,,,,,
465,232.5,21,1,1,False,,,,,
465,232.5,22,1,1,False,,,,,
465,232.5,23,1,1,False,,,,,
465,232.5,24,1,1,False,,,,,
465,232.5,25,1,1,False,,,,,
465,232.5,26,1,1,False,,,,,
465,232.5,27,1,1,False,,,,,
465,232.5,28,1,1,False,,,,,
465,232.5,29,1,1,False,,,,,
465,232.5,30,1,1,False,,,,,
465,232.5,31,1,1,False,,,,,
465,232.5,32,1,1,False,,,,,
465,232.5,33,1,1,False,,,,,
465,232.5,34,1,1,False,,,,,
465,232.5,35,1,1,False,,,,,
465,232.5,36,1,1,False,,,,,
465,232.5,37,1,1,False,,,,,
465,232.5,38,1,1,False,,,,,
465,232.5,39,1,1,False,,,,,
466,233.0,0,1,1,False,,,,,
466,233.0,1,1,1,False,,,,,
466,233.0,2,1,1,False,,,,,
466,233.0,3,1,1,False,,,,,
466,233.0,4,1,1,False,,,,,
466,233.0,5,1,1,False,,,,,
466,233.0,6,1,1,False,,,,,
466,233.0,7,1,1,False,,,,,
466,233.0,8,1,1,False,,,,,
466,233.0,9,1,1,False,,,,,
466,233.0,10,1,1,False,,,,,
466,233.0,11,1,1,False,,,,,
466,233.0,12,1,1,False,,,,,
466,233.0,13,1,1,False,,,,,
466,233.0,14,1,1,False,,,,,
466,233.0,15,1,1,False,,,,,
466,233.0,16,1,1,False,,,,,
466,233.0,17,1,1,False,,,,,
466,233.0,18,1,1,False,,,,,
466,233.0,19,1,1,False,,,,,
466,233.0,20,1,1,False,,,,,
466,233.0,21,1,1,False,,,,,
466,233.0,22,1,1,False,,,,,
466,233.0,23,1,1,False,,,,,
466,233.0,24,1,1,False,,,,,
466,233.0,25,1,1,False,,,,,
466,233.0,26,1,1,False,,,,,
466,233.0,27,1,1,False,,,,,
466,233.0,28,1,1,False,,,,,
466,233.0,29,1,1,False,,,,,
466,233.0,30,1,1,False,,,,,
466,233.0,31,1,1,False,,,,,
466,233.0,32,1,1,False,,,,,
466,233.0,33,1,1,False,,,,,
466,233.0,34,1,1,False,,,,,
466,233.0,35,1,1,False,,,,,
466,233.0,36,1,1,False,,,,,
466,233.0,37,1,1,False,,,,,
466,233.0,38,1,1,False,,,,,
466,233.0,39,1,1,False,,,,,
467,233.5,0,1,1,False,,,,,
467,233.5,1,1,1,False,,,,,
467,233.5,2,1,1,False,,,,,
467,233.5,3,1,1,False,,,,,
467,233.5,4,1,1,False,,,,,
467,233.5,5,1,1,False,,,,,
467,233.5,6,1,1,False,,,,,
467,233.5,7,1,1,False,,,,,
467,233.5,8,1,1,False,,,,,
467,233.5,9,1,1,False,,,,,
467,233.5,10,1,1,False,,,,,
467,233.5,11,1,1,False,,,,,
467,233.5,12,1,1,False,,,,,
467,233.5,13,1,1,False,,,,,
467,233.5,14,1,1,False,,,,,
467,233.5,15,1,1,False,,,,,
467,233.5,16,1,1,False,,,,,
467,233.5,17,1,1,False,,,,,
467,233.5,18,1,1,False,,,,,
467,233.5,19,1,1,False,,,,,
467,233.5,20,1,1,False,,,,,
467,233.5,21,1,1,False,,,,,
467,233.5,22,1,1,False,,,,,
467,233.5,23,1,1,False,,,,,
467,233.5,24,1,1,False,,,,,
467,233.5,25,1,1,False,,,,,
467,233.5,26,1,1,False,,,,,
467,233.5,27,1,1,False,,,,,
467,233.5,28,1,1,False,,,,,
467,233.5,29,1,1,False,,,,,
467,233.5,30,1,1,False,,,,,
467,233.5,31,1,1,False,,,,,
467,233.5,32,1,1,False,,,,,
467,233.5,33,1,1,False,,,,,
467,233.5,34,1,1,False,,,,,
467,233.5,35,1,1,False,,,,,
467,233.5,36,1,1,False,,,,,
467,233.5,37,1,1,False,,,,,
467,233.5,38,1,1,False,,,,,
467,233.5,39,1,1,False,,,,,
468,234.0,0,1,1,False,,,,,
468,234.0,1,1,1,False,,,,,
468,234.0,2,1,1,False,,,,,
468,234.0,3,1,1,False,,,,,
468,234.0,4,1,1,False,,,,,
468,234.0,5,1,1,False,,,,,
468,234.0,6,1,1,False,,,,,
468,234.0,7,1,1,False,,,,,
468,234.0,8,1,1,False,,,,,
468,234.0,9,1,1,False,,,,,
468,234.0,10,1,1,False,,,,,
468,234.0,11,1,1,False,,,,,
468,234.0,12,1,1,False,,,,,
468,234.0,13,1,1,False,,,,,
468,234.0,14,1,1,False,,,,,
468,234.0,15,1,1,False,,,,,
468,234.0,16,1,1,False,,,,,
468,234.0,17,1,1,False,,,,,
468,234.0,18,1,1,False,,,,,
468,234.0,19,1,1,False,,,,,
468,234.0,20,1,1,False,,,,,
468,234.0,21,1,1,False,,,,,
468,234.0,22,1,1,False,,,,,
468,234.0,23,1,1,False,,,,,
468,234.0,24,1,1,False,,,,,
468,234.0,25,1,1,False,,,,,
468,234.0,26,1,1,False,,,,,
468,234.0,27,1,1,False,,,,,
468,234.0,28,1,1,False,,,,,
468,234.0,29,1,1,False,,,,,
468,234.0,30,1,1,False,,,,,
468,234.0,31,1,1,False,,,,,
468,234.0,32,1,1,False,,,,,
468,234.0,33,1,1,False,,,,,
468,234.0,34,1,1,False,,,,,
468,234.0,35,1,1,False,,,,,
468,234.0,36,1,1,False,,,,,
468,234.0,37,1,1,False,,,,,
468,234.0,38,1,1,False,,,,,
468,234.0,39,1,1,False,,,,,
469,234.5,0,1,1,False,,,,,
469,234.5,1,1,1,False,,,,,
469,234.5,2,1,1,False,,,,,
469,234.5,3,1,1,False,,,,,
469,234.5,4,1,1,False,,,,,
469,234.5,5,1,1,False,,,,,
469,234.5,6,1,1,False,,,,,
469,234.5,7,1,1,False,,,,,
469,234.5,8,1,1,False,,,,,
469,234.5,9,1,1,False,,,,,
469,234.5,10,1,1,False,,,,,
469,234.5,11,1,1,False,,,,,
469,234.5,12,1,1,False,,,,,
469,234.5,13,1,1,False,,,,,
469,234.5,14,1,1,False,,,,,
469,234.5,15,1,1,False,,,,,
469,234.5,16,1,1,False,,,,,
469,234.5,17,1,1,False,,,,,
469,234.5,18,1,1,False,,,,,
469,234.5,19,1,1,False,,,,,
469,234.5,20,1,1,False,,,,,
469,234.5,21,1,1,False,,,,,
469,234.5,22,1,1,False,,,,,
469,234.5,23,1,1,False,,,,,
469,234.5,24,1,1,False,,,,,
469,234.5,25,1,1,False,,,,,
469,234.5,26,1,1,False,,,,,
469,234.5,27,1,1,False,,,,,
469,234.5,28,1,1,False,,,,,
469,234.5,29,1,1,False,,,,,
469,234.5,30,1,1,False,,,,,
469,234.5,31,1,1,False,,,,,
469,234.5,32,1,1,False,,,,,
469,234.5,33,1,1,False,,,,,
469,234.5,34,1,1,False,,,,,
469,234.5,35,1,1,False,,,,,
469,234.5,36,1,1,False,,,,,
469,234.5,37,1,1,False,,,,,
469,234.5,38,1,1,False,,,,,
469,234.5,39,1,1,False,,,,,
470,235.0,0,1,1,False,,,,,
470,235.0,1,1,1,False,,,,,
470,235.0,2,1,1,False,,,,,
470,235.0,3,1,1,False,,,,,
470,235.0,4,1,1,False,,,,,
470,235.0,5,1,1,False,,,,,
470,235.0,6,1,1,False,,,,,
470,235.0,7,1,1,False,,,,,
470,235.0,8,1,1,False,,,,,
470,235.0,9,1,1,False,,,,,
470,235.0,10,1,1,False,,,,,
470,235.0,11,1,1,False,,,,,
470,235.0,12,1,1,False,,,,,
470,235.0,13,1,1,False,,,,,
470,235.0,14,1,1,False,,,,,
470,235.0,15,1,1,False,,,,,
470,235.0,16,1,1,False,,,,,
470,235.0,17,1,1,False,,,,,
470,235.0,18,1,1,False,,,,,
470,235.0,19,1,1,False,,,,,
470,235.0,20,1,1,False,,,,,
470,235.0,21,1,1,False,,,,,
470,235.0,22,1,1,False,,,,,
470,235.0,23,1,1,False,,,,,
470,235.0,24,1,1,False,,,,,
470,235.0,25,1,1,False,,,,,
470,235.0,26,1,1,False,,,,,
470,235.0,27,1,1,False,,,,,
470,235.0,28,1,1,False,,,,,
470,235.0,29,1,1,False,,,,,
470,235.0,30,1,1,False,,,,,
470,235.0,31,1,1,False,,,,,
470,235.0,32,1,1,False,,,,,
470,235.0,33,1,1,False,,,,,
470,235.0,34,1,1,False,,,,,
470,235.0,35,1,1,False,,,,,
470,235.0,36,1,1,False,,,,,
470,235.0,37,1,1,False,,,,,
470,235.0,38,1,1,False,,,,,
470,235.0,39,1,1,False,,,,,
471,235.5,0,1,1,False,,,,,
471,235.5,1,1,1,False,,,,,
471,235.5,2,1,1,False,,,,,
471,235.5,3,1,1,False,,,,,
471,235.5,4,1,1,False,,,,,
471,235.5,5,1,1,False,,,,,
471,235.5,6,1,1,False,,,,,
471,235.5,7,1,1,False,,,,,
471,235.5,8,1,1,False,,,,,
471,235.5,9,1,1,False,,,,,
471,235.5,10,1,1,False,,,,,
471,235.5,11,1,1,False,,,,,
471,235.5,12,1,1,False,,,,,
471,235.5,13,1,1,False,,,,,
471,235.5,14,1,1,False,,,,,
471,235.5,15,1,1,False,,,,,
471,235.5,16,1,1,False,,,,,
471,235.5,17,1,1,False,,,,,
471,235.5,18,1,1,False,,,,,
471,235.5,19,1,1,False,,,,,
471,235.5,20,1,1,False,,,,,
471,235.5,21,1,1,False,,,,,
471,235.5,22,1,1,False,,,,,
471,235.5,23,1,1,False,,,,,
471,235.5,24,1,1,False,,,,,
471,235.5,25,1,1,False,,,,,
471,235.5,26,1,1,False,,,,,
471,235.5,27,1,1,False,,,,,
471,235.5,28,1,1,False,,,,,
471,235.5,29,1,1,False,,,,,
471,235.5,30,1,1,False,,,,,
471,235.5,31,1,1,False,,,,,
471,235.5,32,1,1,False,,,,,
471,235.5,33,1,1,False,,,,,
471,235.5,34,1,1,False,,,,,
471,235.5,35,1,1,False,,,,,
471,235.5,36,1,1,False,,,,,
471,235.5,37,1,1,False,,,,,
471,235.5,38,1,1,False,,,,,
471,235.5,39,1,1,False,,,,,
472,236.0,0,1,1,False,,,,,
472,236.0,1,1,1,False,,,,,
472,236.0,2,1,1,False,,,,,
472,236.0,3,1,1,False,,,,,
472,236.0,4,1,1,False,,,,,
472,236.0,5,1,1,False,,,,,
472,236.0,6,1,1,False,,,,,
472,236.0,7,1,1,False,,,,,
472,236.0,8,1,1,False,,,,,
472,236.0,9,1,1,False,,,,,
472,236.0,10,1,1,False,,,,,
472,236.0,11,1,1,False,,,,,
472,236.0,12,1,1,False,,,,,
472,236.0,13,1,1,False,,,,,
472,236.0,14,1,1,False,,,,,
472,236.0,15,1,1,False,,,,,
472,236.0,16,1,1,False,,,,,
472,236.0,17,1,1,False,,,,,
472,236.0,18,1,1,False,,,,,
472,236.0,19,1,1,False,,,,,
472,236.0,20,1,1,False,,,,,
472,236.0,21,1,1,False,,,,,
472,236.0,22,1,1,False,,,,,
472,236.0,23,1,1,False,,,,,
472,236.0,24,1,1,False,,,,,
472,236.0,25,1,1,False,,,,,
472,236.0,26,1,1,False,,,,,
472,236.0,27,1,1,False,,,,,
472,236.0,28,1,1,False,,,,,
472,236.0,29,1,1,False,,,,,
472,236.0,30,1,1,False,,,,,
472,236.0,31,1,1,False,,,,,
472,236.0,32,1,1,False,,,,,
472,236.0,33,1,1,False,,,,,
472,236.0,34,1,1,False,,,,,
472,236.0,35,1,1,False,,,,,
472,236.0,36,1,1,False,,,,,
472,236.0,37,1,1,False,,,,,
472,236.0,38,1,1,False,,,,,
472,236.0,39,1,1,False,,,,,
473,236.5,0,1,1,False,,,,,
473,236.5,1,1,1,False,,,,,
473,236.5,2,1,1,False,,,,,
473,236.5,3,1,1,False,,,,,
473,236.5,4,1,1,False,,,,,
473,236.5,5,1,1,False,,,,,
473,236.5,6,1,1,False,,,,,
473,236.5,7,1,1,False,,,,,
473,236.5,8,1,1,False,,,,,
473,236.5,9,1,1,False,,,,,
473,236.5,10,1,1,False,,,,,
473,236.5,11,1,1,False,,,,,
473,236.5,12,1,1,False,,,,,
473,236.5,13,1,1,False,,,,,
473,236.5,14,1,1,False,,,,,
473,236.5,15,1,1,False,,,,,
473,236.5,16,1,1,False,,,,,
473,236.5,17,1,1,False,,,,,
473,236.5,18,1,1,False,,,,,
473,236.5,19,1,1,False,,,,,
473,236.5,20,1,1,False,,,,,
473,236.5,21,1,1,False,,,,,
473,236.5,22,1,1,False,,,,,
473,236.5,23,1,1,False,,,,,
473,236.5,24,1,1,False,,,,,
473,236.5,25,1,1,False,,,,,
473,236.5,26,1,1,False,,,,,
473,236.5,27,1,1,False,,,,,
473,236.5,28,1,1,False,,,,,
473,236.5,29,1,1,False,,,,,
473,236.5,30,1,1,False,,,,,
473,236.5,31,1,1,False,,,,,
473,236.5,32,1,1,False,,,,,
473,236.5,33,1,1,False,,,,,
473,236.5,34,1,1,False,,,,,
473,236.5,35,1,1,False,,,,,
473,236.5,36,1,1,False,,,,,
473,236.5,37,1,1,False,,,,,
473,236.5,38,1,1,False,,,,,
473,236.5,39,1,1,False,,,,,
474,237.0,0,1,1,False,,,,,
474,237.0,1,1,1,False,,,,,
474,237.0,2,1,1,False,,,,,
474,237.0,3,1,1,False,,,,,
474,237.0,4,1,1,False,,,,,
474,237.0,5,1,1,False,,,,,
474,237.0,6,1,1,False,,,,,
474,237.0,7,1,1,False,,,,,
474,237.0,8,1,1,False,,,,,
474,237.0,9,1,1,False,,,,,
474,237.0,10,1,1,False,,,,,
474,237.0,11,1,1,False,,,,,
474,237.0,12,1,1,False,,,,,
474,237.0,13,1,1,False,,,,,
474,237.0,14,1,1,False,,,,,
474,237.0,15,1,1,False,,,,,
474,237.0,16,1,1,False,,,,,
474,237.0,17,1,1,False,,,,,
474,237.0,18,1,1,False,,,,,
474,237.0,19,1,1,False,,,,,
474,237.0,20,1,1,False,,,,,
474,237.0,21,1,1,False,,,,,
474,237.0,22,1,1,False,,,,,
474,237.0,23,1,1,False,,,,,
474,237.0,24,1,1,False,,,,,
474,237.0,25,1,1,False,,,,,
474,237.0,26,1,1,False,,,,,
474,237.0,27,1,1,False,,,,,
474,237.0,28,1,1,False,,,,,
474,237.0,29,1,1,False,,,,,
474,237.0,30,1,1,False,,,,,
474,237.0,31,1,1,False,,,,,
474,237.0,32,1,1,False,,,,,
474,237.0,33,1,1,False,,,,,
474,237.0,34,1,1,False,,,,,
474,237.0,35,1,1,False,,,,,
474,237.0,36,1,1,False,,,,,
474,237.0,37,1,1,False,,,,,
474,237.0,38,1,1,False,,,,,
474,237.0,39,1,1,False,,,,,
475,237.5,0,1,1,False,,,,,
475,237.5,1,1,1,False,,,,,
475,237.5,2,1,1,False,,,,,
475,237.5,3,1,1,False,,,,,
475,237.5,4,1,1,False,,,,,
475,237.5,5,1,1,False,,,,,
475,237.5,6,1,1,False,,,,,
475,237.5,7,1,1,False,,,,,
475,237.5,8,1,1,False,,,,,
475,237.5,9,1,1,False,,,,,
475,237.5,10,1,1,False,,,,,
475,237.5,11,1,1,False,,,,,
475,237.5,12,1,1,False,,,,,
475,237.5,13,1,1,False,,,,,
475,237.5,14,1,1,False,,,,,
475,237.5,15,1,1,False,,,,,
475,237.5,16,1,1,False,,,,,
475,237.5,17,1,1,False,,,,,
475,237.5,18,1,1,False,,,,,
475,237.5,19,1,1,False,,,,,
475,237.5,20,1,1,False,,,,,
475,237.5,21,1,1,False,,,,,
475,237.5,22,1,1,False,,,,,
475,237.5,23,1,1,False,,,,,
475,237.5,24,1,1,False,,,,,
475,237.5,25,1,1,False,,,,,
475,237.5,26,1,1,False,,,,,
475,237.5,27,1,1,False,,,,,
475,237.5,28,1,1,False,,,,,
475,237.5,29,1,1,False,,,,,
475,237.5,30,1,1,False,,,,,
475,237.5,31,1,1,False,,,,,
475,237.5,32,1,1,False,,,,,
475,237.5,33,1,1,False,,,,,
475,237.5,34,1,1,False,,,,,
475,237.5,35,1,1,False,,,,,
475,237.5,36,1,1,False,,,,,
475,237.5,37,1,1,False,,,,,
475,237.5,38,1,1,False,,,,,
475,237.5,39,1,1,False,,,,,
476,238.0,0,1,1,False,,,,,
476,238.0,1,1,1,False,,,,,
476,238.0,2,1,1,False,,,,,
476,238.0,3,1,1,False,,,,,
476,238.0,4,1,1,False,,,,,
476,238.0,5,1,1,False,,,,,
476,238.0,6,1,1,False,,,,,
476,238.0,7,1,1,False,,,,,
476,238.0,8,1,1,False,,,,,
476,238.0,9,1,1,False,,,,,
476,238.0,10,1,1,False,,,,,
476,238.0,11,1,1,False,,,,,
476,238.0,12,1,1,False,,,,,
476,238.0,13,1,1,False,,,,,
476,238.0,14,1,1,False,,,,,
476,238.0,15,1,1,False,,,,,
476,238.0,16,1,1,False,,,,,
476,238.0,17,1,1,False,,,,,
476,238.0,18,1,1,False,,,,,
476,238.0,19,1,1,False,,,,,
476,238.0,20,1,1,False,,,,,
476,238.0,21,1,1,False,,,,,
476,238.0,22,1,1,False,,,,,
476,238.0,23,1,1,False,,,,,
476,238.0,24,1,1,False,,,,,
476,238.0,25,1,1,False,,,,,
476,238.0,26,1,1,False,,,,,
476,238.0,27,1,1,False,,,,,
476,238.0,28,1,1,False,,,,,
476,238.0,29,1,1,False,,,,,
476,238.0,30,1,1,False,,,,,
476,238.0,31,1,1,False,,,,,
476,238.0,32,1,1,False,,,,,
476,238.0,33,1,1,False,,,,,
476,238.0,34,1,1,False,,,,,
476,238.0,35,1,1,False,,,,,
476,238.0,36,1,1,False,,,,,
476,238.0,37,1,1,False,,,,,
476,238.0,38,1,1,False,,,,,
476,238.0,39,1,1,False,,,,,
477,238.5,0,1,1,False,,,,,
477,238.5,1,1,1,False,,,,,
477,238.5,2,1,1,False,,,,,
477,238.5,3,1,1,False,,,,,
477,238.5,4,1,1,False,,,,,
477,238.5,5,1,1,False,,,,,
477,238.5,6,1,1,False,,,,,
477,238.5,7,1,1,False,,,,,
477,238.5,8,1,1,False,,,,,
477,238.5,9,1,1,False,,,,,
477,238.5,10,1,1,False,,,,,
477,238.5,11,1,1,False,,,,,
477,238.5,12,1,1,False,,,,,
477,238.5,13,1,1,False,,,,,
477,238.5,14,1,1,False,,,,,
477,238.5,15,1,1,False,,,,,
477,238.5,16,1,1,False,,,,,
477,238.5,17,1,1,False,,,,,
477,238.5,18,1,1,False,,,,,
477,238.5,19,1,1,False,,,,,
477,238.5,20,1,1,False,,,,,
477,238.5,21,1,1,False,,,,,
477,238.5,22,1,1,False,,,,,
477,238.5,23,1,1,False,,,,,
477,238.5,24,1,1,False,,,,,
477,238.5,25,1,1,False,,,,,
477,238.5,26,1,1,False,,,,,
477,238.5,27,1,1,False,,,,,
477,238.5,28,1,1,False,,,,,
477,238.5,29,1,1,False,,,,,
477,238.5,30,1,1,False,,,,,
477,238.5,31,1,1,False,,,,,
477,238.5,32,1,1,False,,,,,
477,238.5,33,1,1,False,,,,,
477,238.5,34,1,1,False,,,,,
477,238.5,35,1,1,False,,,,,
477,238.5,36,1,1,False,,,,,
477,238.5,37,1,1,False,,,,,
477,238.5,38,1,1,False,,,,,
477,238.5,39,1,1,False,,,,,
478,239.0,0,1,1,False,,,,,
478,239.0,1,1,1,False,,,,,
478,239.0,2,1,1,False,,,,,
478,239.0,3,1,1,False,,,,,
478,239.0,4,1,1,False,,,,,
478,239.0,5,1,1,False,,,,,
478,239.0,6,1,1,False,,,,,
478,239.0,7,1,1,False,,,,,
478,239.0,8,1,1,False,,,,,
478,239.0,9,1,1,False,,,,,
478,239.0,10,1,1,False,,,,,
478,239.0,11,1,1,False,,,,,
478,239.0,12,1,1,False,,,,,
478,239.0,13,1,1,False,,,,,
478,239.0,14,1,1,False,,,,,
478,239.0,15,1,1,False,,,,,
478,239.0,16,1,1,False,,,,,
478,239.0,17,1,1,False,,,,,
478,239.0,18,1,1,False,,,,,
478,239.0,19,1,1,False,,,,,
478,239.0,20,1,1,False,,,,,
478,239.0,21,1,1,False,,,,,
478,239.0,22,1,1,False,,,,,
478,239.0,23,1,1,False,,,,,
478,239.0,24,1,1,False,,,,,
478,239.0,25,1,1,False,,,,,
478,239.0,26,1,1,False,,,,,
478,239.0,27,1,1,False,,,,,
478,239.0,28,1,1,False,,,,,
478,239.0,29,1,1,False,,,,,
478,239.0,30,1,1,False,,,,,
478,239.0,31,1,1,False,,,,,
478,239.0,32,1,1,False,,,,,
478,239.0,33,1,1,False,,,,,
478,239.0,34,1,1,False,,,,,
478,239.0,35,1,1,False,,,,,
478,239.0,36,1,1,False,,,,,
478,239.0,37,1,1,False,,,,,
478,239.0,38,1,1,False,,,,,
478,239.0,39,1,1,False,,,,,
479,239.5,0,1,1,False,,,,,
479,239.5,1,1,1,False,,,,,
479,239.5,2,1,1,False,,,,,
479,239.5,3,1,1,False,,,,,
479,239.5,4,1,1,False,,,,,
479,239.5,5,1,1,False,,,,,
479,239.5,6,1,1,False,,,,,
479,239.5,7,1,1,False,,,,,
479,239.5,8,1,1,False,,,,,
479,239.5,9,1,1,False,,,,,
479,239.5,10,1,1,False,,,,,
479,239.5,11,1,1,False,,,,,
479,239.5,12,1,1,False,,,,,
479,239.5,13,1,1,False,,,,,
479,239.5,14,1,1,False,,,,,
479,239.5,15,1,1,False,,,,,
479,239.5,16,1,1,False,,,,,
479,239.5,17,1,1,False,,,,,
479,239.5,18,1,1,False,,,,,
479,239.5,19,1,1,False,,,,,
479,239.5,20,1,1,False,,,,,
479,239.5,21,1,1,False,,,,,
479,239.5,22,1,1,False,,,,,
479,239.5,23,1,1,False,,,,,
479,239.5,24,1,1,False,,,,,
479,239.5,25,1,1,False,,,,,
479,239.5,26,1,1,False,,,,,
479,239.5,27,1,1,False,,,,,
479,239.5,28,1,1,False,,,,,
479,239.5,29,1,1,False,,,,,
479,239.5,30,1,1,False,,,,,
479,239.5,31,1,1,False,,,,,
479,239.5,32,1,1,False,,,,,
479,239.5,33,1,1,False,,,,,
479,239.5,34,1,1,False,,,,,
479,239.5,35,1,1,False,,,,,
479,239.5,36,1,1,False,,,,,
479,239.5,37,1,1,False,,,,,
479,239.5,38,1,1,False,,,,,
479,239.5,39,1,1,False,,,,,
480,240.0,0,1,1,False,,,,,
480,240.0,1,1,1,False,,,,,
480,240.0,2,1,1,False,,,,,
480,240.0,3,1,1,False,,,,,
480,240.0,4,1,1,False,,,,,
480,240.0,5,1,1,False,,,,,
480,240.0,6,1,1,False,,,,,
480,240.0,7,1,1,False,,,,,
480,240.0,8,1,1,False,,,,,
480,240.0,9,1,1,False,,,,,
480,240.0,10,1,1,False,,,,,
480,240.0,11,1,1,False,,,,,
480,240.0,12,1,1,False,,,,,
480,240.0,13,1,1,False,,,,,
480,240.0,14,1,1,False,,,,,
480,240.0,15,1,1,False,,,,,
480,240.0,16,1,1,False,,,,,
480,240.0,17,1,1,False,,,,,
480,240.0,18,1,1,False,,,,,
480,240.0,19,1,1,False,,,,,
480,240.0,20,1,1,False,,,,,
480,240.0,21,1,1,False,,,,,
480,240.0,22,1,1,False,,,,,
480,240.0,23,1,1,False,,,,,
480,240.0,24,1,1,False,,,,,
480,240.0,25,1,1,False,,,,,
480,240.0,26,1,1,False,,,,,
480,240.0,27,1,1,False,,,,,
480,240.0,28,1,1,False,,,,,
480,240.0,29,1,1,False,,,,,
480,240.0,30,1,1,False,,,,,
480,240.0,31,1,1,False,,,,,
480,240.0,32,1,1,False,,,,,
480,240.0,33,1,1,False,,,,,
480,240.0,34,1,1,False,,,,,
480,240.0,35,1,1,False,,,,,
480,240.0,36,1,1,False,,,,,
480,240.0,37,1,1,False,,,,,
480,240.0,38,1,1,False,,,,,
480,240.0,39,1,1,False,,,,,
481,240.5,0,1,1,False,,,,,
481,240.5,1,1,1,False,,,,,
481,240.5,2,1,1,False,,,,,
481,240.5,3,1,1,False,,,,,
481,240.5,4,1,1,False,,,,,
481,240.5,5,1,1,False,,,,,
481,240.5,6,1,1,False,,,,,
481,240.5,7,1,1,False,,,,,
481,240.5,8,1,1,False,,,,,
481,240.5,9,1,1,False,,,,,
481,240.5,10,1,1,False,,,,,
481,240.5,11,1,1,False,,,,,
481,240.5,12,1,1,False,,,,,
481,240.5,13,1,1,False,,,,,
481,240.5,14,1,1,False,,,,,
481,240.5,15,1,1,False,,,,,
481,240.5,16,1,1,False,,,,,
481,240.5,17,1,1,False,,,,,
481,240.5,18,1,1,False,,,,,
481,240.5,19,1,1,False,,,,,
481,240.5,20,1,1,False,,,,,
481,240.5,21,1,1,False,,,,,
481,240.5,22,1,1,False,,,,,
481,240.5,23,1,1,False,,,,,
481,240.5,24,1,1,False,,,,,
481,240.5,25,1,1,False,,,,,
481,240.5,26,1,1,False,,,,,
481,240.5,27,1,1,False,,,,,
481,240.5,28,1,1,False,,,,,
481,240.5,29,1,1,False,,,,,
481,240.5,30,1,1,False,,,,,
481,240.5,31,1,1,False,,,,,
481,240.5,32,1,1,False,,,,,
481,240.5,33,1,1,False,,,,,
481,240.5,34,1,1,False,,,,,
481,240.5,35,1,1,False,,,,,
481,240.5,36,1,1,False,,,,,
481,240.5,37,1,1,False,,,,,
481,240.5,38,1,1,False,,,,,
481,240.5,39,1,1,False,,,,,
482,241.0,0,1,1,False,,,,,
482,241.0,1,1,1,False,,,,,
482,241.0,2,1,1,False,,,,,
482,241.0,3,1,1,False,,,,,
482,241.0,4,1,1,False,,,,,
482,241.0,5,1,1,False,,,,,
482,241.0,6,1,1,False,,,,,
482,241.0,7,1,1,False,,,,,
482,241.0,8,1,1,False,,,,,
482,241.0,9,1,1,False,,,,,
482,241.0,10,1,1,False,,,,,
482,241.0,11,1,1,False,,,,,
482,241.0,12,1,1,False,,,,,
482,241.0,13,1,1,False,,,,,
482,241.0,14,1,1,False,,,,,
482,241.0,15,1,1,False,,,,,
482,241.0,16,1,1,False,,,,,
482,241.0,17,1,1,False,,,,,
482,241.0,18,1,1,False,,,,,
482,241.0,19,1,1,False,,,,,
482,241.0,20,1,1,False,,,,,
482,241.0,21,1,1,False,,,,,
482,241.0,22,1,1,False,,,,,
482,241.0,23,1,1,False,,,,,
482,241.0,24,1,1,False,,,,,
482,241.0,25,1,1,False,,,,,
482,241.0,26,1,1,False,,,,,
482,241.0,27,1,1,False,,,,,
482,241.0,28,1,1,False,,,,,
482,241.0,29,1,1,False,,,,,
482,241.0,30,1,1,False,,,,,
482,241.0,31,1,1,False,,,,,
482,241.0,32,1,1,False,,,,,
482,241.0,33,1,1,False,,,,,
482,241.0,34,1,1,False,,,,,
482,241.0,35,1,1,False,,,,,
482,241.0,36,1,1,False,,,,,
482,241.0,37,1,1,False,,,,,
482,241.0,38,1,1,False,,,,,
482,241.0,39,1,1,False,,,,,
483,241.5,0,1,1,False,,,,,
483,241.5,1,1,1,False,,,,,
483,241.5,2,1,1,False,,,,,
483,241.5,3,1,1,False,,,,,
483,241.5,4,1,1,False,,,,,
483,241.5,5,1,1,False,,,,,
483,241.5,6,1,1,False,,,,,
483,241.5,7,1,1,False,,,,,
483,241.5,8,1,1,False,,,,,
483,241.5,9,1,1,False,,,,,
483,241.5,10,1,1,False,,,,,
483,241.5,11,1,1,False,,,,,
483,241.5,12,1,1,False,,,,,
483,241.5,13,1,1,False,,,,,
483,241.5,14,1,1,False,,,,,
483,241.5,15,1,1,False,,,,,
483,241.5,16,1,1,False,,,,,
483,241.5,17,1,1,False,,,,,
483,241.5,18,1,1,False,,,,,
483,241.5,19,1,1,False,,,,,
483,241.5,20,1,1,False,,,,,
483,241.5,21,1,1,False,,,,,
483,241.5,22,1,1,False,,,,,
483,241.5,23,1,1,False,,,,,
483,241.5,24,1,1,False,,,,,
483,241.5,25,1,1,False,,,,,
483,241.5,26,1,1,False,,,,,
483,241.5,27,1,1,False,,,,,
483,241.5,28,1,1,False,,,,,
483,241.5,29,1,1,False,,,,,
483,241.5,30,1,1,False,,,,,
483,241.5,31,1,1,False,,,,,
483,241.5,32,1,1,False,,,,,
483,241.5,33,1,1,False,,,,,
483,241.5,34,1,1,False,,,,,
483,241.5,35,1,1,False,,,,,
483,241.5,36,1,1,False,,,,,
483,241.5,37,1,1,False,,,,,
483,241.5,38,1,1,False,,,,,
483,241.5,39,1,1,False,,,,,
484,242.0,0,1,1,False,,,,,
484,242.0,1,1,1,False,,,,,
484,242.0,2,1,1,False,,,,,
484,242.0,3,1,1,False,,,,,
484,242.0,4,1,1,False,,,,,
484,242.0,5,1,1,False,,,,,
484,242.0,6,1,1,False,,,,,
484,242.0,7,1,1,False,,,,,
484,242.0,8,1,1,False,,,,,
484,242.0,9,1,1,False,,,,,
484,242.0,10,1,1,False,,,,,
484,242.0,11,1,1,False,,,,,
484,242.0,12,1,1,False,,,,,
484,242.0,13,1,1,False,,,,,
484,242.0,14,1,1,False,,,,,
484,242.0,15,1,1,False,,,,,
484,242.0,16,1,1,False,,,,,
484,242.0,17,1,1,False,,,,,
484,242.0,18,1,1,False,,,,,
484,242.0,19,1,1,False,,,,,
484,242.0,20,1,1,False,,,,,
484,242.0,21,1,1,False,,,,,
484,242.0,22,1,1,False,,,,,
484,242.0,23,1,1,False,,,,,
484,242.0,24,1,1,False,,,,,
484,242.0,25,1,1,False,,,,,
484,242.0,26,1,1,False,,,,,
484,242.0,27,1,1,False,,,,,
484,242.0,28,1,1,False,,,,,
484,242.0,29,1,1,False,,,,,
484,242.0,30,1,1,False,,,,,
484,242.0,31,1,1,False,,,,,
484,242.0,32,1,1,False,,,,,
484,242.0,33,1,1,False,,,,,
484,242.0,34,1,1,False,,,,,
484,242.0,35,1,1,False,,,,,
484,242.0,36,1,1,False,,,,,
484,242.0,37,1,1,False,,,,,
484,242.0,38,1,1,False,,,,,
484,242.0,39,1,1,False,,,,,
485,242.5,0,1,1,False,,,,,
485,242.5,1,1,1,False,,,,,
485,242.5,2,1,1,False,,,,,
485,242.5,3,1,1,False,,,,,
485,242.5,4,1,1,False,,,,,
485,242.5,5,1,1,False,,,,,
485,242.5,6,1,1,False,,,,,
485,242.5,7,1,1,False,,,,,
485,242.5,8,1,1,False,,,,,
485,242.5,9,1,1,False,,,,,
485,242.5,10,1,1,False,,,,,
485,242.5,11,1,1,False,,,,,
485,242.5,12,1,1,False,,,,,
485,242.5,13,1,1,False,,,,,
485,242.5,14,1,1,False,,,,,
485,242.5,15,1,1,False,,,,,
485,242.5,16,1,1,False,,,,,
485,242.5,17,1,1,False,,,,,
485,242.5,18,1,1,False,,,,,
485,242.5,19,1,1,False,,,,,
485,242.5,20,1,1,False,,,,,
485,242.5,21,1,1,False,,,,,
485,242.5,22,1,1,False,,,,,
485,242.5,23,1,1,False,,,,,
485,242.5,24,1,1,False,,,,,
485,242.5,25,1,1,False,,,,,
485,242.5,26,1,1,False,,,,,
485,242.5,27,1,1,False,,,,,
485,242.5,28,1,1,False,,,,,
485,242.5,29,1,1,False,,,,,
485,242.5,30,1,1,False,,,,,
485,242.5,31,1,1,False,,,,,
485,242.5,32,1,1,False,,,,,
485,242.5,33,1,1,False,,,,,
485,242.5,34,1,1,False,,,,,
485,242.5,35,1,1,False,,,,,
485,242.5,36,1,1,False,,,,,
485,242.5,37,1,1,False,,,,,
485,242.5,38,1,1,False,,,,,
485,242.5,39,1,1,False,,,,,
486,243.0,0,1,1,False,,,,,
486,243.0,1,1,1,False,,,,,
486,243.0,2,1,1,False,,,,,
486,243.0,3,1,1,False,,,,,
486,243.0,4,1,1,False,,,,,
486,243.0,5,1,1,False,,,,,
486,243.0,6,1,1,False,,,,,
486,243.0,7,1,1,False,,,,,
486,243.0,8,1,1,False,,,,,
486,243.0,9,1,1,False,,,,,
486,243.0,10,1,1,False,,,,,
486,243.0,11,1,1,False,,,,,
486,243.0,12,1,1,False,,,,,
486,243.0,13,1,1,False,,,,,
486,243.0,14,1,1,False,,,,,
486,243.0,15,1,1,False,,,,,
486,243.0,16,1,1,False,,,,,
486,243.0,17,1,1,False,,,,,
486,243.0,18,1,1,False,,,,,
486,243.0,19,1,1,False,,,,,
486,243.0,20,1,1,False,,,,,
486,243.0,21,1,1,False,,,,,
486,243.0,22,1,1,False,,,,,
486,243.0,23,1,1,False,,,,,
486,243.0,24,1,1,False,,,,,
486,243.0,25,1,1,False,,,,,
486,243.0,26,1,1,False,,,,,
486,243.0,27,1,1,False,,,,,
486,243.0,28,1,1,False,,,,,
486,243.0,29,1,1,False,,,,,
486,243.0,30,1,1,False,,,,,
486,243.0,31,1,1,False,,,,,
486,243.0,32,1,1,False,,,,,
486,243.0,33,1,1,False,,,,,
486,243.0,34,1,1,False,,,,,
486,243.0,35,1,1,False,,,,,
486,243.0,36,1,1,False,,,,,
486,243.0,37,1,1,False,,,,,
486,243.0,38,1,1,False,,,,,
486,243.0,39,1,1,False,,,,,
487,243.5,0,1,1,False,,,,,
487,243.5,1,1,1,False,,,,,
487,243.5,2,1,1,False,,,,,
487,243.5,3,1,1,False,,,,,
487,243.5,4,1,1,False,,,,,
487,243.5,5,1,1,False,,,,,
487,243.5,6,1,1,False,,,,,
487,243.5,7,1,1,False,,,,,
487,243.5,8,1,1,False,,,,,
487,243.5,9,1,1,False,,,,,
487,243.5,10,1,1,False,,,,,
487,243.5,11,1,1,False,,,,,
487,243.5,12,1,1,False,,,,,
487,243.5,13,1,1,False,,,,,
487,243.5,14,1,1,False,,,,,
487,243.5,15,1,1,False,,,,,
487,243.5,16,1,1,False,,,,,
487,243.5,17,1,1,False,,,,,
487,243.5,18,1,1,False,,,,,
487,243.5,19,1,1,False,,,,,
487,243.5,20,1,1,False,,,,,
487,243.5,21,1,1,False,,,,,
487,243.5,22,1,1,False,,,,,
487,243.5,23,1,1,False,,,,,
487,243.5,24,1,1,False,,,,,
487,243.5,25,1,1,False,,,,,
487,243.5,26,1,1,False,,,,,
487,243.5,27,1,1,False,,,,,
487,243.5,28,1,1,False,,,,,
487,243.5,29,1,1,False,,,,,
487,243.5,30,1,1,False,,,,,
487,243.5,31,1,1,False,,,,,
487,243.5,32,1,1,False,,,,,
487,243.5,33,1,1,False,,,,,
487,243.5,34,1,1,False,,,,,
487,243.5,35,1,1,False,,,,,
487,243.5,36,1,1,False,,,,,
487,243.5,37,1,1,False,,,,,
487,243.5,38,1,1,False,,,,,
487,243.5,39,1,1,False,,,,,
488,244.0,0,1,1,False,,,,,
488,244.0,1,1,1,False,,,,,
488,244.0,2,1,1,False,,,,,
488,244.0,3,1,1,False,,,,,
488,244.0,4,1,1,False,,,,,
488,244.0,5,1,1,False,,,,,
488,244.0,6,1,1,False,,,,,
488,244.0,7,1,1,False,,,,,
488,244.0,8,1,1,False,,,,,
488,244.0,9,1,1,False,,,,,
488,244.0,10,1,1,False,,,,,
488,244.0,11,1,1,False,,,,,
488,244.0,12,1,1,False,,,,,
488,244.0,13,1,1,False,,,,,
488,244.0,14,1,1,False,,,,,
488,244.0,15,1,1,False,,,,,
488,244.0,16,1,1,False,,,,,
488,244.0,17,1,1,False,,,,,
488,244.0,18,1,1,False,,,,,
488,244.0,19,1,1,False,,,,,
488,244.0,20,1,1,False,,,,,
488,244.0,21,1,1,False,,,,,
488,244.0,22,1,1,False,,,,,
488,244.0,23,1,1,False,,,,,
488,244.0,24,1,1,False,,,,,
488,244.0,25,1,1,False,,,,,
488,244.0,26,1,1,False,,,,,
488,244.0,27,1,1,False,,,,,
488,244.0,28,1,1,False,,,,,
488,244.0,29,1,1,False,,,,,
488,244.0,30,1,1,False,,,,,
488,244.0,31,1,1,False,,,,,
488,244.0,32,1,1,False,,,,,
488,244.0,33,1,1,False,,,,,
488,244.0,34,1,1,False,,,,,
488,244.0,35,1,1,False,,,,,
488,244.0,36,1,1,False,,,,,
488,244.0,37,1,1,False,,,,,
488,244.0,38,1,1,False,,,,,
488,244.0,39,1,1,False,,,,,
489,244.5,0,1,1,False,,,,,
489,244.5,1,1,1,False,,,,,
489,244.5,2,1,1,False,,,,,
489,244.5,3,1,1,False,,,,,
489,244.5,4,1,1,False,,,,,
489,244.5,5,1,1,False,,,,,
489,244.5,6,1,1,False,,,,,
489,244.5,7,1,1,False,,,,,
489,244.5,8,1,1,False,,,,,
489,244.5,9,1,1,False,,,,,
489,244.5,10,1,1,False,,,,,
489,244.5,11,1,1,False,,,,,
489,244.5,12,1,1,False,,,,,
489,244.5,13,1,1,False,,,,,
489,244.5,14,1,1,False,,,,,
489,244.5,15,1,1,False,,,,,
489,244.5,16,1,1,False,,,,,
489,244.5,17,1,1,False,,,,,
489,244.5,18,1,1,False,,,,,
489,244.5,19,1,1,False,,,,,
489,244.5,20,1,1,False,,,,,
489,244.5,21,1,1,False,,,,,
489,244.5,22,1,1,False,,,,,
489,244.5,23,1,1,False,,,,,
489,244.5,24,1,1,False,,,,,
489,244.5,25,1,1,False,,,,,
489,244.5,26,1,1,False,,,,,
489,244.5,27,1,1,False,,,,,
489,244.5,28,1,1,False,,,,,
489,244.5,29,1,1,False,,,,,
489,244.5,30,1,1,False,,,,,
489,244.5,31,1,1,False,,,,,
489,244.5,32,1,1,False,,,,,
489,244.5,33,1,1,False,,,,,
489,244.5,34,1,1,False,,,,,
489,244.5,35,1,1,False,,,,,
489,244.5,36,1,1,False,,,,,
489,244.5,37,1,1,False,,,,,
489,244.5,38,1,1,False,,,,,
489,244.5,39,1,1,False,,,,,
490,245.0,0,1,1,False,,,,,
490,245.0,1,1,1,False,,,,,
490,245.0,2,1,1,False,,,,,
490,245.0,3,1,1,False,,,,,
490,245.0,4,1,1,False,,,,,
490,245.0,5,1,1,False,,,,,
490,245.0,6,1,1,False,,,,,
490,245.0,7,1,1,False,,,,,
490,245.0,8,1,1,False,,,,,
490,245.0,9,1,1,False,,,,,
490,245.0,10,1,1,False,,,,,
490,245.0,11,1,1,False,,,,,
490,245.0,12,1,1,False,,,,,
490,245.0,13,1,1,False,,,,,
490,245.0,14,1,1,False,,,,,
490,245.0,15,1,1,False,,,,,
490,245.0,16,1,1,False,,,,,
490,245.0,17,1,1,False,,,,,
490,245.0,18,1,1,False,,,,,
490,245.0,19,1,1,False,,,,,
490,245.0,20,1,1,False,,,,,
490,245.0,21,1,1,False,,,,,
490,245.0,22,1,1,False,,,,,
490,245.0,23,1,1,False,,,,,
490,245.0,24,1,1,False,,,,,
490,245.0,25,1,1,False,,,,,
490,245.0,26,1,1,False,,,,,
490,245.0,27,1,1,False,,,,,
490,245.0,28,1,1,False,,,,,
490,245.0,29,1,1,False,,,,,
490,245.0,30,1,1,False,,,,,
490,245.0,31,1,1,False,,,,,
490,245.0,32,1,1,False,,,,,
490,245.0,33,1,1,False,,,,,
490,245.0,34,1,1,False,,,,,
490,245.0,35,1,1,False,,,,,
490,245.0,36,1,1,False,,,,,
490,245.0,37,1,1,False,,,,,
490,245.0,38,1,1,False,,,,,
490,245.0,39,1,1,False,,,,,
491,245.5,0,1,1,False,,,,,
491,245.5,1,1,1,False,,,,,
491,245.5,2,1,1,False,,,,,
491,245.5,3,1,1,False,,,,,
491,245.5,4,1,1,False,,,,,
491,245.5,5,1,1,False,,,,,
491,245.5,6,1,1,False,,,,,
491,245.5,7,1,1,False,,,,,
491,245.5,8,1,1,False,,,,,
491,245.5,9,1,1,False,,,,,
491,245.5,10,1,1,False,,,,,
491,245.5,11,1,1,False,,,,,
491,245.5,12,1,1,False,,,,,
491,245.5,13,1,1,False,,,,,
491,245.5,14,1,1,False,,,,,
491,245.5,15,1,1,False,,,,,
491,245.5,16,1,1,False,,,,,
491,245.5,17,1,1,False,,,,,
491,245.5,18,1,1,False,,,,,
491,245.5,19,1,1,False,,,,,
491,245.5,20,1,1,False,,,,,
491,245.5,21,1,1,False,,,,,
491,245.5,22,1,1,False,,,,,
491,245.5,23,1,1,False,,,,,
491,245.5,24,1,1,False,,,,,
491,245.5,25,1,1,False,,,,,
491,245.5,26,1,1,False,,,,,
491,245.5,27,1,1,False,,,,,
491,245.5,28,1,1,False,,,,,
491,245.5,29,1,1,False,,,,,
491,245.5,30,1,1,False,,,,,
491,245.5,31,1,1,False,,,,,
491,245.5,32,1,1,False,,,,,
491,245.5,33,1,1,False,,,,,
491,245.5,34,1,1,False,,,,,
491,245.5,35,1,1,False,,,,,
491,245.5,36,1,1,False,,,,,
491,245.5,37,1,1,False,,,,,
491,245.5,38,1,1,False,,,,,
491,245.5,39,1,1,False,,,,,
492,246.0,0,1,1,False,,,,,
492,246.0,1,1,1,False,,,,,
492,246.0,2,1,1,False,,,,,
492,246.0,3,1,1,False,,,,,
492,246.0,4,1,1,False,,,,,
492,246.0,5,1,1,False,,,,,
492,246.0,6,1,1,False,,,,,
492,246.0,7,1,1,False,,,,,
492,246.0,8,1,1,False,,,,,
492,246.0,9,1,1,False,,,,,
492,246.0,10,1,1,False,,,,,
492,246.0,11,1,1,False,,,,,
492,246.0,12,1,1,False,,,,,
492,246.0,13,1,1,False,,,,,
492,246.0,14,1,1,False,,,,,
492,246.0,15,1,1,False,,,,,
492,246.0,16,1,1,False,,,,,
492,246.0,17,1,1,False,,,,,
492,246.0,18,1,1,False,,,,,
492,246.0,19,1,1,False,,,,,
492,246.0,20,1,1,False,,,,,
492,246.0,21,1,1,False,,,,,
492,246.0,22,1,1,False,,,,,
492,246.0,23,1,1,False,,,,,
492,246.0,24,1,1,False,,,,,
492,246.0,25,1,1,False,,,,,
492,246.0,26,1,1,False,,,,,
492,246.0,27,1,1,False,,,,,
492,246.0,28,1,1,False,,,,,
492,246.0,29,1,1,False,,,,,
492,246.0,30,1,1,False,,,,,
492,246.0,31,1,1,False,,,,,
492,246.0,32,1,1,False,,,,,
492,246.0,33,1,1,False,,,,,
492,246.0,34,1,1,False,,,,,
492,246.0,35,1,1,False,,,,,
492,246.0,36,1,1,False,,,,,
492,246.0,37,1,1,False,,,,,
492,246.0,38,1,1,False,,,,,
492,246.0,39,1,1,False,,,,,
493,246.5,0,1,1,False,,,,,
493,246.5,1,1,1,False,,,,,
493,246.5,2,1,1,False,,,,,
493,246.5,3,1,1,False,,,,,
493,246.5,4,1,1,False,,,,,
493,246.5,5,1,1,False,,,,,
493,246.5,6,1,1,False,,,,,
493,246.5,7,1,1,False,,,,,
493,246.5,8,1,1,False,,,,,
493,246.5,9,1,1,False,,,,,
493,246.5,10,1,1,False,,,,,
493,246.5,11,1,1,False,,,,,
493,246.5,12,1,1,False,,,,,
493,246.5,13,1,1,False,,,,,
493,246.5,14,1,1,False,,,,,
493,246.5,15,1,1,False,,,,,
493,246.5,16,1,1,False,,,,,
493,246.5,17,1,1,False,,,,,
493,246.5,18,1,1,False,,,,,
493,246.5,19,1,1,False,,,,,
493,246.5,20,1,1,False,,,,,
493,246.5,21,1,1,False,,,,,
493,246.5,22,1,1,False,,,,,
493,246.5,23,1,1,False,,,,,
493,246.5,24,1,1,False,,,,,
493,246.5,25,1,1,False,,,,,
493,246.5,26,1,1,False,,,,,
493,246.5,27,1,1,False,,,,,
493,246.5,28,1,1,False,,,,,
493,246.5,29,1,1,False,,,,,
493,246.5,30,1,1,False,,,,,
493,246.5,31,1,1,False,,,,,
493,246.5,32,1,1,False,,,,,
493,246.5,33,1,1,False,,,,,
493,246.5,34,1,1,False,,,,,
493,246.5,35,1,1,False,,,,,
493,246.5,36,1,1,False,,,,,
493,246.5,37,1,1,False,,,,,
493,246.5,38,1,1,False,,,,,
493,246.5,39,1,1,False,,,,,
494,247.0,0,1,1,False,,,,,
494,247.0,1,1,1,False,,,,,
494,247.0,2,1,1,False,,,,,
494,247.0,3,1,1,False,,,,,
494,247.0,4,1,1,False,,,,,
494,247.0,5,1,1,False,,,,,
494,247.0,6,1,1,False,,,,,
494,247.0,7,1,1,False,,,,,
494,247.0,8,1,1,False,,,,,
494,247.0,9,1,1,False,,,,,
494,247.0,10,1,1,False,,,,,
494,247.0,11,1,1,False,,,,,
494,247.0,12,1,1,False,,,,,
494,247.0,13,1,1,False,,,,,
494,247.0,14,1,1,False,,,,,
494,247.0,15,1,1,False,,,,,
494,247.0,16,1,1,False,,,,,
494,247.0,17,1,1,False,,,,,
494,247.0,18,1,1,False,,,,,
494,247.0,19,1,1,False,,,,,
494,247.0,20,1,1,False,,,,,
494,247.0,21,1,1,False,,,,,
494,247.0,22,1,1,False,,,,,
494,247.0,23,1,1,False,,,,,
494,247.0,24,1,1,False,,,,,
494,247.0,25,1,1,False,,,,,
494,247.0,26,1,1,False,,,,,
494,247.0,27,1,1,False,,,,,
494,247.0,28,1,1,False,,,,,
494,247.0,29,1,1,False,,,,,
494,247.0,30,1,1,False,,,,,
494,247.0,31,1,1,False,,,,,
494,247.0,32,1,1,False,,,,,
494,247.0,33,1,1,False,,,,,
494,247.0,34,1,1,False,,,,,
494,247.0,35,1,1,False,,,,,
494,247.0,36,1,1,False,,,,,
494,247.0,37,1,1,False,,,,,
494,247.0,38,1,1,False,,,,,
494,247.0,39,1,1,False,,,,,
495,247.5,0,1,1,False,,,,,
495,247.5,1,1,1,False,,,,,
495,247.5,2,1,1,False,,,,,
495,247.5,3,1,1,False,,,,,
495,247.5,4,1,1,False,,,,,
495,247.5,5,1,1,False,,,,,
495,247.5,6,1,1,False,,,,,
495,247.5,7,1,1,False,,,,,
495,247.5,8,1,1,False,,,,,
495,247.5,9,1,1,False,,,,,
495,247.5,10,1,1,False,,,,,
495,247.5,11,1,1,False,,,,,
495,247.5,12,1,1,False,,,,,
495,247.5,13,1,1,False,,,,,
495,247.5,14,1,1,False,,,,,
495,247.5,15,1,1,False,,,,,
495,247.5,16,1,1,False,,,,,
495,247.5,17,1,1,False,,,,,
495,247.5,18,1,1,False,,,,,
495,247.5,19,1,1,False,,,,,
495,247.5,20,1,1,False,,,,,
495,247.5,21,1,1,False,,,,,
495,247.5,22,1,1,False,,,,,
495,247.5,23,1,1,False,,,,,
495,247.5,24,1,1,False,,,,,
495,247.5,25,1,1,False,,,,,
495,247.5,26,1,1,False,,,,,
495,247.5,27,1,1,False,,,,,
495,247.5,28,1,1,False,,,,,
495,247.5,29,1,1,False,,,,,
495,247.5,30,1,1,False,,,,,
495,247.5,31,1,1,False,,,,,
495,247.5,32,1,1,False,,,,,
495,247.5,33,1,1,False,,,,,
495,247.5,34,1,1,False,,,,,
495,247.5,35,1,1,False,,,,,
495,247.5,36,1,1,False,,,,,
495,247.5,37,1,1,False,,,,,
495,247.5,38,1,1,False,,,,,
495,247.5,39,1,1,False,,,,,
496,248.0,0,1,1,False,,,,,
496,248.0,1,1,1,False,,,,,
496,248.0,2,1,1,False,,,,,
496,248.0,3,1,1,False,,,,,
496,248.0,4,1,1,False,,,,,
496,248.0,5,1,1,False,,,,,
496,248.0,6,1,1,False,,,,,
496,248.0,7,1,1,False,,,,,
496,248.0,8,1,1,False,,,,,
496,248.0,9,1,1,False,,,,,
496,248.0,10,1,1,False,,,,,
496,248.0,11,1,1,False,,,,,
496,248.0,12,1,1,False,,,,,
496,248.0,13,1,1,False,,,,,
496,248.0,14,1,1,False,,,,,
496,248.0,15,1,1,False,,,,,
496,248.0,16,1,1,False,,,,,
496,248.0,17,1,1,False,,,,,
496,248.0,18,1,1,False,,,,,
496,248.0,19,1,1,False,,,,,
496,248.0,20,1,1,False,,,,,
496,248.0,21,1,1,False,,,,,
496,248.0,22,1,1,False,,,,,
496,248.0,23,1,1,False,,,,,
496,248.0,24,1,1,False,,,,,
496,248.0,25,1,1,False,,,,,
496,248.0,26,1,1,False,,,,,
496,248.0,27,1,1,False,,,,,
496,248.0,28,1,1,False,,,,,
496,248.0,29,1,1,False,,,,,
496,248.0,30,1,1,False,,,,,
496,248.0,31,1,1,False,,,,,
496,248.0,32,1,1,False,,,,,
496,248.0,33,1,1,False,,,,,
496,248.0,34,1,1,False,,,,,
496,248.0,35,1,1,False,,,,,
496,248.0,36,1,1,False,,,,,
496,248.0,37,1,1,False,,,,,
496,248.0,38,1,1,False,,,,,
496,248.0,39,1,1,False,,,,,
497,248.5,0,1,1,False,,,,,
497,248.5,1,1,1,False,,,,,
497,248.5,2,1,1,False,,,,,
497,248.5,3,1,1,False,,,,,
497,248.5,4,1,1,False,,,,,
497,248.5,5,1,1,False,,,,,
497,248.5,6,1,1,False,,,,,
497,248.5,7,1,1,False,,,,,
497,248.5,8,1,1,False,,,,,
497,248.5,9,1,1,False,,,,,
497,248.5,10,1,1,False,,,,,
497,248.5,11,1,1,False,,,,,
497,248.5,12,1,1,False,,,,,
497,248.5,13,1,1,False,,,,,
497,248.5,14,1,1,False,,,,,
497,248.5,15,1,1,False,,,,,
497,248.5,16,1,1,False,,,,,
497,248.5,17,1,1,False,,,,,
497,248.5,18,1,1,False,,,,,
497,248.5,19,1,1,False,,,,,
497,248.5,20,1,1,False,,,,,
497,248.5,21,1,1,False,,,,,
497,248.5,22,1,1,False,,,,,
497,248.5,23,1,1,False,,,,,
497,248.5,24,1,1,False,,,,,
497,248.5,25,1,1,False,,,,,
497,248.5,26,1,1,False,,,,,
497,248.5,27,1,1,False,,,,,
497,248.5,28,1,1,False,,,,,
497,248.5,29,1,1,False,,,,,
497,248.5,30,1,1,False,,,,,
497,248.5,31,1,1,False,,,,,
497,248.5,32,1,1,False,,,,,
497,248.5,33,1,1,False,,,,,
497,248.5,34,1,1,False,,,,,
497,248.5,35,1,1,False,,,,,
497,248.5,36,1,1,False,,,,,
497,248.5,37,1,1,False,,,,,
497,248.5,38,1,1,False,,,,,
497,248.5,39,1,1,False,,,,,
498,249.0,0,1,1,False,,,,,
498,249.0,1,1,1,False,,,,,
498,249.0,2,1,1,False,,,,,
498,249.0,3,1,1,False,,,,,
498,249.0,4,1,1,False,,,,,
498,249.0,5,1,1,False,,,,,
498,249.0,6,1,1,False,,,,,
498,249.0,7,1,1,False,,,,,
498,249.0,8,1,1,False,,,,,
498,249.0,9,1,1,False,,,,,
498,249.0,10,1,1,False,,,,,
498,249.0,11,1,1,False,,,,,
498,249.0,12,1,1,False,,,,,
498,249.0,13,1,1,False,,,,,
498,249.0,14,1,1,False,,,,,
498,249.0,15,1,1,False,,,,,
498,249.0,16,1,1,False,,,,,
498,249.0,17,1,1,False,,,,,
498,249.0,18,1,1,False,,,,,
498,249.0,19,1,1,False,,,,,
498,249.0,20,1,1,False,,,,,
498,249.0,21,1,1,False,,,,,
498,249.0,22,1,1,False,,,,,
498,249.0,23,1,1,False,,,,,
498,249.0,24,1,1,False,,,,,
498,249.0,25,1,1,False,,,,,
498,249.0,26,1,1,False,,,,,
498,249.0,27,1,1,False,,,,,
498,249.0,28,1,1,False,,,,,
498,249.0,29,1,1,False,,,,,
498,249.0,30,1,1,False,,,,,
498,249.0,31,1,1,False,,,,,
498,249.0,32,1,1,False,,,,,
498,249.0,33,1,1,False,,,,,
498,249.0,34,1,1,False,,,,,
498,249.0,35,1,1,False,,,,,
498,249.0,36,1,1,False,,,,,
498,249.0,37,1,1,False,,,,,
498,249.0,38,1,1,False,,,,,
498,249.0,39,1,1,False,,,,,
499,249.5,0,1,1,False,,,,,
499,249.5,1,1,1,False,,,,,
499,249.5,2,1,1,False,,,,,
499,249.5,3,1,1,False,,,,,
499,249.5,4,1,1,False,,,,,
499,249.5,5,1,1,False,,,,,
499,249.5,6,1,1,False,,,,,
499,249.5,7,1,1,False,,,,,
499,249.5,8,1,1,False,,,,,
499,249.5,9,1,1,False,,,,,
499,249.5,10,1,1,False,,,,,
499,249.5,11,1,1,False,,,,,
499,249.5,12,1,1,False,,,,,
499,249.5,13,1,1,False,,,,,
499,249.5,14,1,1,False,,,,,
499,249.5,15,1,1,False,,,,,
499,249.5,16,1,1,False,,,,,
499,249.5,17,1,1,False,,,,,
499,249.5,18,1,1,False,,,,,
499,249.5,19,1,1,False,,,,,
499,249.5,20,1,1,False,,,,,
499,249.5,21,1,1,False,,,,,
499,249.5,22,1,1,False,,,,,
499,249.5,23,1,1,False,,,,,
499,249.5,24,1,1,False,,,,,
499,249.5,25,1,1,False,,,,,
499,249.5,26,1,1,False,,,,,
499,249.5,27,1,1,False,,,,,
499,249.5,28,1,1,False,,,,,
499,249.5,29,1,1,False,,,,,
499,249.5,30,1,1,False,,,,,
499,249.5,31,1,1,False,,,,,
499,249.5,32,1,1,False,,,,,
499,249.5,33,1,1,False,,,,,
499,249.5,34,1,1,False,,,,,
499,249.5,35,1,1,False,,,,,
499,249.5,36,1,1,False,,,,,
499,249.5,37,1,1,False,,,,,
499,249.5,38,1,1,False,,,,,
499,249.5,39,1,1,False,,,,,
500,250.0,0,1,1,False,,,,,
500,250.0,1,1,1,False,,,,,
500,250.0,2,1,1,False,,,,,
500,250.0,3,1,1,False,,,,,
500,250.0,4,1,1,False,,,,,
500,250.0,5,1,1,False,,,,,
500,250.0,6,1,1,False,,,,,
500,250.0,7,1,1,False,,,,,
500,250.0,8,1,1,False,,,,,
500,250.0,9,1,1,False,,,,,
500,250.0,10,1,1,False,,,,,
500,250.0,11,1,1,False,,,,,
500,250.0,12,1,1,False,,,,,
500,250.0,13,1,1,False,,,,,
500,250.0,14,1,1,False,,,,,
500,250.0,15,1,1,False,,,,,
500,250.0,16,1,1,False,,,,,
500,250.0,17,1,1,False,,,,,
500,250.0,18,1,1,False,,,,,
500,250.0,19,1,1,False,,,,,
500,250.0,20,1,1,False,,,,,
500,250.0,21,1,1,False,,,,,
500,250.0,22,1,1,False,,,,,
500,250.0,23,1,1,False,,,,,
500,250.0,24,1,1,False,,,,,
500,250.0,25,1,1,False,,,,,
500,250.0,26,1,1,False,,,,,
500,250.0,27,1,1,False,,,,,
500,250.0,28,1,1,False,,,,,
500,250.0,29,1,1,False,,,,,
500,250.0,30,1,1,False,,,,,
500,250.0,31,1,1,False,,,,,
500,250.0,32,1,1,False,,,,,
500,250.0,33,1,1,False,,,,,
500,250.0,34,1,1,False,,,,,
500,250.0,35,1,1,False,,,,,
500,250.0,36,1,1,False,,,,,
500,250.0,37,1,1,False,,,,,
500,250.0,38,1,1,False,,,,,
500,250.0,39,1,1,False,,,,,
501,250.5,0,1,1,False,,,,,
501,250.5,1,1,1,False,,,,,
501,250.5,2,1,1,False,,,,,
501,250.5,3,1,1,False,,,,,
501,250.5,4,1,1,False,,,,,
501,250.5,5,1,1,False,,,,,
501,250.5,6,1,1,False,,,,,
501,250.5,7,1,1,False,,,,,
501,250.5,8,1,1,False,,,,,
501,250.5,9,1,1,False,,,,,
501,250.5,10,1,1,False,,,,,
501,250.5,11,1,1,False,,,,,
501,250.5,12,1,1,False,,,,,
501,250.5,13,1,1,False,,,,,
501,250.5,14,1,1,False,,,,,
501,250.5,15,1,1,False,,,,,
501,250.5,16,1,1,False,,,,,
501,250.5,17,1,1,False,,,,,
501,250.5,18,1,1,False,,,,,
501,250.5,19,1,1,False,,,,,
501,250.5,20,1,1,False,,,,,
501,250.5,21,1,1,False,,,,,
501,250.5,22,1,1,False,,,,,
501,250.5,23,1,1,False,,,,,
501,250.5,24,1,1,False,,,,,
501,250.5,25,1,1,False,,,,,
501,250.5,26,1,1,False,,,,,
501,250.5,27,1,1,False,,,,,
501,250.5,28,1,1,False,,,,,
501,250.5,29,1,1,False,,,,,
501,250.5,30,1,1,False,,,,,
501,250.5,31,1,1,False,,,,,
501,250.5,32,1,1,False,,,,,
501,250.5,33,1,1,False,,,,,
501,250.5,34,1,1,False,,,,,
501,250.5,35,1,1,False,,,,,
501,250.5,36,1,1,False,,,,,
501,250.5,37,1,1,False,,,,,
501,250.5,38,1,1,False,,,,,
501,250.5,39,1,1,False,,,,,
502,251.0,0,1,1,False,,,,,
502,251.0,1,1,1,False,,,,,
502,251.0,2,1,1,False,,,,,
502,251.0,3,1,1,False,,,,,
502,251.0,4,1,1,False,,,,,
502,251.0,5,1,1,False,,,,,
502,251.0,6,1,1,False,,,,,
502,251.0,7,1,1,False,,,,,
502,251.0,8,1,1,False,,,,,
502,251.0,9,1,1,False,,,,,
502,251.0,10,1,1,False,,,,,
502,251.0,11,1,1,False,,,,,
502,251.0,12,1,1,False,,,,,
502,251.0,13,1,1,False,,,,,
502,251.0,14,1,1,False,,,,,
502,251.0,15,1,1,False,,,,,
502,251.0,16,1,1,False,,,,,
502,251.0,17,1,1,False,,,,,
502,251.0,18,1,1,False,,,,,
502,251.0,19,1,1,False,,,,,
502,251.0,20,1,1,False,,,,,
502,251.0,21,1,1,False,,,,,
502,251.0,22,1,1,False,,,,,
502,251.0,23,1,1,False,,,,,
502,251.0,24,1,1,False,,,,,
502,251.0,25,1,1,False,,,,,
502,251.0,26,1,1,False,,,,,
502,251.0,27,1,1,False,,,,,
502,251.0,28,1,1,False,,,,,
502,251.0,29,1,1,False,,,,,
502,251.0,30,1,1,False,,,,,
502,251.0,31,1,1,False,,,,,
502,251.0,32,1,1,False,,,,,
502,251.0,33,1,1,False,,,,,
502,251.0,34,1,1,False,,,,,
502,251.0,35,1,1,False,,,,,
502,251.0,36,1,1,False,,,,,
502,251.0,37,1,1,False,,,,,
502,251.0,38,1,1,False,,,,,
502,251.0,39,1,1,False,,,,,
503,251.5,0,1,1,False,,,,,
503,251.5,1,1,1,False,,,,,
503,251.5,2,1,1,False,,,,,
503,251.5,3,1,1,False,,,,,
503,251.5,4,1,1,False,,,,,
503,251.5,5,1,1,False,,,,,
503,251.5,6,1,1,False,,,,,
503,251.5,7,1,1,False,,,,,
503,251.5,8,1,1,False,,,,,
503,251.5,9,1,1,False,,,,,
503,251.5,10,1,1,False,,,,,
503,251.5,11,1,1,False,,,,,
503,251.5,12,1,1,False,,,,,
503,251.5,13,1,1,False,,,,,
503,251.5,14,1,1,False,,,,,
503,251.5,15,1,1,False,,,,,
503,251.5,16,1,1,False,,,,,
503,251.5,17,1,1,False,,,,,
503,251.5,18,1,1,False,,,,,
503,251.5,19,1,1,False,,,,,
503,251.5,20,1,1,False,,,,,
503,251.5,21,1,1,False,,,,,
503,251.5,22,1,1,False,,,,,
503,251.5,23,1,1,False,,,,,
503,251.5,24,1,1,False,,,,,
503,251.5,25,1,1,False,,,,,
503,251.5,26,1,1,False,,,,,
503,251.5,27,1,1,False,,,,,
503,251.5,28,1,1,False,,,,,
503,251.5,29,1,1,False,,,,,
503,251.5,30,1,1,False,,,,,
503,251.5,31,1,1,False,,,,,
503,251.5,32,1,1,False,,,,,
503,251.5,33,1,1,False,,,,,
503,251.5,34,1,1,False,,,,,
503,251.5,35,1,1,False,,,,,
503,251.5,36,1,1,False,,,,,
503,251.5,37,1,1,False,,,,,
503,251.5,38,1,1,False,,,,,
503,251.5,39,1,1,False,,,,,
504,252.0,0,1,1,False,,,,,
504,252.0,1,1,1,False,,,,,
504,252.0,2,1,1,False,,,,,
504,252.0,3,1,1,False,,,,,
504,252.0,4,1,1,False,,,,,
504,252.0,5,1,1,False,,,,,
504,252.0,6,1,1,False,,,,,
504,252.0,7,1,1,False,,,,,
504,252.0,8,1,1,False,,,,,
504,252.0,9,1,1,False,,,,,
504,252.0,10,1,1,False,,,,,
504,252.0,11,1,1,False,,,,,
504,252.0,12,1,1,False,,,,,
504,252.0,13,1,1,False,,,,,
504,252.0,14,1,1,False,,,,,
504,252.0,15,1,1,False,,,,,
504,252.0,16,1,1,False,,,,,
504,252.0,17,1,1,False,,,,,
504,252.0,18,1,1,False,,,,,
504,252.0,19,1,1,False,,,,,
504,252.0,20,1,1,False,,,,,
504,252.0,21,1,1,False,,,,,
504,252.0,22,1,1,False,,,,,
504,252.0,23,1,1,False,,,,,
504,252.0,24,1,1,False,,,,,
504,252.0,25,1,1,False,,,,,
504,252.0,26,1,1,False,,,,,
504,252.0,27,1,1,False,,,,,
504,252.0,28,1,1,False,,,,,
504,252.0,29,1,1,False,,,,,
504,252.0,30,1,1,False,,,,,
504,252.0,31,1,1,False,,,,,
504,252.0,32,1,1,False,,,,,
504,252.0,33,1,1,False,,,,,
504,252.0,34,1,1,False,,,,,
504,252.0,35,1,1,False,,,,,
504,252.0,36,1,1,False,,,,,
504,252.0,37,1,1,False,,,,,
504,252.0,38,1,1,False,,,,,
504,252.0,39,1,1,False,,,,,
505,252.5,0,1,1,False,,,,,
505,252.5,1,1,1,False,,,,,
505,252.5,2,1,1,False,,,,,
505,252.5,3,1,1,False,,,,,
505,252.5,4,1,1,False,,,,,
505,252.5,5,1,1,False,,,,,
505,252.5,6,1,1,False,,,,,
505,252.5,7,1,1,False,,,,,
505,252.5,8,1,1,False,,,,,
505,252.5,9,1,1,False,,,,,
505,252.5,10,1,1,False,,,,,
505,252.5,11,1,1,False,,,,,
505,252.5,12,1,1,False,,,,,
505,252.5,13,1,1,False,,,,,
505,252.5,14,1,1,False,,,,,
505,252.5,15,1,1,False,,,,,
505,252.5,16,1,1,False,,,,,
505,252.5,17,1,1,False,,,,,
505,252.5,18,1,1,False,,,,,
505,252.5,19,1,1,False,,,,,
505,252.5,20,1,1,False,,,,,
505,252.5,21,1,1,False,,,,,
505,252.5,22,1,1,False,,,,,
505,252.5,23,1,1,False,,,,,
505,252.5,24,1,1,False,,,,,
505,252.5,25,1,1,False,,,,,
505,252.5,26,1,1,False,,,,,
505,252.5,27,1,1,False,,,,,
505,252.5,28,1,1,False,,,,,
505,252.5,29,1,1,False,,,,,
505,252.5,30,1,1,False,,,,,
505,252.5,31,1,1,False,,,,,
505,252.5,32,1,1,False,,,,,
505,252.5,33,1,1,False,,,,,
505,252.5,34,1,1,False,,,,,
505,252.5,35,1,1,False,,,,,
505,252.5,36,1,1,False,,,,,
505,252.5,37,1,1,False,,,,,
505,252.5,38,1,1,False,,,,,
505,252.5,39,1,1,False,,,,,
506,253.0,0,1,1,False,,,,,
506,253.0,1,1,1,False,,,,,
506,253.0,2,1,1,False,,,,,
506,253.0,3,1,1,False,,,,,
506,253.0,4,1,1,False,,,,,
506,253.0,5,1,1,False,,,,,
506,253.0,6,1,1,False,,,,,
506,253.0,7,1,1,False,,,,,
506,253.0,8,1,1,False,,,,,
506,253.0,9,1,1,False,,,,,
506,253.0,10,1,1,False,,,,,
506,253.0,11,1,1,False,,,,,
506,253.0,12,1,1,False,,,,,
506,253.0,13,1,1,False,,,,,
506,253.0,14,1,1,False,,,,,
506,253.0,15,1,1,False,,,,,
506,253.0,16,1,1,False,,,,,
506,253.0,17,1,1,False,,,,,
506,253.0,18,1,1,False,,,,,
506,253.0,19,1,1,False,,,,,
506,253.0,20,1,1,False,,,,,
506,253.0,21,1,1,False,,,,,
506,253.0,22,1,1,False,,,,,
506,253.0,23,1,1,False,,,,,
506,253.0,24,1,1,False,,,,,
506,253.0,25,1,1,False,,,,,
506,253.0,26,1,1,False,,,,,
506,253.0,27,1,1,False,,,,,
506,253.0,28,1,1,False,,,,,
506,253.0,29,1,1,False,,,,,
506,253.0,30,1,1,False,,,,,
506,253.0,31,1,1,False,,,,,
506,253.0,32,1,1,False,,,,,
506,253.0,33,1,1,False,,,,,
506,253.0,34,1,1,False,,,,,
506,253.0,35,1,1,False,,,,,
506,253.0,36,1,1,False,,,,,
506,253.0,37,1,1,False,,,,,
506,253.0,38,1,1,False,,,,,
506,253.0,39,1,1,False,,,,,
507,253.5,0,1,1,False,,,,,
507,253.5,1,1,1,False,,,,,
507,253.5,2,1,1,False,,,,,
507,253.5,3,1,1,False,,,,,
507,253.5,4,1,1,False,,,,,
507,253.5,5,1,1,False,,,,,
507,253.5,6,1,1,False,,,,,
507,253.5,7,1,1,False,,,,,
507,253.5,8,1,1,False,,,,,
507,253.5,9,1,1,False,,,,,
507,253.5,10,1,1,False,,,,,
507,253.5,11,1,1,False,,,,,
507,253.5,12,1,1,False,,,,,
507,253.5,13,1,1,False,,,,,
507,253.5,14,1,1,False,,,,,
507,253.5,15,1,1,False,,,,,
507,253.5,16,1,1,False,,,,,
507,253.5,17,1,1,False,,,,,
507,253.5,18,1,1,False,,,,,
507,253.5,19,1,1,False,,,,,
507,253.5,20,1,1,False,,,,,
507,253.5,21,1,1,False,,,,,
507,253.5,22,1,1,False,,,,,
507,253.5,23,1,1,False,,,,,
507,253.5,24,1,1,False,,,,,
507,253.5,25,1,1,False,,,,,
507,253.5,26,1,1,False,,,,,
507,253.5,27,1,1,False,,,,,
507,253.5,28,1,1,False,,,,,
507,253.5,29,1,1,False,,,,,
507,253.5,30,1,1,False,,,,,
507,253.5,31,1,1,False,,,,,
507,253.5,32,1,1,False,,,,,
507,253.5,33,1,1,False,,,,,
507,253.5,34,1,1,False,,,,,
507,253.5,35,1,1,False,,,,,
507,253.5,36,1,1,False,,,,,
507,253.5,37,1,1,False,,,,,
507,253.5,38,1,1,False,,,,,
507,253.5,39,1,1,False,,,,,
508,254.0,0,1,1,False,,,,,
508,254.0,1,1,1,False,,,,,
508,254.0,2,1,1,False,,,,,
508,254.0,3,1,1,False,,,,,
508,254.0,4,1,1,False,,,,,
508,254.0,5,1,1,False,,,,,
508,254.0,6,1,1,False,,,,,
508,254.0,7,1,1,False,,,,,
508,254.0,8,1,1,False,,,,,
508,254.0,9,1,1,False,,,,,
508,254.0,10,1,1,False,,,,,
508,254.0,11,1,1,False,,,,,
508,254.0,12,1,1,False,,,,,
508,254.0,13,1,1,False,,,,,
508,254.0,14,1,1,False,,,,,
508,254.0,15,1,1,False,,,,,
508,254.0,16,1,1,False,,,,,
508,254.0,17,1,1,False,,,,,
508,254.0,18,1,1,False,,,,,
508,254.0,19,1,1,False,,,,,
508,254.0,20,1,1,False,,,,,
508,254.0,21,1,1,False,,,,,
508,254.0,22,1,1,False,,,,,
508,254.0,23,1,1,False,,,,,
508,254.0,24,1,1,False,,,,,
508,254.0,25,1,1,False,,,,,
508,254.0,26,1,1,False,,,,,
508,254.0,27,1,1,False,,,,,
508,254.0,28,1,1,False,,,,,
508,254.0,29,1,1,False,,,,,
508,254.0,30,1,1,False,,,,,
508,254.0,31,1,1,False,,,,,
508,254.0,32,1,1,False,,,,,
508,254.0,33,1,1,False,,,,,
508,254.0,34,1,1,False,,,,,
508,254.0,35,1,1,False,,,,,
508,254.0,36,1,1,False,,,,,
508,254.0,37,1,1,False,,,,,
508,254.0,38,1,1,False,,,,,
508,254.0,39,1,1,False,,,,,
509,254.5,0,1,1,False,,,,,
509,254.5,1,1,1,False,,,,,
509,254.5,2,1,1,False,,,,,
509,254.5,3,1,1,False,,,,,
509,254.5,4,1,1,False,,,,,
509,254.5,5,1,1,False,,,,,
509,254.5,6,1,1,False,,,,,
509,254.5,7,1,1,False,,,,,
509,254.5,8,1,1,False,,,,,
509,254.5,9,1,1,False,,,,,
509,254.5,10,1,1,False,,,,,
509,254.5,11,1,1,False,,,,,
509,254.5,12,1,1,False,,,,,
509,254.5,13,1,1,False,,,,,
509,254.5,14,1,1,False,,,,,
509,254.5,15,1,1,False,,,,,
509,254.5,16,1,1,False,,,,,
509,254.5,17,1,1,False,,,,,
509,254.5,18,1,1,False,,,,,
509,254.5,19,1,1,False,,,,,
509,254.5,20,1,1,False,,,,,
509,254.5,21,1,1,False,,,,,
509,254.5,22,1,1,False,,,,,
509,254.5,23,1,1,False,,,,,
509,254.5,24,1,1,False,,,,,
509,254.5,25,1,1,False,,,,,
509,254.5,26,1,1,False,,,,,
509,254.5,27,1,1,False,,,,,
509,254.5,28,1,1,False,,,,,
509,254.5,29,1,1,False,,,,,
509,254.5,30,1,1,False,,,,,
509,254.5,31,1,1,False,,,,,
509,254.5,32,1,1,False,,,,,
509,254.5,33,1,1,False,,,,,
509,254.5,34,1,1,False,,,,,
509,254.5,35,1,1,False,,,,,
509,254.5,36,1,1,False,,,,,
509,254.5,37,1,1,False,,,,,
509,254.5,38,1,1,False,,,,,
509,254.5,39,1,1,False,,,,,
510,255.0,0,1,1,False,,,,,
510,255.0,1,1,1,False,,,,,
510,255.0,2,1,1,False,,,,,
510,255.0,3,1,1,False,,,,,
510,255.0,4,1,1,False,,,,,
510,255.0,5,1,1,False,,,,,
510,255.0,6,1,1,False,,,,,
510,255.0,7,1,1,False,,,,,
510,255.0,8,1,1,False,,,,,
510,255.0,9,1,1,False,,,,,
510,255.0,10,1,1,False,,,,,
510,255.0,11,1,1,False,,,,,
510,255.0,12,1,1,False,,,,,
510,255.0,13,1,1,False,,,,,
510,255.0,14,1,1,False,,,,,
510,255.0,15,1,1,False,,,,,
510,255.0,16,1,1,False,,,,,
510,255.0,17,1,1,False,,,,,
510,255.0,18,1,1,False,,,,,
510,255.0,19,1,1,False,,,,,
510,255.0,20,1,1,False,,,,,
510,255.0,21,1,1,False,,,,,
510,255.0,22,1,1,False,,,,,
510,255.0,23,1,1,False,,,,,
510,255.0,24,1,1,False,,,,,
510,255.0,25,1,1,False,,,,,
510,255.0,26,1,1,False,,,,,
510,255.0,27,1,1,False,,,,,
510,255.0,28,1,1,False,,,,,
510,255.0,29,1,1,False,,,,,
510,255.0,30,1,1,False,,,,,
510,255.0,31,1,1,False,,,,,
510,255.0,32,1,1,False,,,,,
510,255.0,33,1,1,False,,,,,
510,255.0,34,1,1,False,,,,,
510,255.0,35,1,1,False,,,,,
510,255.0,36,1,1,False,,,,,
510,255.0,37,1,1,False,,,,,
510,255.0,38,1,1,False,,,,,
510,255.0,39,1,1,False,,,,,
511,255.5,0,1,1,False,,,,,
511,255.5,1,1,1,False,,,,,
511,255.5,2,1,1,False,,,,,
511,255.5,3,1,1,False,,,,,
511,255.5,4,1,1,False,,,,,
511,255.5,5,1,1,False,,,,,
511,255.5,6,1,1,False,,,,,
511,255.5,7,1,1,False,,,,,
511,255.5,8,1,1,False,,,,,
511,255.5,9,1,1,False,,,,,
511,255.5,10,1,1,False,,,,,
511,255.5,11,1,1,False,,,,,
511,255.5,12,1,1,False,,,,,
511,255.5,13,1,1,False,,,,,
511,255.5,14,1,1,False,,,,,
511,255.5,15,1,1,False,,,,,
511,255.5,16,1,1,False,,,,,
511,255.5,17,1,1,False,,,,,
511,255.5,18,1,1,False,,,,,
511,255.5,19,1,1,False,,,,,
511,255.5,20,1,1,False,,,,,
511,255.5,21,1,1,False,,,,,
511,255.5,22,1,1,False,,,,,
511,255.5,23,1,1,False,,,,,
511,255.5,24,1,1,False,,,,,
511,255.5,25,1,1,False,,,,,
511,255.5,26,1,1,False,,,,,
511,255.5,27,1,1,False,,,,,
511,255.5,28,1,1,False,,,,,
511,255.5,29,1,1,False,,,,,
511,255.5,30,1,1,False,,,,,
511,255.5,31,1,1,False,,,,,
511,255.5,32,1,1,False,,,,,
511,255.5,33,1,1,False,,,,,
511,255.5,34,1,1,False,,,,,
511,255.5,35,1,1,False,,,,,
511,255.5,36,1,1,False,,,,,
511,255.5,37,1,1,False,,,,,
511,255.5,38,1,1,False,,,,,
511,255.5,39,1,1,False,,,,,
512,256.0,0,1,1,False,,,,,
512,256.0,1,1,1,False,,,,,
512,256.0,2,1,1,False,,,,,
512,256.0,3,1,1,False,,,,,
512,256.0,4,1,1,False,,,,,
512,256.0,5,1,1,False,,,,,
512,256.0,6,1,1,False,,,,,
512,256.0,7,1,1,False,,,,,
512,256.0,8,1,1,False,,,,,
512,256.0,9,1,1,False,,,,,
512,256.0,10,1,1,False,,,,,
512,256.0,11,1,1,False,,,,,
512,256.0,12,1,1,False,,,,,
512,256.0,13,1,1,False,,,,,
512,256.0,14,1,1,False,,,,,
512,256.0,15,1,1,False,,,,,
512,256.0,16,1,1,False,,,,,
512,256.0,17,1,1,False,,,,,
512,256.0,18,1,1,False,,,,,
512,256.0,19,1,1,False,,,,,
512,256.0,20,1,1,False,,,,,
512,256.0,21,1,1,False,,,,,
512,256.0,22,1,1,False,,,,,
512,256.0,23,1,1,False,,,,,
512,256.0,24,1,1,False,,,,,
512,256.0,25,1,1,False,,,,,
512,256.0,26,1,1,False,,,,,
512,256.0,27,1,1,False,,,,,
512,256.0,28,1,1,False,,,,,
512,256.0,29,1,1,False,,,,,
512,256.0,30,1,1,False,,,,,
512,256.0,31,1,1,False,,,,,
512,256.0,32,1,1,False,,,,,
512,256.0,33,1,1,False,,,,,
512,256.0,34,1,1,False,,,,,
512,256.0,35,1,1,False,,,,,
512,256.0,36,1,1,False,,,,,
512,256.0,37,1,1,False,,,,,
512,256.0,38,1,1,False,,,,,
512,256.0,39,1,1,False,,,,,
513,256.5,0,1,1,False,,,,,
513,256.5,1,1,1,False,,,,,
513,256.5,2,1,1,False,,,,,
513,256.5,3,1,1,False,,,,,
513,256.5,4,1,1,False,,,,,
513,256.5,5,1,1,False,,,,,
513,256.5,6,1,1,False,,,,,
513,256.5,7,1,1,False,,,,,
513,256.5,8,1,1,False,,,,,
513,256.5,9,1,1,False,,,,,
513,256.5,10,1,1,False,,,,,
513,256.5,11,1,1,False,,,,,
513,256.5,12,1,1,False,,,,,
513,256.5,13,1,1,False,,,,,
513,256.5,14,1,1,False,,,,,
513,256.5,15,1,1,False,,,,,
513,256.5,16,1,1,False,,,,,
513,256.5,17,1,1,False,,,,,
513,256.5,18,1,1,False,,,,,
513,256.5,19,1,1,False,,,,,
513,256.5,20,1,1,False,,,,,
513,256.5,21,1,1,False,,,,,
513,256.5,22,1,1,False,,,,,
513,256.5,23,1,1,False,,,,,
513,256.5,24,1,1,False,,,,,
513,256.5,25,1,1,False,,,,,
513,256.5,26,1,1,False,,,,,
513,256.5,27,1,1,False,,,,,
513,256.5,28,1,1,False,,,,,
513,256.5,29,1,1,False,,,,,
513,256.5,30,1,1,False,,,,,
513,256.5,31,1,1,False,,,,,
513,256.5,32,1,1,False,,,,,
513,256.5,33,1,1,False,,,,,
513,256.5,34,1,1,False,,,,,
513,256.5,35,1,1,False,,,,,
513,256.5,36,1,1,False,,,,,
513,256.5,37,1,1,False,,,,,
513,256.5,38,1,1,False,,,,,
513,256.5,39,1,1,False,,,,,
514,257.0,0,1,1,False,,,,,
514,257.0,1,1,1,False,,,,,
514,257.0,2,1,1,False,,,,,
514,257.0,3,1,1,False,,,,,
514,257.0,4,1,1,False,,,,,
514,257.0,5,1,1,False,,,,,
514,257.0,6,1,1,False,,,,,
514,257.0,7,1,1,False,,,,,
514,257.0,8,1,1,False,,,,,
514,257.0,9,1,1,False,,,,,
514,257.0,10,1,1,False,,,,,
514,257.0,11,1,1,False,,,,,
514,257.0,12,1,1,False,,,,,
514,257.0,13,1,1,False,,,,,
514,257.0,14,1,1,False,,,,,
514,257.0,15,1,1,False,,,,,
514,257.0,16,1,1,False,,,,,
514,257.0,17,1,1,False,,,,,
514,257.0,18,1,1,False,,,,,
514,257.0,19,1,1,False,,,,,
514,257.0,20,1,1,False,,,,,
514,257.0,21,1,1,False,,,,,
514,257.0,22,1,1,False,,,,,
514,257.0,23,1,1,False,,,,,
514,257.0,24,1,1,False,,,,,
514,257.0,25,1,1,False,,,,,
514,257.0,26,1,1,False,,,,,
514,257.0,27,1,1,False,,,,,
514,257.0,28,1,1,False,,,,,
514,257.0,29,1,1,False,,,,,
514,257.0,30,1,1,False,,,,,
514,257.0,31,1,1,False,,,,,
514,257.0,32,1,1,False,,,,,
514,257.0,33,1,1,False,,,,,
514,257.0,34,1,1,False,,,,,
514,257.0,35,1,1,False,,,,,
514,257.0,36,1,1,False,,,,,
514,257.0,37,1,1,False,,,,,
514,257.0,38,1,1,False,,,,,
514,257.0,39,1,1,False,,,,,
515,257.5,0,1,1,False,,,,,
515,257.5,1,1,1,False,,,,,
515,257.5,2,1,1,False,,,,,
515,257.5,3,1,1,False,,,,,
515,257.5,4,1,1,False,,,,,
515,257.5,5,1,1,False,,,,,
515,257.5,6,1,1,False,,,,,
515,257.5,7,1,1,False,,,,,
515,257.5,8,1,1,False,,,,,
515,257.5,9,1,1,False,,,,,
515,257.5,10,1,1,False,,,,,
515,257.5,11,1,1,False,,,,,
515,257.5,12,1,1,False,,,,,
515,257.5,13,1,1,False,,,,,
515,257.5,14,1,1,False,,,,,
515,257.5,15,1,1,False,,,,,
515,257.5,16,1,1,False,,,,,
515,257.5,17,1,1,False,,,,,
515,257.5,18,1,1,False,,,,,
515,257.5,19,1,1,False,,,,,
515,257.5,20,1,1,False,,,,,
515,257.5,21,1,1,False,,,,,
515,257.5,22,1,1,False,,,,,
515,257.5,23,1,1,False,,,,,
515,257.5,24,1,1,False,,,,,
515,257.5,25,1,1,False,,,,,
515,257.5,26,1,1,False,,,,,
515,257.5,27,1,1,False,,,,,
515,257.5,28,1,1,False,,,,,
515,257.5,29,1,1,False,,,,,
515,257.5,30,1,1,False,,,,,
515,257.5,31,1,1,False,,,,,
515,257.5,32,1,1,False,,,,,
515,257.5,33,1,1,False,,,,,
515,257.5,34,1,1,False,,,,,
515,257.5,35,1,1,False,,,,,
515,257.5,36,1,1,False,,,,,
515,257.5,37,1,1,False,,,,,
515,257.5,38,1,1,False,,,,,
515,257.5,39,1,1,False,,,,,
516,258.0,0,1,1,False,,,,,
516,258.0,1,1,1,False,,,,,
516,258.0,2,1,1,False,,,,,
516,258.0,3,1,1,False,,,,,
516,258.0,4,1,1,False,,,,,
516,258.0,5,1,1,False,,,,,
516,258.0,6,1,1,False,,,,,
516,258.0,7,1,1,False,,,,,
516,258.0,8,1,1,False,,,,,
516,258.0,9,1,1,False,,,,,
516,258.0,10,1,1,False,,,,,
516,258.0,11,1,1,False,,,,,
516,258.0,12,1,1,False,,,,,
516,258.0,13,1,1,False,,,,,
516,258.0,14,1,1,False,,,,,
516,258.0,15,1,1,False,,,,,
516,258.0,16,1,1,False,,,,,
516,258.0,17,1,1,False,,,,,
516,258.0,18,1,1,False,,,,,
516,258.0,19,1,1,False,,,,,
516,258.0,20,1,1,False,,,,,
516,258.0,21,1,1,False,,,,,
516,258.0,22,1,1,False,,,,,
516,258.0,23,1,1,False,,,,,
516,258.0,24,1,1,False,,,,,
516,258.0,25,1,1,False,,,,,
516,258.0,26,1,1,False,,,,,
516,258.0,27,1,1,False,,,,,
516,258.0,28,1,1,False,,,,,
516,258.0,29,1,1,False,,,,,
516,258.0,30,1,1,False,,,,,
516,258.0,31,1,1,False,,,,,
516,258.0,32,1,1,False,,,,,
516,258.0,33,1,1,False,,,,,
516,258.0,34,1,1,False,,,,,
516,258.0,35,1,1,False,,,,,
516,258.0,36,1,1,False,,,,,
516,258.0,37,1,1,False,,,,,
516,258.0,38,1,1,False,,,,,
516,258.0,39,1,1,False,,,,,
517,258.5,0,1,1,False,,,,,
517,258.5,1,1,1,False,,,,,
517,258.5,2,1,1,False,,,,,
517,258.5,3,1,1,False,,,,,
517,258.5,4,1,1,False,,,,,
517,258.5,5,1,1,False,,,,,
517,258.5,6,1,1,False,,,,,
517,258.5,7,1,1,False,,,,,
517,258.5,8,1,1,False,,,,,
517,258.5,9,1,1,False,,,,,
517,258.5,10,1,1,False,,,,,
517,258.5,11,1,1,False,,,,,
517,258.5,12,1,1,False,,,,,
517,258.5,13,1,1,False,,,,,
517,258.5,14,1,1,False,,,,,
517,258.5,15,1,1,False,,,,,
517,258.5,16,1,1,False,,,,,
517,258.5,17,1,1,False,,,,,
517,258.5,18,1,1,False,,,,,
517,258.5,19,1,1,False,,,,,
517,258.5,20,1,1,False,,,,,
517,258.5,21,1,1,False,,,,,
517,258.5,22,1,1,False,,,,,
517,258.5,23,1,1,False,,,,,
517,258.5,24,1,1,False,,,,,
517,258.5,25,1,1,False,,,,,
517,258.5,26,1,1,False,,,,,
517,258.5,27,1,1,False,,,,,
517,258.5,28,1,1,False,,,,,
517,258.5,29,1,1,False,,,,,
517,258.5,30,1,1,False,,,,,
517,258.5,31,1,1,False,,,,,
517,258.5,32,1,1,False,,,,,
517,258.5,33,1,1,False,,,,,
517,258.5,34,1,1,False,,,,,
517,258.5,35,1,1,False,,,,,
517,258.5,36,1,1,False,,,,,
517,258.5,37,1,1,False,,,,,
517,258.5,38,1,1,False,,,,,
517,258.5,39,1,1,False,,,,,
518,259.0,0,1,1,False,,,,,
518,259.0,1,1,1,False,,,,,
518,259.0,2,1,1,False,,,,,
518,259.0,3,1,1,False,,,,,
518,259.0,4,1,1,False,,,,,
518,259.0,5,1,1,False,,,,,
518,259.0,6,1,1,False,,,,,
518,259.0,7,1,1,False,,,,,
518,259.0,8,1,1,False,,,,,
518,259.0,9,1,1,False,,,,,
518,259.0,10,1,1,False,,,,,
518,259.0,11,1,1,False,,,,,
518,259.0,12,1,1,False,,,,,
518,259.0,13,1,1,False,,,,,
518,259.0,14,1,1,False,,,,,
518,259.0,15,1,1,False,,,,,
518,259.0,16,1,1,False,,,,,
518,259.0,17,1,1,False,,,,,
518,259.0,18,1,1,False,,,,,
518,259.0,19,1,1,False,,,,,
518,259.0,20,1,1,False,,,,,
518,259.0,21,1,1,False,,,,,
518,259.0,22,1,1,False,,,,,
518,259.0,23,1,1,False,,,,,
518,259.0,24,1,1,False,,,,,
518,259.0,25,1,1,False,,,,,
518,259.0,26,1,1,False,,,,,
518,259.0,27,1,1,False,,,,,
518,259.0,28,1,1,False,,,,,
518,259.0,29,1,1,False,,,,,
518,259.0,30,1,1,False,,,,,
518,259.0,31,1,1,False,,,,,
518,259.0,32,1,1,False,,,,,
518,259.0,33,1,1,False,,,,,
518,259.0,34,1,1,False,,,,,
518,259.0,35,1,1,False,,,,,
518,259.0,36,1,1,False,,,,,
518,259.0,37,1,1,False,,,,,
518,259.0,38,1,1,False,,,,,
518,259.0,39,1,1,False,,,,,
519,259.5,0,1,1,False,,,,,
519,259.5,1,1,1,False,,,,,
519,259.5,2,1,1,False,,,,,
519,259.5,3,1,1,False,,,,,
519,259.5,4,1,1,False,,,,,
519,259.5,5,1,1,False,,,,,
519,259.5,6,1,1,False,,,,,
519,259.5,7,1,1,False,,,,,
519,259.5,8,1,1,False,,,,,
519,259.5,9,1,1,False,,,,,
519,259.5,10,1,1,False,,,,,
519,259.5,11,1,1,False,,,,,
519,259.5,12,1,1,False,,,,,
519,259.5,13,1,1,False,,,,,
519,259.5,14,1,1,False,,,,,
519,259.5,15,1,1,False,,,,,
519,259.5,16,1,1,False,,,,,
519,259.5,17,1,1,False,,,,,
519,259.5,18,1,1,False,,,,,
519,259.5,19,1,1,False,,,,,
519,259.5,20,1,1,False,,,,,
519,259.5,21,1,1,False,,,,,
519,259.5,22,1,1,False,,,,,
519,259.5,23,1,1,False,,,,,
519,259.5,24,1,1,False,,,,,
519,259.5,25,1,1,False,,,,,
519,259.5,26,1,1,False,,,,,
519,259.5,27,1,1,False,,,,,
519,259.5,28,1,1,False,,,,,
519,259.5,29,1,1,False,,,,,
519,259.5,30,1,1,False,,,,,
519,259.5,31,1,1,False,,,,,
519,259.5,32,1,1,False,,,,,
519,259.5,33,1,1,False,,,,,
519,259.5,34,1,1,False,,,,,
519,259.5,35,1,1,False,,,,,
519,259.5,36,1,1,False,,,,,
519,259.5,37,1,1,False,,,,,
519,259.5,38,1,1,False,,,,,
519,259.5,39,1,1,False,,,,,
520,260.0,0,1,1,False,,,,,
520,260.0,1,1,1,False,,,,,
520,260.0,2,1,1,False,,,,,
520,260.0,3,1,1,False,,,,,
520,260.0,4,1,1,False,,,,,
520,260.0,5,1,1,False,,,,,
520,260.0,6,1,1,False,,,,,
520,260.0,7,1,1,False,,,,,
520,260.0,8,1,1,False,,,,,
520,260.0,9,1,1,False,,,,,
520,260.0,10,1,1,False,,,,,
520,260.0,11,1,1,False,,,,,
520,260.0,12,1,1,False,,,,,
520,260.0,13,1,1,False,,,,,
520,260.0,14,1,1,False,,,,,
520,260.0,15,1,1,False,,,,,
520,260.0,16,1,1,False,,,,,
520,260.0,17,1,1,False,,,,,
520,260.0,18,1,1,False,,,,,
520,260.0,19,1,1,False,,,,,
520,260.0,20,1,1,False,,,,,
520,260.0,21,1,1,False,,,,,
520,260.0,22,1,1,False,,,,,
520,260.0,23,1,1,False,,,,,
520,260.0,24,1,1,False,,,,,
520,260.0,25,1,1,False,,,,,
520,260.0,26,1,1,False,,,,,
520,260.0,27,1,1,False,,,,,
520,260.0,28,1,1,False,,,,,
520,260.0,29,1,1,False,,,,,
520,260.0,30,1,1,False,,,,,
520,260.0,31,1,1,False,,,,,
520,260.0,32,1,1,False,,,,,
520,260.0,33,1,1,False,,,,,
520,260.0,34,1,1,False,,,,,
520,260.0,35,1,1,False,,,,,
520,260.0,36,1,1,False,,,,,
520,260.0,37,1,1,False,,,,,
520,260.0,38,1,1,False,,,,,
520,260.0,39,1,1,False,,,,,
521,260.5,0,1,1,False,,,,,
521,260.5,1,1,1,False,,,,,
521,260.5,2,1,1,False,,,,,
521,260.5,3,1,1,False,,,,,
521,260.5,4,1,1,False,,,,,
521,260.5,5,1,1,False,,,,,
521,260.5,6,1,1,False,,,,,
521,260.5,7,1,1,False,,,,,
521,260.5,8,1,1,False,,,,,
521,260.5,9,1,1,False,,,,,
521,260.5,10,1,1,False,,,,,
521,260.5,11,1,1,False,,,,,
521,260.5,12,1,1,False,,,,,
521,260.5,13,1,1,False,,,,,
521,260.5,14,1,1,False,,,,,
521,260.5,15,1,1,False,,,,,
521,260.5,16,1,1,False,,,,,
521,260.5,17,1,1,False,,,,,
521,260.5,18,1,1,False,,,,,
521,260.5,19,1,1,False,,,,,
521,260.5,20,1,1,False,,,,,
521,260.5,21,1,1,False,,,,,
521,260.5,22,1,1,False,,,,,
521,260.5,23,1,1,False,,,,,
521,260.5,24,1,1,False,,,,,
521,260.5,25,1,1,False,,,,,
521,260.5,26,1,1,False,,,,,
521,260.5,27,1,1,False,,,,,
521,260.5,28,1,1,False,,,,,
521,260.5,29,1,1,False,,,,,
521,260.5,30,1,1,False,,,,,
521,260.5,31,1,1,False,,,,,
521,260.5,32,1,1,False,,,,,
521,260.5,33,1,1,False,,,,,
521,260.5,34,1,1,False,,,,,
521,260.5,35,1,1,False,,,,,
521,260.5,36,1,1,False,,,,,
521,260.5,37,1,1,False,,,,,
521,260.5,38,1,1,False,,,,,
521,260.5,39,1,1,False,,,,,
522,261.0,0,1,1,False,,,,,
522,261.0,1,1,1,False,,,,,
522,261.0,2,1,1,False,,,,,
522,261.0,3,1,1,False,,,,,
522,261.0,4,1,1,False,,,,,
522,261.0,5,1,1,False,,,,,
522,261.0,6,1,1,False,,,,,
522,261.0,7,1,1,False,,,,,
522,261.0,8,1,1,False,,,,,
522,261.0,9,1,1,False,,,,,
522,261.0,10,1,1,False,,,,,
522,261.0,11,1,1,False,,,,,
522,261.0,12,1,1,False,,,,,
522,261.0,13,1,1,False,,,,,
522,261.0,14,1,1,False,,,,,
522,261.0,15,1,1,False,,,,,
522,261.0,16,1,1,False,,,,,
522,261.0,17,1,1,False,,,,,
522,261.0,18,1,1,False,,,,,
522,261.0,19,1,1,False,,,,,
522,261.0,20,1,1,False,,,,,
522,261.0,21,1,1,False,,,,,
522,261.0,22,1,1,False,,,,,
522,261.0,23,1,1,False,,,,,
522,261.0,24,1,1,False,,,,,
522,261.0,25,1,1,False,,,,,
522,261.0,26,1,1,False,,,,,
522,261.0,27,1,1,False,,,,,
522,261.0,28,1,1,False,,,,,
522,261.0,29,1,1,False,,,,,
522,261.0,30,1,1,False,,,,,
522,261.0,31,1,1,False,,,,,
522,261.0,32,1,1,False,,,,,
522,261.0,33,1,1,False,,,,,
522,261.0,34,1,1,False,,,,,
522,261.0,35,1,1,False,,,,,
522,261.0,36,1,1,False,,,,,
522,261.0,37,1,1,False,,,,,
522,261.0,38,1,1,False,,,,,
522,261.0,39,1,1,False,,,,,
523,261.5,0,1,1,False,,,,,
523,261.5,1,1,1,False,,,,,
523,261.5,2,1,1,False,,,,,
523,261.5,3,1,1,False,,,,,
523,261.5,4,1,1,False,,,,,
523,261.5,5,1,1,False,,,,,
523,261.5,6,1,1,False,,,,,
523,261.5,7,1,1,False,,,,,
523,261.5,8,1,1,False,,,,,
523,261.5,9,1,1,False,,,,,
523,261.5,10,1,1,False,,,,,
523,261.5,11,1,1,False,,,,,
523,261.5,12,1,1,False,,,,,
523,261.5,13,1,1,False,,,,,
523,261.5,14,1,1,False,,,,,
523,261.5,15,1,1,False,,,,,
523,261.5,16,1,1,False,,,,,
523,261.5,17,1,1,False,,,,,
523,261.5,18,1,1,False,,,,,
523,261.5,19,1,1,False,,,,,
523,261.5,20,1,1,False,,,,,
523,261.5,21,1,1,False,,,,,
523,261.5,22,1,1,False,,,,,
523,261.5,23,1,1,False,,,,,
523,261.5,24,1,1,False,,,,,
523,261.5,25,1,1,False,,,,,
523,261.5,26,1,1,False,,,,,
523,261.5,27,1,1,False,,,,,
523,261.5,28,1,1,False,,,,,
523,261.5,29,1,1,False,,,,,
523,261.5,30,1,1,False,,,,,
523,261.5,31,1,1,False,,,,,
523,261.5,32,1,1,False,,,,,
523,261.5,33,1,1,False,,,,,
523,261.5,34,1,1,False,,,,,
523,261.5,35,1,1,False,,,,,
523,261.5,36,1,1,False,,,,,
523,261.5,37,1,1,False,,,,,
523,261.5,38,1,1,False,,,,,
523,261.5,39,1,1,False,,,,,
524,262.0,0,1,1,False,,,,,
524,262.0,1,1,1,False,,,,,
524,262.0,2,1,1,False,,,,,
524,262.0,3,1,1,False,,,,,
524,262.0,4,1,1,False,,,,,
524,262.0,5,1,1,False,,,,,
524,262.0,6,1,1,False,,,,,
524,262.0,7,1,1,False,,,,,
524,262.0,8,1,1,False,,,,,
524,262.0,9,1,1,False,,,,,
524,262.0,10,1,1,False,,,,,
524,262.0,11,1,1,False,,,,,
524,262.0,12,1,1,False,,,,,
524,262.0,13,1,1,False,,,,,
524,262.0,14,1,1,False,,,,,
524,262.0,15,1,1,False,,,,,
524,262.0,16,1,1,False,,,,,
524,262.0,17,1,1,False,,,,,
524,262.0,18,1,1,False,,,,,
524,262.0,19,1,1,False,,,,,
524,262.0,20,1,1,False,,,,,
524,262.0,21,1,1,False,,,,,
524,262.0,22,1,1,False,,,,,
524,262.0,23,1,1,False,,,,,
524,262.0,24,1,1,False,,,,,
524,262.0,25,1,1,False,,,,,
524,262.0,26,1,1,False,,,,,
524,262.0,27,1,1,False,,,,,
524,262.0,28,1,1,False,,,,,
524,262.0,29,1,1,False,,,,,
524,262.0,30,1,1,False,,,,,
524,262.0,31,1,1,False,,,,,
524,262.0,32,1,1,False,,,,,
524,262.0,33,1,1,False,,,,,
524,262.0,34,1,1,False,,,,,
524,262.0,35,1,1,False,,,,,
524,262.0,36,1,1,False,,,,,
524,262.0,37,1,1,False,,,,,
524,262.0,38,1,1,False,,,,,
524,262.0,39,1,1,False,,,,,
525,262.5,0,1,1,False,,,,,
525,262.5,1,1,1,False,,,,,
525,262.5,2,1,1,False,,,,,
525,262.5,3,1,1,False,,,,,
525,262.5,4,1,1,False,,,,,
525,262.5,5,1,1,False,,,,,
525,262.5,6,1,1,False,,,,,
525,262.5,7,1,1,False,,,,,
525,262.5,8,1,1,False,,,,,
525,262.5,9,1,1,False,,,,,
525,262.5,10,1,1,False,,,,,
525,262.5,11,1,1,False,,,,,
525,262.5,12,1,1,False,,,,,
525,262.5,13,1,1,False,,,,,
525,262.5,14,1,1,False,,,,,
525,262.5,15,1,1,False,,,,,
525,262.5,16,1,1,False,,,,,
525,262.5,17,1,1,False,,,,,
525,262.5,18,1,1,False,,,,,
525,262.5,19,1,1,False,,,,,
525,262.5,20,1,1,False,,,,,
525,262.5,21,1,1,False,,,,,
525,262.5,22,1,1,False,,,,,
525,262.5,23,1,1,False,,,,,
525,262.5,24,1,1,False,,,,,
525,262.5,25,1,1,False,,,,,
525,262.5,26,1,1,False,,,,,
525,262.5,27,1,1,False,,,,,
525,262.5,28,1,1,False,,,,,
525,262.5,29,1,1,False,,,,,
525,262.5,30,1,1,False,,,,,
525,262.5,31,1,1,False,,,,,
525,262.5,32,1,1,False,,,,,
525,262.5,33,1,1,False,,,,,
525,262.5,34,1,1,False,,,,,
525,262.5,35,1,1,False,,,,,
525,262.5,36,1,1,False,,,,,
525,262.5,37,1,1,False,,,,,
525,262.5,38,1,1,False,,,,,
525,262.5,39,1,1,False,,,,,
526,263.0,0,1,1,False,,,,,
526,263.0,1,1,1,False,,,,,
526,263.0,2,1,1,False,,,,,
526,263.0,3,1,1,False,,,,,
526,263.0,4,1,1,False,,,,,
526,263.0,5,1,1,False,,,,,
526,263.0,6,1,1,False,,,,,
526,263.0,7,1,1,False,,,,,
526,263.0,8,1,1,False,,,,,
526,263.0,9,1,1,False,,,,,
526,263.0,10,1,1,False,,,,,
526,263.0,11,1,1,False,,,,,
526,263.0,12,1,1,False,,,,,
526,263.0,13,1,1,False,,,,,
526,263.0,14,1,1,False,,,,,
526,263.0,15,1,1,False,,,,,
526,263.0,16,1,1,False,,,,,
526,263.0,17,1,1,False,,,,,
526,263.0,18,1,1,False,,,,,
526,263.0,19,1,1,False,,,,,
526,263.0,20,1,1,False,,,,,
526,263.0,21,1,1,False,,,,,
526,263.0,22,1,1,False,,,,,
526,263.0,23,1,1,False,,,,,
526,263.0,24,1,1,False,,,,,
526,263.0,25,1,1,False,,,,,
526,263.0,26,1,1,False,,,,,
526,263.0,27,1,1,False,,,,,
526,263.0,28,1,1,False,,,,,
526,263.0,29,1,1,False,,,,,
526,263.0,30,1,1,False,,,,,
526,263.0,31,1,1,False,,,,,
526,263.0,32,1,1,False,,,,,
526,263.0,33,1,1,False,,,,,
526,263.0,34,1,1,False,,,,,
526,263.0,35,1,1,False,,,,,
526,263.0,36,1,1,False,,,,,
526,263.0,37,1,1,False,,,,,
526,263.0,38,1,1,False,,,,,
526,263.0,39,1,1,False,,,,,
527,263.5,0,1,1,False,,,,,
527,263.5,1,1,1,False,,,,,
527,263.5,2,1,1,False,,,,,
527,263.5,3,1,1,False,,,,,
527,263.5,4,1,1,False,,,,,
527,263.5,5,1,1,False,,,,,
527,263.5,6,1,1,False,,,,,
527,263.5,7,1,1,False,,,,,
527,263.5,8,1,1,False,,,,,
527,263.5,9,1,1,False,,,,,
527,263.5,10,1,1,False,,,,,
527,263.5,11,1,1,False,,,,,
527,263.5,12,1,1,False,,,,,
527,263.5,13,1,1,False,,,,,
527,263.5,14,1,1,False,,,,,
527,263.5,15,1,1,False,,,,,
527,263.5,16,1,1,False,,,,,
527,263.5,17,1,1,False,,,,,
527,263.5,18,1,1,False,,,,,
527,263.5,19,1,1,False,,,,,
527,263.5,20,1,1,False,,,,,
527,263.5,21,1,1,False,,,,,
527,263.5,22,1,1,False,,,,,
527,263.5,23,1,1,False,,,,,
527,263.5,24,1,1,False,,,,,
527,263.5,25,1,1,False,,,,,
527,263.5,26,1,1,False,,,,,
527,263.5,27,1,1,False,,,,,
527,263.5,28,1,1,False,,,,,
527,263.5,29,1,1,False,,,,,
527,263.5,30,1,1,False,,,,,
527,263.5,31,1,1,False,,,,,
527,263.5,32,1,1,False,,,,,
527,263.5,33,1,1,False,,,,,
527,263.5,34,1,1,False,,,,,
527,263.5,35,1,1,False,,,,,
527,263.5,36,1,1,False,,,,,
527,263.5,37,1,1,False,,,,,
527,263.5,38,1,1,False,,,,,
527,263.5,39,1,1,False,,,,,
528,264.0,0,1,1,False,,,,,
528,264.0,1,1,1,False,,,,,
528,264.0,2,1,1,False,,,,,
528,264.0,3,1,1,False,,,,,
528,264.0,4,1,1,False,,,,,
528,264.0,5,1,1,False,,,,,
528,264.0,6,1,1,False,,,,,
528,264.0,7,1,1,False,,,,,
528,264.0,8,1,1,False,,,,,
528,264.0,9,1,1,False,,,,,
528,264.0,10,1,1,False,,,,,
528,264.0,11,1,1,False,,,,,
528,264.0,12,1,1,False,,,,,
528,264.0,13,1,1,False,,,,,
528,264.0,14,1,1,False,,,,,
528,264.0,15,1,1,False,,,,,
528,264.0,16,1,1,False,,,,,
528,264.0,17,1,1,False,,,,,
528,264.0,18,1,1,False,,,,,
528,264.0,19,1,1,False,,,,,
528,264.0,20,1,1,False,,,,,
528,264.0,21,1,1,False,,,,,
528,264.0,22,1,1,False,,,,,
528,264.0,23,1,1,False,,,,,
528,264.0,24,1,1,False,,,,,
528,264.0,25,1,1,False,,,,,
528,264.0,26,1,1,False,,,,,
528,264.0,27,1,1,False,,,,,
528,264.0,28,1,1,False,,,,,
528,264.0,29,1,1,False,,,,,
528,264.0,30,1,1,False,,,,,
528,264.0,31,1,1,False,,,,,
528,264.0,32,1,1,False,,,,,
528,264.0,33,1,1,False,,,,,
528,264.0,34,1,1,False,,,,,
528,264.0,35,1,1,False,,,,,
528,264.0,36,1,1,False,,,,,
528,264.0,37,1,1,False,,,,,
528,264.0,38,1,1,False,,,,,
528,264.0,39,1,1,False,,,,,
529,264.5,0,1,1,False,,,,,
529,264.5,1,1,1,False,,,,,
529,264.5,2,1,1,False,,,,,
529,264.5,3,1,1,False,,,,,
529,264.5,4,1,1,False,,,,,
529,264.5,5,1,1,False,,,,,
529,264.5,6,1,1,False,,,,,
529,264.5,7,1,1,False,,,,,
529,264.5,8,1,1,False,,,,,
529,264.5,9,1,1,False,,,,,
529,264.5,10,1,1,False,,,,,
529,264.5,11,1,1,False,,,,,
529,264.5,12,1,1,False,,,,,
529,264.5,13,1,1,False,,,,,
529,264.5,14,1,1,False,,,,,
529,264.5,15,1,1,False,,,,,
529,264.5,16,1,1,False,,,,,
529,264.5,17,1,1,False,,,,,
529,264.5,18,1,1,False,,,,,
529,264.5,19,1,1,False,,,,,
529,264.5,20,1,1,False,,,,,
529,264.5,21,1,1,False,,,,,
529,264.5,22,1,1,False,,,,,
529,264.5,23,1,1,False,,,,,
529,264.5,24,1,1,False,,,,,
529,264.5,25,1,1,False,,,,,
529,264.5,26,1,1,False,,,,,
529,264.5,27,1,1,False,,,,,
529,264.5,28,1,1,False,,,,,
529,264.5,29,1,1,False,,,,,
529,264.5,30,1,1,False,,,,,
529,264.5,31,1,1,False,,,,,
529,264.5,32,1,1,False,,,,,
529,264.5,33,1,1,False,,,,,
529,264.5,34,1,1,False,,,,,
529,264.5,35,1,1,False,,,,,
529,264.5,36,1,1,False,,,,,
529,264.5,37,1,1,False,,,,,
529,264.5,38,1,1,False,,,,,
529,264.5,39,1,1,False,,,,,
530,265.0,0,1,1,False,,,,,
530,265.0,1,1,1,False,,,,,
530,265.0,2,1,1,False,,,,,
530,265.0,3,1,1,False,,,,,
530,265.0,4,1,1,False,,,,,
530,265.0,5,1,1,False,,,,,
530,265.0,6,1,1,False,,,,,
530,265.0,7,1,1,False,,,,,
530,265.0,8,1,1,False,,,,,
530,265.0,9,1,1,False,,,,,
530,265.0,10,1,1,False,,,,,
530,265.0,11,1,1,False,,,,,
530,265.0,12,1,1,False,,,,,
530,265.0,13,1,1,False,,,,,
530,265.0,14,1,1,False,,,,,
530,265.0,15,1,1,False,,,,,
530,265.0,16,1,1,False,,,,,
530,265.0,17,1,1,False,,,,,
530,265.0,18,1,1,False,,,,,
530,265.0,19,1,1,False,,,,,
530,265.0,20,1,1,False,,,,,
530,265.0,21,1,1,False,,,,,
530,265.0,22,1,1,False,,,,,
530,265.0,23,1,1,False,,,,,
530,265.0,24,1,1,False,,,,,
530,265.0,25,1,1,False,,,,,
530,265.0,26,1,1,False,,,,,
530,265.0,27,1,1,False,,,,,
530,265.0,28,1,1,False,,,,,
530,265.0,29,1,1,False,,,,,
530,265.0,30,1,1,False,,,,,
530,265.0,31,1,1,False,,,,,
530,265.0,32,1,1,False,,,,,
530,265.0,33,1,1,False,,,,,
530,265.0,34,1,1,False,,,,,
530,265.0,35,1,1,False,,,,,
530,265.0,36,1,1,False,,,,,
530,265.0,37,1,1,False,,,,,
530,265.0,38,1,1,False,,,,,
530,265.0,39,1,1,False,,,,,
531,265.5,0,1,1,False,,,,,
531,265.5,1,1,1,False,,,,,
531,265.5,2,1,1,False,,,,,
531,265.5,3,1,1,False,,,,,
531,265.5,4,1,1,False,,,,,
531,265.5,5,1,1,False,,,,,
531,265.5,6,1,1,False,,,,,
531,265.5,7,1,1,False,,,,,
531,265.5,8,1,1,False,,,,,
531,265.5,9,1,1,False,,,,,
531,265.5,10,1,1,False,,,,,
531,265.5,11,1,1,False,,,,,
531,265.5,12,1,1,False,,,,,
531,265.5,13,1,1,False,,,,,
531,265.5,14,1,1,False,,,,,
531,265.5,15,1,1,False,,,,,
531,265.5,16,1,1,False,,,,,
531,265.5,17,1,1,False,,,,,
531,265.5,18,1,1,False,,,,,
531,265.5,19,1,1,False,,,,,
531,265.5,20,1,1,False,,,,,
531,265.5,21,1,1,False,,,,,
531,265.5,22,1,1,False,,,,,
531,265.5,23,1,1,False,,,,,
531,265.5,24,1,1,False,,,,,
531,265.5,25,1,1,False,,,,,
531,265.5,26,1,1,False,,,,,
531,265.5,27,1,1,False,,,,,
531,265.5,28,1,1,False,,,,,
531,265.5,29,1,1,False,,,,,
531,265.5,30,1,1,False,,,,,
531,265.5,31,1,1,False,,,,,
531,265.5,32,1,1,False,,,,,
531,265.5,33,1,1,False,,,,,
531,265.5,34,1,1,False,,,,,
531,265.5,35,1,1,False,,,,,
531,265.5,36,1,1,False,,,,,
531,265.5,37,1,1,False,,,,,
531,265.5,38,1,1,False,,,,,
531,265.5,39,1,1,False,,,,,
532,266.0,0,1,1,False,,,,,
532,266.0,1,1,1,False,,,,,
532,266.0,2,1,1,False,,,,,
532,266.0,3,1,1,False,,,,,
532,266.0,4,1,1,False,,,,,
532,266.0,5,1,1,False,,,,,
532,266.0,6,1,1,False,,,,,
532,266.0,7,1,1,False,,,,,
532,266.0,8,1,1,False,,,,,
532,266.0,9,1,1,False,,,,,
532,266.0,10,1,1,False,,,,,
532,266.0,11,1,1,False,,,,,
532,266.0,12,1,1,False,,,,,
532,266.0,13,1,1,False,,,,,
532,266.0,14,1,1,False,,,,,
532,266.0,15,1,1,False,,,,,
532,266.0,16,1,1,False,,,,,
532,266.0,17,1,1,False,,,,,
532,266.0,18,1,1,False,,,,,
532,266.0,19,1,1,False,,,,,
532,266.0,20,1,1,False,,,,,
532,266.0,21,1,1,False,,,,,
532,266.0,22,1,1,False,,,,,
532,266.0,23,1,1,False,,,,,
532,266.0,24,1,1,False,,,,,
532,266.0,25,1,1,False,,,,,
532,266.0,26,1,1,False,,,,,
532,266.0,27,1,1,False,,,,,
532,266.0,28,1,1,False,,,,,
532,266.0,29,1,1,False,,,,,
532,266.0,30,1,1,False,,,,,
532,266.0,31,1,1,False,,,,,
532,266.0,32,1,1,False,,,,,
532,266.0,33,1,1,False,,,,,
532,266.0,34,1,1,False,,,,,
532,266.0,35,1,1,False,,,,,
532,266.0,36,1,1,False,,,,,
532,266.0,37,1,1,False,,,,,
532,266.0,38,1,1,False,,,,,
532,266.0,39,1,1,False,,,,,
533,266.5,0,1,1,False,,,,,
533,266.5,1,1,1,False,,,,,
533,266.5,2,1,1,False,,,,,
533,266.5,3,1,1,False,,,,,
533,266.5,4,1,1,False,,,,,
533,266.5,5,1,1,False,,,,,
533,266.5,6,1,1,False,,,,,
533,266.5,7,1,1,False,,,,,
533,266.5,8,1,1,False,,,,,
533,266.5,9,1,1,False,,,,,
533,266.5,10,1,1,False,,,,,
533,266.5,11,1,1,False,,,,,
533,266.5,12,1,1,False,,,,,
533,266.5,13,1,1,False,,,,,
533,266.5,14,1,1,False,,,,,
533,266.5,15,1,1,False,,,,,
533,266.5,16,1,1,False,,,,,
533,266.5,17,1,1,False,,,,,
533,266.5,18,1,1,False,,,,,
533,266.5,19,1,1,False,,,,,
533,266.5,20,1,1,False,,,,,
533,266.5,21,1,1,False,,,,,
533,266.5,22,1,1,False,,,,,
533,266.5,23,1,1,False,,,,,
533,266.5,24,1,1,False,,,,,
533,266.5,25,1,1,False,,,,,
533,266.5,26,1,1,False,,,,,
533,266.5,27,1,1,False,,,,,
533,266.5,28,1,1,False,,,,,
533,266.5,29,1,1,False,,,,,
533,266.5,30,1,1,False,,,,,
533,266.5,31,1,1,False,,,,,
533,266.5,32,1,1,False,,,,,
533,266.5,33,1,1,False,,,,,
533,266.5,34,1,1,False,,,,,
533,266.5,35,1,1,False,,,,,
533,266.5,36,1,1,False,,,,,
533,266.5,37,1,1,False,,,,,
533,266.5,38,1,1,False,,,,,
533,266.5,39,1,1,False,,,,,
534,267.0,0,1,1,False,,,,,
534,267.0,1,1,1,False,,,,,
534,267.0,2,1,1,False,,,,,
534,267.0,3,1,1,False,,,,,
534,267.0,4,1,1,False,,,,,
534,267.0,5,1,1,False,,,,,
534,267.0,6,1,1,False,,,,,
534,267.0,7,1,1,False,,,,,
534,267.0,8,1,1,False,,,,,
534,267.0,9,1,1,False,,,,,
534,267.0,10,1,1,False,,,,,
534,267.0,11,1,1,False,,,,,
534,267.0,12,1,1,False,,,,,
534,267.0,13,1,1,False,,,,,
534,267.0,14,1,1,False,,,,,
534,267.0,15,1,1,False,,,,,
534,267.0,16,1,1,False,,,,,
534,267.0,17,1,1,False,,,,,
534,267.0,18,1,1,False,,,,,
534,267.0,19,1,1,False,,,,,
534,267.0,20,1,1,False,,,,,
534,267.0,21,1,1,False,,,,,
534,267.0,22,1,1,False,,,,,
534,267.0,23,1,1,False,,,,,
534,267.0,24,1,1,False,,,,,
534,267.0,25,1,1,False,,,,,
534,267.0,26,1,1,False,,,,,
534,267.0,27,1,1,False,,,,,
534,267.0,28,1,1,False,,,,,
534,267.0,29,1,1,False,,,,,
534,267.0,30,1,1,False,,,,,
534,267.0,31,1,1,False,,,,,
534,267.0,32,1,1,False,,,,,
534,267.0,33,1,1,False,,,,,
534,267.0,34,1,1,False,,,,,
534,267.0,35,1,1,False,,,,,
534,267.0,36,1,1,False,,,,,
534,267.0,37,1,1,False,,,,,
534,267.0,38,1,1,False,,,,,
534,267.0,39,1,1,False,,,,,
535,267.5,0,1,1,False,,,,,
535,267.5,1,1,1,False,,,,,
535,267.5,2,1,1,False,,,,,
535,267.5,3,1,1,False,,,,,
535,267.5,4,1,1,False,,,,,
535,267.5,5,1,1,False,,,,,
535,267.5,6,1,1,False,,,,,
535,267.5,7,1,1,False,,,,,
535,267.5,8,1,1,False,,,,,
535,267.5,9,1,1,False,,,,,
535,267.5,10,1,1,False,,,,,
535,267.5,11,1,1,False,,,,,
535,267.5,12,1,1,False,,,,,
535,267.5,13,1,1,False,,,,,
535,267.5,14,1,1,False,,,,,
535,267.5,15,1,1,False,,,,,
535,267.5,16,1,1,False,,,,,
535,267.5,17,1,1,False,,,,,
535,267.5,18,1,1,False,,,,,
535,267.5,19,1,1,False,,,,,
535,267.5,20,1,1,False,,,,,
535,267.5,21,1,1,False,,,,,
535,267.5,22,1,1,False,,,,,
535,267.5,23,1,1,False,,,,,
535,267.5,24,1,1,False,,,,,
535,267.5,25,1,1,False,,,,,
535,267.5,26,1,1,False,,,,,
535,267.5,27,1,1,False,,,,,
535,267.5,28,1,1,False,,,,,
535,267.5,29,1,1,False,,,,,
535,267.5,30,1,1,False,,,,,
535,267.5,31,1,1,False,,,,,
535,267.5,32,1,1,False,,,,,
535,267.5,33,1,1,False,,,,,
535,267.5,34,1,1,False,,,,,
535,267.5,35,1,1,False,,,,,
535,267.5,36,1,1,False,,,,,
535,267.5,37,1,1,False,,,,,
535,267.5,38,1,1,False,,,,,
535,267.5,39,1,1,False,,,,,
536,268.0,0,1,1,False,,,,,
536,268.0,1,1,1,False,,,,,
536,268.0,2,1,1,False,,,,,
536,268.0,3,1,1,False,,,,,
536,268.0,4,1,1,False,,,,,
536,268.0,5,1,1,False,,,,,
536,268.0,6,1,1,False,,,,,
536,268.0,7,1,1,False,,,,,
536,268.0,8,1,1,False,,,,,
536,268.0,9,1,1,False,,,,,
536,268.0,10,1,1,False,,,,,
536,268.0,11,1,1,False,,,,,
536,268.0,12,1,1,False,,,,,
536,268.0,13,1,1,False,,,,,
536,268.0,14,1,1,False,,,,,
536,268.0,15,1,1,False,,,,,
536,268.0,16,1,1,False,,,,,
536,268.0,17,1,1,False,,,,,
536,268.0,18,1,1,False,,,,,
536,268.0,19,1,1,False,,,,,
536,268.0,20,1,1,False,,,,,
536,268.0,21,1,1,False,,,,,
536,268.0,22,1,1,False,,,,,
536,268.0,23,1,1,False,,,,,
536,268.0,24,1,1,False,,,,,
536,268.0,25,1,1,False,,,,,
536,268.0,26,1,1,False,,,,,
536,268.0,27,1,1,False,,,,,
536,268.0,28,1,1,False,,,,,
536,268.0,29,1,1,False,,,,,
536,268.0,30,1,1,False,,,,,
536,268.0,31,1,1,False,,,,,
536,268.0,32,1,1,False,,,,,
536,268.0,33,1,1,False,,,,,
536,268.0,34,1,1,False,,,,,
536,268.0,35,1,1,False,,,,,
536,268.0,36,1,1,False,,,,,
536,268.0,37,1,1,False,,,,,
536,268.0,38,1,1,False,,,,,
536,268.0,39,1,1,False,,,,,
537,268.5,0,1,1,False,,,,,
537,268.5,1,1,1,False,,,,,
537,268.5,2,1,1,False,,,,,
537,268.5,3,1,1,False,,,,,
537,268.5,4,1,1,False,,,,,
537,268.5,5,1,1,False,,,,,
537,268.5,6,1,1,False,,,,,
537,268.5,7,1,1,False,,,,,
537,268.5,8,1,1,False,,,,,
537,268.5,9,1,1,False,,,,,
537,268.5,10,1,1,False,,,,,
537,268.5,11,1,1,False,,,,,
537,268.5,12,1,1,False,,,,,
537,268.5,13,1,1,False,,,,,
537,268.5,14,1,1,False,,,,,
537,268.5,15,1,1,False,,,,,
537,268.5,16,1,1,False,,,,,
537,268.5,17,1,1,False,,,,,
537,268.5,18,1,1,False,,,,,
537,268.5,19,1,1,False,,,,,
537,268.5,20,1,1,False,,,,,
537,268.5,21,1,1,False,,,,,
537,268.5,22,1,1,False,,,,,
537,268.5,23,1,1,False,,,,,
537,268.5,24,1,1,False,,,,,
537,268.5,25,1,1,False,,,,,
537,268.5,26,1,1,False,,,,,
537,268.5,27,1,1,False,,,,,
537,268.5,28,1,1,False,,,,,
537,268.5,29,1,1,False,,,,,
537,268.5,30,1,1,False,,,,,
537,268.5,31,1,1,False,,,,,
537,268.5,32,1,1,False,,,,,
537,268.5,33,1,1,False,,,,,
537,268.5,34,1,1,False,,,,,
537,268.5,35,1,1,False,,,,,
537,268.5,36,1,1,False,,,,,
537,268.5,37,1,1,False,,,,,
537,268.5,38,1,1,False,,,,,
537,268.5,39,1,1,False,,,,,
538,269.0,0,1,1,False,,,,,
538,269.0,1,1,1,False,,,,,
538,269.0,2,1,1,False,,,,,
538,269.0,3,1,1,False,,,,,
538,269.0,4,1,1,False,,,,,
538,269.0,5,1,1,False,,,,,
538,269.0,6,1,1,False,,,,,
538,269.0,7,1,1,False,,,,,
538,269.0,8,1,1,False,,,,,
538,269.0,9,1,1,False,,,,,
538,269.0,10,1,1,False,,,,,
538,269.0,11,1,1,False,,,,,
538,269.0,12,1,1,False,,,,,
538,269.0,13,1,1,False,,,,,
538,269.0,14,1,1,False,,,,,
538,269.0,15,1,1,False,,,,,
538,269.0,16,1,1,False,,,,,
538,269.0,17,1,1,False,,,,,
538,269.0,18,1,1,False,,,,,
538,269.0,19,1,1,False,,,,,
538,269.0,20,1,1,False,,,,,
538,269.0,21,1,1,False,,,,,
538,269.0,22,1,1,False,,,,,
538,269.0,23,1,1,False,,,,,
538,269.0,24,1,1,False,,,,,
538,269.0,25,1,1,False,,,,,
538,269.0,26,1,1,False,,,,,
538,269.0,27,1,1,False,,,,,
538,269.0,28,1,1,False,,,,,
538,269.0,29,1,1,False,,,,,
538,269.0,30,1,1,False,,,,,
538,269.0,31,1,1,False,,,,,
538,269.0,32,1,1,False,,,,,
538,269.0,33,1,1,False,,,,,
538,269.0,34,1,1,False,,,,,
538,269.0,35,1,1,False,,,,,
538,269.0,36,1,1,False,,,,,
538,269.0,37,1,1,False,,,,,
538,269.0,38,1,1,False,,,,,
538,269.0,39,1,1,False,,,,,
539,269.5,0,1,1,False,,,,,
539,269.5,1,1,1,False,,,,,
539,269.5,2,1,1,False,,,,,
539,269.5,3,1,1,False,,,,,
539,269.5,4,1,1,False,,,,,
539,269.5,5,1,1,False,,,,,
539,269.5,6,1,1,False,,,,,
539,269.5,7,1,1,False,,,,,
539,269.5,8,1,1,False,,,,,
539,269.5,9,1,1,False,,,,,
539,269.5,10,1,1,False,,,,,
539,269.5,11,1,1,False,,,,,
539,269.5,12,1,1,False,,,,,
539,269.5,13,1,1,False,,,,,
539,269.5,14,1,1,False,,,,,
539,269.5,15,1,1,False,,,,,
539,269.5,16,1,1,False,,,,,
539,269.5,17,1,1,False,,,,,
539,269.5,18,1,1,False,,,,,
539,269.5,19,1,1,False,,,,,
539,269.5,20,1,1,False,,,,,
539,269.5,21,1,1,False,,,,,
539,269.5,22,1,1,False,,,,,
539,269.5,23,1,1,False,,,,,
539,269.5,24,1,1,False,,,,,
539,269.5,25,1,1,False,,,,,
539,269.5,26,1,1,False,,,,,
539,269.5,27,1,1,False,,,,,
539,269.5,28,1,1,False,,,,,
539,269.5,29,1,1,False,,,,,
539,269.5,30,1,1,False,,,,,
539,269.5,31,1,1,False,,,,,
539,269.5,32,1,1,False,,,,,
539,269.5,33,1,1,False,,,,,
539,269.5,34,1,1,False,,,,,
539,269.5,35,1,1,False,,,,,
539,269.5,36,1,1,False,,,,,
539,269.5,37,1,1,False,,,,,
539,269.5,38,1,1,False,,,,,
539,269.5,39,1,1,False,,,,,
540,270.0,0,1,1,False,,,,,
540,270.0,1,1,1,False,,,,,
540,270.0,2,1,1,False,,,,,
540,270.0,3,1,1,False,,,,,
540,270.0,4,1,1,False,,,,,
540,270.0,5,1,1,False,,,,,
540,270.0,6,1,1,False,,,,,
540,270.0,7,1,1,False,,,,,
540,270.0,8,1,1,False,,,,,
540,270.0,9,1,1,False,,,,,
540,270.0,10,1,1,False,,,,,
540,270.0,11,1,1,False,,,,,
540,270.0,12,1,1,False,,,,,
540,270.0,13,1,1,False,,,,,
540,270.0,14,1,1,False,,,,,
540,270.0,15,1,1,False,,,,,
540,270.0,16,1,1,False,,,,,
540,270.0,17,1,1,False,,,,,
540,270.0,18,1,1,False,,,,,
540,270.0,19,1,1,False,,,,,
540,270.0,20,1,1,False,,,,,
540,270.0,21,1,1,False,,,,,
540,270.0,22,1,1,False,,,,,
540,270.0,23,1,1,False,,,,,
540,270.0,24,1,1,False,,,,,
540,270.0,25,1,1,False,,,,,
540,270.0,26,1,1,False,,,,,
540,270.0,27,1,1,False,,,,,
540,270.0,28,1,1,False,,,,,
540,270.0,29,1,1,False,,,,,
540,270.0,30,1,1,False,,,,,
540,270.0,31,1,1,False,,,,,
540,270.0,32,1,1,False,,,,,
540,270.0,33,1,1,False,,,,,
540,270.0,34,1,1,False,,,,,
540,270.0,35,1,1,False,,,,,
540,270.0,36,1,1,False,,,,,
540,270.0,37,1,1,False,,,,,
540,270.0,38,1,1,False,,,,,
540,270.0,39,1,1,False,,,,,
541,270.5,0,1,1,False,,,,,
541,270.5,1,1,1,False,,,,,
541,270.5,2,1,1,False,,,,,
541,270.5,3,1,1,False,,,,,
541,270.5,4,1,1,False,,,,,
541,270.5,5,1,1,False,,,,,
541,270.5,6,1,1,False,,,,,
541,270.5,7,1,1,False,,,,,
541,270.5,8,1,1,False,,,,,
541,270.5,9,1,1,False,,,,,
541,270.5,10,1,1,False,,,,,
541,270.5,11,1,1,False,,,,,
541,270.5,12,1,1,False,,,,,
541,270.5,13,1,1,False,,,,,
541,270.5,14,1,1,False,,,,,
541,270.5,15,1,1,False,,,,,
541,270.5,16,1,1,False,,,,,
541,270.5,17,1,1,False,,,,,
541,270.5,18,1,1,False,,,,,
541,270.5,19,1,1,False,,,,,
541,270.5,20,1,1,False,,,,,
541,270.5,21,1,1,False,,,,,
541,270.5,22,1,1,False,,,,,
541,270.5,23,1,1,False,,,,,
541,270.5,24,1,1,False,,,,,
541,270.5,25,1,1,False,,,,,
541,270.5,26,1,1,False,,,,,
541,270.5,27,1,1,False,,,,,
541,270.5,28,1,1,False,,,,,
541,270.5,29,1,1,False,,,,,
541,270.5,30,1,1,False,,,,,
541,270.5,31,1,1,False,,,,,
541,270.5,32,1,1,False,,,,,
541,270.5,33,1,1,False,,,,,
541,270.5,34,1,1,False,,,,,
541,270.5,35,1,1,False,,,,,
541,270.5,36,1,1,False,,,,,
541,270.5,37,1,1,False,,,,,
541,270.5,38,1,1,False,,,,,
541,270.5,39,1,1,False,,,,,
542,271.0,0,1,1,False,,,,,
542,271.0,1,1,1,False,,,,,
542,271.0,2,1,1,False,,,,,
542,271.0,3,1,1,False,,,,,
542,271.0,4,1,1,False,,,,,
542,271.0,5,1,1,False,,,,,
542,271.0,6,1,1,False,,,,,
542,271.0,7,1,1,False,,,,,
542,271.0,8,1,1,False,,,,,
542,271.0,9,1,1,False,,,,,
542,271.0,10,1,1,False,,,,,
542,271.0,11,1,1,False,,,,,
542,271.0,12,1,1,False,,,,,
542,271.0,13,1,1,False,,,,,
542,271.0,14,1,1,False,,,,,
542,271.0,15,1,1,False,,,,,
542,271.0,16,1,1,False,,,,,
542,271.0,17,1,1,False,,,,,
542,271.0,18,1,1,False,,,,,
542,271.0,19,1,1,False,,,,,
542,271.0,20,1,1,False,,,,,
542,271.0,21,1,1,False,,,,,
542,271.0,22,1,1,False,,,,,
542,271.0,23,1,1,False,,,,,
542,271.0,24,1,1,False,,,,,
542,271.0,25,1,1,False,,,,,
542,271.0,26,1,1,False,,,,,
542,271.0,27,1,1,False,,,,,
542,271.0,28,1,1,False,,,,,
542,271.0,29,1,1,False,,,,,
542,271.0,30,1,1,False,,,,,
542,271.0,31,1,1,False,,,,,
542,271.0,32,1,1,False,,,,,
542,271.0,33,1,1,False,,,,,
542,271.0,34,1,1,False,,,,,
542,271.0,35,1,1,False,,,,,
542,271.0,36,1,1,False,,,,,
542,271.0,37,1,1,False,,,,,
542,271.0,38,1,1,False,,,,,
542,271.0,39,1,1,False,,,,,
543,271.5,0,1,1,False,,,,,
543,271.5,1,1,1,False,,,,,
543,271.5,2,1,1,False,,,,,
543,271.5,3,1,1,False,,,,,
543,271.5,4,1,1,False,,,,,
543,271.5,5,1,1,False,,,,,
543,271.5,6,1,1,False,,,,,
543,271.5,7,1,1,False,,,,,
543,271.5,8,1,1,False,,,,,
543,271.5,9,1,1,False,,,,,
543,271.5,10,1,1,False,,,,,
543,271.5,11,1,1,False,,,,,
543,271.5,12,1,1,False,,,,,
543,271.5,13,1,1,False,,,,,
543,271.5,14,1,1,False,,,,,
543,271.5,15,1,1,False,,,,,
543,271.5,16,1,1,False,,,,,
543,271.5,17,1,1,False,,,,,
543,271.5,18,1,1,False,,,,,
543,271.5,19,1,1,False,,,,,
543,271.5,20,1,1,False,,,,,
543,271.5,21,1,1,False,,,,,
543,271.5,22,1,1,False,,,,,
543,271.5,23,1,1,False,,,,,
543,271.5,24,1,1,False,,,,,
543,271.5,25,1,1,False,,,,,
543,271.5,26,1,1,False,,,,,
543,271.5,27,1,1,False,,,,,
543,271.5,28,1,1,False,,,,,
543,271.5,29,1,1,False,,,,,
543,271.5,30,1,1,False,,,,,
543,271.5,31,1,1,False,,,,,
543,271.5,32,1,1,False,,,,,
543,271.5,33,1,1,False,,,,,
543,271.5,34,1,1,False,,,,,
543,271.5,35,1,1,False,,,,,
543,271.5,36,1,1,False,,,,,
543,271.5,37,1,1,False,,,,,
543,271.5,38,1,1,False,,,,,
543,271.5,39,1,1,False,,,,,
544,272.0,0,1,1,False,,,,,
544,272.0,1,1,1,False,,,,,
544,272.0,2,1,1,False,,,,,
544,272.0,3,1,1,False,,,,,
544,272.0,4,1,1,False,,,,,
544,272.0,5,1,1,False,,,,,
544,272.0,6,1,1,False,,,,,
544,272.0,7,1,1,False,,,,,
544,272.0,8,1,1,False,,,,,
544,272.0,9,1,1,False,,,,,
544,272.0,10,1,1,False,,,,,
544,272.0,11,1,1,False,,,,,
544,272.0,12,1,1,False,,,,,
544,272.0,13,1,1,False,,,,,
544,272.0,14,1,1,False,,,,,
544,272.0,15,1,1,False,,,,,
544,272.0,16,1,1,False,,,,,
544,272.0,17,1,1,False,,,,,
544,272.0,18,1,1,False,,,,,
544,272.0,19,1,1,False,,,,,
544,272.0,20,1,1,False,,,,,
544,272.0,21,1,1,False,,,,,
544,272.0,22,1,1,False,,,,,
544,272.0,23,1,1,False,,,,,
544,272.0,24,1,1,False,,,,,
544,272.0,25,1,1,False,,,,,
544,272.0,26,1,1,False,,,,,
544,272.0,27,1,1,False,,,,,
544,272.0,28,1,1,False,,,,,
544,272.0,29,1,1,False,,,,,
544,272.0,30,1,1,False,,,,,
544,272.0,31,1,1,False,,,,,
544,272.0,32,1,1,False,,,,,
544,272.0,33,1,1,False,,,,,
544,272.0,34,1,1,False,,,,,
544,272.0,35,1,1,False,,,,,
544,272.0,36,1,1,False,,,,,
544,272.0,37,1,1,False,,,,,
544,272.0,38,1,1,False,,,,,
544,272.0,39,1,1,False,,,,,
545,272.5,0,1,1,False,,,,,
545,272.5,1,1,1,False,,,,,
545,272.5,2,1,1,False,,,,,
545,272.5,3,1,1,False,,,,,
545,272.5,4,1,1,False,,,,,
545,272.5,5,1,1,False,,,,,
545,272.5,6,1,1,False,,,,,
545,272.5,7,1,1,False,,,,,
545,272.5,8,1,1,False,,,,,
545,272.5,9,1,1,False,,,,,
545,272.5,10,1,1,False,,,,,
545,272.5,11,1,1,False,,,,,
545,272.5,12,1,1,False,,,,,
545,272.5,13,1,1,False,,,,,
545,272.5,14,1,1,False,,,,,
545,272.5,15,1,1,False,,,,,
545,272.5,16,1,1,False,,,,,
545,272.5,17,1,1,False,,,,,
545,272.5,18,1,1,False,,,,,
545,272.5,19,1,1,False,,,,,
545,272.5,20,1,1,False,,,,,
545,272.5,21,1,1,False,,,,,
545,272.5,22,1,1,False,,,,,
545,272.5,23,1,1,False,,,,,
545,272.5,24,1,1,False,,,,,
545,272.5,25,1,1,False,,,,,
545,272.5,26,1,1,False,,,,,
545,272.5,27,1,1,False,,,,,
545,272.5,28,1,1,False,,,,,
545,272.5,29,1,1,False,,,,,
545,272.5,30,1,1,False,,,,,
545,272.5,31,1,1,False,,,,,
545,272.5,32,1,1,False,,,,,
545,272.5,33,1,1,False,,,,,
545,272.5,34,1,1,False,,,,,
545,272.5,35,1,1,False,,,,,
545,272.5,36,1,1,False,,,,,
545,272.5,37,1,1,False,,,,,
545,272.5,38,1,1,False,,,,,
545,272.5,39,1,1,False,,,,,
546,273.0,0,1,1,False,,,,,
546,273.0,1,1,1,False,,,,,
546,273.0,2,1,1,False,,,,,
546,273.0,3,1,1,False,,,,,
546,273.0,4,1,1,False,,,,,
546,273.0,5,1,1,False,,,,,
546,273.0,6,1,1,False,,,,,
546,273.0,7,1,1,False,,,,,
546,273.0,8,1,1,False,,,,,
546,273.0,9,1,1,False,,,,,
546,273.0,10,1,1,False,,,,,
546,273.0,11,1,1,False,,,,,
546,273.0,12,1,1,False,,,,,
546,273.0,13,1,1,False,,,,,
546,273.0,14,1,1,False,,,,,
546,273.0,15,1,1,False,,,,,
546,273.0,16,1,1,False,,,,,
546,273.0,17,1,1,False,,,,,
546,273.0,18,1,1,False,,,,,
546,273.0,19,1,1,False,,,,,
546,273.0,20,1,1,False,,,,,
546,273.0,21,1,1,False,,,,,
546,273.0,22,1,1,False,,,,,
546,273.0,23,1,1,False,,,,,
546,273.0,24,1,1,False,,,,,
546,273.0,25,1,1,False,,,,,
546,273.0,26,1,1,False,,,,,
546,273.0,27,1,1,False,,,,,
546,273.0,28,1,1,False,,,,,
546,273.0,29,1,1,False,,,,,
546,273.0,30,1,1,False,,,,,
546,273.0,31,1,1,False,,,,,
546,273.0,32,1,1,False,,,,,
546,273.0,33,1,1,False,,,,,
546,273.0,34,1,1,False,,,,,
546,273.0,35,1,1,False,,,,,
546,273.0,36,1,1,False,,,,,
546,273.0,37,1,1,False,,,,,
546,273.0,38,1,1,False,,,,,
546,273.0,39,1,1,False,,,,,
547,273.5,0,1,1,False,,,,,
547,273.5,1,1,1,False,,,,,
547,273.5,2,1,1,False,,,,,
547,273.5,3,1,1,False,,,,,
547,273.5,4,1,1,False,,,,,
547,273.5,5,1,1,False,,,,,
547,273.5,6,1,1,False,,,,,
547,273.5,7,1,1,False,,,,,
547,273.5,8,1,1,False,,,,,
547,273.5,9,1,1,False,,,,,
547,273.5,10,1,1,False,,,,,
547,273.5,11,1,1,False,,,,,
547,273.5,12,1,1,False,,,,,
547,273.5,13,1,1,False,,,,,
547,273.5,14,1,1,False,,,,,
547,273.5,15,1,1,False,,,,,
547,273.5,16,1,1,False,,,,,
547,273.5,17,1,1,False,,,,,
547,273.5,18,1,1,False,,,,,
547,273.5,19,1,1,False,,,,,
547,273.5,20,1,1,False,,,,,
547,273.5,21,1,1,False,,,,,
547,273.5,22,1,1,False,,,,,
547,273.5,23,1,1,False,,,,,
547,273.5,24,1,1,False,,,,,
547,273.5,25,1,1,False,,,,,
547,273.5,26,1,1,False,,,,,
547,273.5,27,1,1,False,,,,,
547,273.5,28,1,1,False,,,,,
547,273.5,29,1,1,False,,,,,
547,273.5,30,1,1,False,,,,,
547,273.5,31,1,1,False,,,,,
547,273.5,32,1,1,False,,,,,
547,273.5,33,1,1,False,,,,,
547,273.5,34,1,1,False,,,,,
547,273.5,35,1,1,False,,,,,
547,273.5,36,1,1,False,,,,,
547,273.5,37,1,1,False,,,,,
547,273.5,38,1,1,False,,,,,
547,273.5,39,1,1,False,,,,,
548,274.0,0,1,1,False,,,,,
548,274.0,1,1,1,False,,,,,
548,274.0,2,1,1,False,,,,,
548,274.0,3,1,1,False,,,,,
548,274.0,4,1,1,False,,,,,
548,274.0,5,1,1,False,,,,,
548,274.0,6,1,1,False,,,,,
548,274.0,7,1,1,False,,,,,
548,274.0,8,1,1,False,,,,,
548,274.0,9,1,1,False,,,,,
548,274.0,10,1,1,False,,,,,
548,274.0,11,1,1,False,,,,,
548,274.0,12,1,1,False,,,,,
548,274.0,13,1,1,False,,,,,
548,274.0,14,1,1,False,,,,,
548,274.0,15,1,1,False,,,,,
548,274.0,16,1,1,False,,,,,
548,274.0,17,1,1,False,,,,,
548,274.0,18,1,1,False,,,,,
548,274.0,19,1,1,False,,,,,
548,274.0,20,1,1,False,,,,,
548,274.0,21,1,1,False,,,,,
548,274.0,22,1,1,False,,,,,
548,274.0,23,1,1,False,,,,,
548,274.0,24,1,1,False,,,,,
548,274.0,25,1,1,False,,,,,
548,274.0,26,1,1,False,,,,,
548,274.0,27,1,1,False,,,,,
548,274.0,28,1,1,False,,,,,
548,274.0,29,1,1,False,,,,,
548,274.0,30,1,1,False,,,,,
548,274.0,31,1,1,False,,,,,
548,274.0,32,1,1,False,,,,,
548,274.0,33,1,1,False,,,,,
548,274.0,34,1,1,False,,,,,
548,274.0,35,1,1,False,,,,,
548,274.0,36,1,1,False,,,,,
548,274.0,37,1,1,False,,,,,
548,274.0,38,1,1,False,,,,,
548,274.0,39,1,1,False,,,,,
549,274.5,0,1,1,False,,,,,
549,274.5,1,1,1,False,,,,,
549,274.5,2,1,1,False,,,,,
549,274.5,3,1,1,False,,,,,
549,274.5,4,1,1,False,,,,,
549,274.5,5,1,1,False,,,,,
549,274.5,6,1,1,False,,,,,
549,274.5,7,1,1,False,,,,,
549,274.5,8,1,1,False,,,,,
549,274.5,9,1,1,False,,,,,
549,274.5,10,1,1,False,,,,,
549,274.5,11,1,1,False,,,,,
549,274.5,12,1,1,False,,,,,
549,274.5,13,1,1,False,,,,,
549,274.5,14,1,1,False,,,,,
549,274.5,15,1,1,False,,,,,
549,274.5,16,1,1,False,,,,,
549,274.5,17,1,1,False,,,,,
549,274.5,18,1,1,False,,,,,
549,274.5,19,1,1,False,,,,,
549,274.5,20,1,1,False,,,,,
549,274.5,21,1,1,False,,,,,
549,274.5,22,1,1,False,,,,,
549,274.5,23,1,1,False,,,,,
549,274.5,24,1,1,False,,,,,
549,274.5,25,1,1,False,,,,,
549,274.5,26,1,1,False,,,,,
549,274.5,27,1,1,False,,,,,
549,274.5,28,1,1,False,,,,,
549,274.5,29,1,1,False,,,,,
549,274.5,30,1,1,False,,,,,
549,274.5,31,1,1,False,,,,,
549,274.5,32,1,1,False,,,,,
549,274.5,33,1,1,False,,,,,
549,274.5,34,1,1,False,,,,,
549,274.5,35,1,1,False,,,,,
549,274.5,36,1,1,False,,,,,
549,274.5,37,1,1,False,,,,,
549,274.5,38,1,1,False,,,,,
549,274.5,39,1,1,False,,,,,
550,275.0,0,1,1,False,,,,,
550,275.0,1,1,1,False,,,,,
550,275.0,2,1,1,False,,,,,
550,275.0,3,1,1,False,,,,,
550,275.0,4,1,1,False,,,,,
550,275.0,5,1,1,False,,,,,
550,275.0,6,1,1,False,,,,,
550,275.0,7,1,1,False,,,,,
550,275.0,8,1,1,False,,,,,
550,275.0,9,1,1,False,,,,,
550,275.0,10,1,1,False,,,,,
550,275.0,11,1,1,False,,,,,
550,275.0,12,1,1,False,,,,,
550,275.0,13,1,1,False,,,,,
550,275.0,14,1,1,False,,,,,
550,275.0,15,1,1,False,,,,,
550,275.0,16,1,1,False,,,,,
550,275.0,17,1,1,False,,,,,
550,275.0,18,1,1,False,,,,,
550,275.0,19,1,1,False,,,,,
550,275.0,20,1,1,False,,,,,
550,275.0,21,1,1,False,,,,,
550,275.0,22,1,1,False,,,,,
550,275.0,23,1,1,False,,,,,
550,275.0,24,1,1,False,,,,,
550,275.0,25,1,1,False,,,,,
550,275.0,26,1,1,False,,,,,
550,275.0,27,1,1,False,,,,,
550,275.0,28,1,1,False,,,,,
550,275.0,29,1,1,False,,,,,
550,275.0,30,1,1,False,,,,,
550,275.0,31,1,1,False,,,,,
550,275.0,32,1,1,False,,,,,
550,275.0,33,1,1,False,,,,,
550,275.0,34,1,1,False,,,,,
550,275.0,35,1,1,False,,,,,
550,275.0,36,1,1,False,,,,,
550,275.0,37,1,1,False,,,,,
550,275.0,38,1,1,False,,,,,
550,275.0,39,1,1,False,,,,,
551,275.5,0,1,1,False,,,,,
551,275.5,1,1,1,False,,,,,
551,275.5,2,1,1,False,,,,,
551,275.5,3,1,1,False,,,,,
551,275.5,4,1,1,False,,,,,
551,275.5,5,1,1,False,,,,,
551,275.5,6,1,1,False,,,,,
551,275.5,7,1,1,False,,,,,
551,275.5,8,1,1,False,,,,,
551,275.5,9,1,1,False,,,,,
551,275.5,10,1,1,False,,,,,
551,275.5,11,1,1,False,,,,,
551,275.5,12,1,1,False,,,,,
551,275.5,13,1,1,False,,,,,
551,275.5,14,1,1,False,,,,,
551,275.5,15,1,1,False,,,,,
551,275.5,16,1,1,False,,,,,
551,275.5,17,1,1,False,,,,,
551,275.5,18,1,1,False,,,,,
551,275.5,19,1,1,False,,,,,
551,275.5,20,1,1,False,,,,,
551,275.5,21,1,1,False,,,,,
551,275.5,22,1,1,False,,,,,
551,275.5,23,1,1,False,,,,,
551,275.5,24,1,1,False,,,,,
551,275.5,25,1,1,False,,,,,
551,275.5,26,1,1,False,,,,,
551,275.5,27,1,1,False,,,,,
551,275.5,28,1,1,False,,,,,
551,275.5,29,1,1,False,,,,,
551,275.5,30,1,1,False,,,,,
551,275.5,31,1,1,False,,,,,
551,275.5,32,1,1,False,,,,,
551,275.5,33,1,1,False,,,,,
551,275.5,34,1,1,False,,,,,
551,275.5,35,1,1,False,,,,,
551,275.5,36,1,1,False,,,,,
551,275.5,37,1,1,False,,,,,
551,275.5,38,1,1,False,,,,,
551,275.5,39,1,1,False,,,,,
552,276.0,0,1,1,False,,,,,
552,276.0,1,1,1,False,,,,,
552,276.0,2,1,1,False,,,,,
552,276.0,3,1,1,False,,,,,
552,276.0,4,1,1,False,,,,,
552,276.0,5,1,1,False,,,,,
552,276.0,6,1,1,False,,,,,
552,276.0,7,1,1,False,,,,,
552,276.0,8,1,1,False,,,,,
552,276.0,9,1,1,False,,,,,
552,276.0,10,1,1,False,,,,,
552,276.0,11,1,1,False,,,,,
552,276.0,12,1,1,False,,,,,
552,276.0,13,1,1,False,,,,,
552,276.0,14,1,1,False,,,,,
552,276.0,15,1,1,False,,,,,
552,276.0,16,1,1,False,,,,,
552,276.0,17,1,1,False,,,,,
552,276.0,18,1,1,False,,,,,
552,276.0,19,1,1,False,,,,,
552,276.0,20,1,1,False,,,,,
552,276.0,21,1,1,False,,,,,
552,276.0,22,1,1,False,,,,,
552,276.0,23,1,1,False,,,,,
552,276.0,24,1,1,False,,,,,
552,276.0,25,1,1,False,,,,,
552,276.0,26,1,1,False,,,,,
552,276.0,27,1,1,False,,,,,
552,276.0,28,1,1,False,,,,,
552,276.0,29,1,1,False,,,,,
552,276.0,30,1,1,False,,,,,
552,276.0,31,1,1,False,,,,,
552,276.0,32,1,1,False,,,,,
552,276.0,33,1,1,False,,,,,
552,276.0,34,1,1,False,,,,,
552,276.0,35,1,1,False,,,,,
552,276.0,36,1,1,False,,,,,
552,276.0,37,1,1,False,,,,,
552,276.0,38,1,1,False,,,,,
552,276.0,39,1,1,False,,,,,
553,276.5,0,1,1,False,,,,,
553,276.5,1,1,1,False,,,,,
553,276.5,2,1,1,False,,,,,
553,276.5,3,1,1,False,,,,,
553,276.5,4,1,1,False,,,,,
553,276.5,5,1,1,False,,,,,
553,276.5,6,1,1,False,,,,,
553,276.5,7,1,1,False,,,,,
553,276.5,8,1,1,False,,,,,
553,276.5,9,1,1,False,,,,,
553,276.5,10,1,1,False,,,,,
553,276.5,11,1,1,False,,,,,
553,276.5,12,1,1,False,,,,,
553,276.5,13,1,1,False,,,,,
553,276.5,14,1,1,False,,,,,
553,276.5,15,1,1,False,,,,,
553,276.5,16,1,1,False,,,,,
553,276.5,17,1,1,False,,,,,
553,276.5,18,1,1,False,,,,,
553,276.5,19,1,1,False,,,,,
553,276.5,20,1,1,False,,,,,
553,276.5,21,1,1,False,,,,,
553,276.5,22,1,1,False,,,,,
553,276.5,23,1,1,False,,,,,
553,276.5,24,1,1,False,,,,,
553,276.5,25,1,1,False,,,,,
553,276.5,26,1,1,False,,,,,
553,276.5,27,1,1,False,,,,,
553,276.5,28,1,1,False,,,,,
553,276.5,29,1,1,False,,,,,
553,276.5,30,1,1,False,,,,,
553,276.5,31,1,1,False,,,,,
553,276.5,32,1,1,False,,,,,
553,276.5,33,1,1,False,,,,,
553,276.5,34,1,1,False,,,,,
553,276.5,35,1,1,False,,,,,
553,276.5,36,1,1,False,,,,,
553,276.5,37,1,1,False,,,,,
553,276.5,38,1,1,False,,,,,
553,276.5,39,1,1,False,,,,,
554,277.0,0,1,1,False,,,,,
554,277.0,1,1,1,False,,,,,
554,277.0,2,1,1,False,,,,,
554,277.0,3,1,1,False,,,,,
554,277.0,4,1,1,False,,,,,
554,277.0,5,1,1,False,,,,,
554,277.0,6,1,1,False,,,,,
554,277.0,7,1,1,False,,,,,
554,277.0,8,1,1,False,,,,,
554,277.0,9,1,1,False,,,,,
554,277.0,10,1,1,False,,,,,
554,277.0,11,1,1,False,,,,,
554,277.0,12,1,1,False,,,,,
554,277.0,13,1,1,False,,,,,
554,277.0,14,1,1,False,,,,,
554,277.0,15,1,1,False,,,,,
554,277.0,16,1,1,False,,,,,
554,277.0,17,1,1,False,,,,,
554,277.0,18,1,1,False,,,,,
554,277.0,19,1,1,False,,,,,
554,277.0,20,1,1,False,,,,,
554,277.0,21,1,1,False,,,,,
554,277.0,22,1,1,False,,,,,
554,277.0,23,1,1,False,,,,,
554,277.0,24,1,1,False,,,,,
554,277.0,25,1,1,False,,,,,
554,277.0,26,1,1,False,,,,,
554,277.0,27,1,1,False,,,,,
554,277.0,28,1,1,False,,,,,
554,277.0,29,1,1,False,,,,,
554,277.0,30,1,1,False,,,,,
554,277.0,31,1,1,False,,,,,
554,277.0,32,1,1,False,,,,,
554,277.0,33,1,1,False,,,,,
554,277.0,34,1,1,False,,,,,
554,277.0,35,1,1,False,,,,,
554,277.0,36,1,1,False,,,,,
554,277.0,37,1,1,False,,,,,
554,277.0,38,1,1,False,,,,,
554,277.0,39,1,1,False,,,,,
555,277.5,0,1,1,False,,,,,
555,277.5,1,1,1,False,,,,,
555,277.5,2,1,1,False,,,,,
555,277.5,3,1,1,False,,,,,
555,277.5,4,1,1,False,,,,,
555,277.5,5,1,1,False,,,,,
555,277.5,6,1,1,False,,,,,
555,277.5,7,1,1,False,,,,,
555,277.5,8,1,1,False,,,,,
555,277.5,9,1,1,False,,,,,
555,277.5,10,1,1,False,,,,,
555,277.5,11,1,1,False,,,,,
555,277.5,12,1,1,False,,,,,
555,277.5,13,1,1,False,,,,,
555,277.5,14,1,1,False,,,,,
555,277.5,15,1,1,False,,,,,
555,277.5,16,1,1,False,,,,,
555,277.5,17,1,1,False,,,,,
555,277.5,18,1,1,False,,,,,
555,277.5,19,1,1,False,,,,,
555,277.5,20,1,1,False,,,,,
555,277.5,21,1,1,False,,,,,
555,277.5,22,1,1,False,,,,,
555,277.5,23,1,1,False,,,,,
555,277.5,24,1,1,False,,,,,
555,277.5,25,1,1,False,,,,,
555,277.5,26,1,1,False,,,,,
555,277.5,27,1,1,False,,,,,
555,277.5,28,1,1,False,,,,,
555,277.5,29,1,1,False,,,,,
555,277.5,30,1,1,False,,,,,
555,277.5,31,1,1,False,,,,,
555,277.5,32,1,1,False,,,,,
555,277.5,33,1,1,False,,,,,
555,277.5,34,1,1,False,,,,,
555,277.5,35,1,1,False,,,,,
555,277.5,36,1,1,False,,,,,
555,277.5,37,1,1,False,,,,,
555,277.5,38,1,1,False,,,,,
555,277.5,39,1,1,False,,,,,
556,278.0,0,1,1,False,,,,,
556,278.0,1,1,1,False,,,,,
556,278.0,2,1,1,False,,,,,
556,278.0,3,1,1,False,,,,,
556,278.0,4,1,1,False,,,,,
556,278.0,5,1,1,False,,,,,
556,278.0,6,1,1,False,,,,,
556,278.0,7,1,1,False,,,,,
556,278.0,8,1,1,False,,,,,
556,278.0,9,1,1,False,,,,,
556,278.0,10,1,1,False,,,,,
556,278.0,11,1,1,False,,,,,
556,278.0,12,1,1,False,,,,,
556,278.0,13,1,1,False,,,,,
556,278.0,14,1,1,False,,,,,
556,278.0,15,1,1,False,,,,,
556,278.0,16,1,1,False,,,,,
556,278.0,17,1,1,False,,,,,
556,278.0,18,1,1,False,,,,,
556,278.0,19,1,1,False,,,,,
556,278.0,20,1,1,False,,,,,
556,278.0,21,1,1,False,,,,,
556,278.0,22,1,1,False,,,,,
556,278.0,23,1,1,False,,,,,
556,278.0,24,1,1,False,,,,,
556,278.0,25,1,1,False,,,,,
556,278.0,26,1,1,False,,,,,
556,278.0,27,1,1,False,,,,,
556,278.0,28,1,1,False,,,,,
556,278.0,29,1,1,False,,,,,
556,278.0,30,1,1,False,,,,,
556,278.0,31,1,1,False,,,,,
556,278.0,32,1,1,False,,,,,
556,278.0,33,1,1,False,,,,,
556,278.0,34,1,1,False,,,,,
556,278.0,35,1,1,False,,,,,
556,278.0,36,1,1,False,,,,,
556,278.0,37,1,1,False,,,,,
556,278.0,38,1,1,False,,,,,
556,278.0,39,1,1,False,,,,,
557,278.5,0,1,1,False,,,,,
557,278.5,1,1,1,False,,,,,
557,278.5,2,1,1,False,,,,,
557,278.5,3,1,1,False,,,,,
557,278.5,4,1,1,False,,,,,
557,278.5,5,1,1,False,,,,,
557,278.5,6,1,1,False,,,,,
557,278.5,7,1,1,False,,,,,
557,278.5,8,1,1,False,,,,,
557,278.5,9,1,1,False,,,,,
557,278.5,10,1,1,False,,,,,
557,278.5,11,1,1,False,,,,,
557,278.5,12,1,1,False,,,,,
557,278.5,13,1,1,False,,,,,
557,278.5,14,1,1,False,,,,,
557,278.5,15,1,1,False,,,,,
557,278.5,16,1,1,False,,,,,
557,278.5,17,1,1,False,,,,,
557,278.5,18,1,1,False,,,,,
557,278.5,19,1,1,False,,,,,
557,278.5,20,1,1,False,,,,,
557,278.5,21,1,1,False,,,,,
557,278.5,22,1,1,False,,,,,
557,278.5,23,1,1,False,,,,,
557,278.5,24,1,1,False,,,,,
557,278.5,25,1,1,False,,,,,
557,278.5,26,1,1,False,,,,,
557,278.5,27,1,1,False,,,,,
557,278.5,28,1,1,False,,,,,
557,278.5,29,1,1,False,,,,,
557,278.5,30,1,1,False,,,,,
557,278.5,31,1,1,False,,,,,
557,278.5,32,1,1,False,,,,,
557,278.5,33,1,1,False,,,,,
557,278.5,34,1,1,False,,,,,
557,278.5,35,1,1,False,,,,,
557,278.5,36,1,1,False,,,,,
557,278.5,37,1,1,False,,,,,
557,278.5,38,1,1,False,,,,,
557,278.5,39,1,1,False,,,,,
558,279.0,0,1,1,False,,,,,
558,279.0,1,1,1,False,,,,,
558,279.0,2,1,1,False,,,,,
558,279.0,3,1,1,False,,,,,
558,279.0,4,1,1,False,,,,,
558,279.0,5,1,1,False,,,,,
558,279.0,6,1,1,False,,,,,
558,279.0,7,1,1,False,,,,,
558,279.0,8,1,1,False,,,,,
558,279.0,9,1,1,False,,,,,
558,279.0,10,1,1,False,,,,,
558,279.0,11,1,1,False,,,,,
558,279.0,12,1,1,False,,,,,
558,279.0,13,1,1,False,,,,,
558,279.0,14,1,1,False,,,,,
558,279.0,15,1,1,False,,,,,
558,279.0,16,1,1,False,,,,,
558,279.0,17,1,1,False,,,,,
558,279.0,18,1,1,False,,,,,
558,279.0,19,1,1,False,,,,,
558,279.0,20,1,1,False,,,,,
558,279.0,21,1,1,False,,,,,
558,279.0,22,1,1,False,,,,,
558,279.0,23,1,1,False,,,,,
558,279.0,24,1,1,False,,,,,
558,279.0,25,1,1,False,,,,,
558,279.0,26,1,1,False,,,,,
558,279.0,27,1,1,False,,,,,
558,279.0,28,1,1,False,,,,,
558,279.0,29,1,1,False,,,,,
558,279.0,30,1,1,False,,,,,
558,279.0,31,1,1,False,,,,,
558,279.0,32,1,1,False,,,,,
558,279.0,33,1,1,False,,,,,
558,279.0,34,1,1,False,,,,,
558,279.0,35,1,1,False,,,,,
558,279.0,36,1,1,False,,,,,
558,279.0,37,1,1,False,,,,,
558,279.0,38,1,1,False,,,,,
558,279.0,39,1,1,False,,,,,
559,279.5,0,1,1,False,,,,,
559,279.5,1,1,1,False,,,,,
559,279.5,2,1,1,False,,,,,
559,279.5,3,1,1,False,,,,,
559,279.5,4,1,1,False,,,,,
559,279.5,5,1,1,False,,,,,
559,279.5,6,1,1,False,,,,,
559,279.5,7,1,1,False,,,,,
559,279.5,8,1,1,False,,,,,
559,279.5,9,1,1,False,,,,,
559,279.5,10,1,1,False,,,,,
559,279.5,11,1,1,False,,,,,
559,279.5,12,1,1,False,,,,,
559,279.5,13,1,1,False,,,,,
559,279.5,14,1,1,False,,,,,
559,279.5,15,1,1,False,,,,,
559,279.5,16,1,1,False,,,,,
559,279.5,17,1,1,False,,,,,
559,279.5,18,1,1,False,,,,,
559,279.5,19,1,1,False,,,,,
559,279.5,20,1,1,False,,,,,
559,279.5,21,1,1,False,,,,,
559,279.5,22,1,1,False,,,,,
559,279.5,23,1,1,False,,,,,
559,279.5,24,1,1,False,,,,,
559,279.5,25,1,1,False,,,,,
559,279.5,26,1,1,False,,,,,
559,279.5,27,1,1,False,,,,,
559,279.5,28,1,1,False,,,,,
559,279.5,29,1,1,False,,,,,
559,279.5,30,1,1,False,,,,,
559,279.5,31,1,1,False,,,,,
559,279.5,32,1,1,False,,,,,
559,279.5,33,1,1,False,,,,,
559,279.5,34,1,1,False,,,,,
559,279.5,35,1,1,False,,,,,
559,279.5,36,1,1,False,,,,,
559,279.5,37,1,1,False,,,,,
559,279.5,38,1,1,False,,,,,
559,279.5,39,1,1,False,,,,,
560,280.0,0,1,1,False,,,,,
560,280.0,1,1,1,False,,,,,
560,280.0,2,1,1,False,,,,,
560,280.0,3,1,1,False,,,,,
560,280.0,4,1,1,False,,,,,
560,280.0,5,1,1,False,,,,,
560,280.0,6,1,1,False,,,,,
560,280.0,7,1,1,False,,,,,
560,280.0,8,1,1,False,,,,,
560,280.0,9,1,1,False,,,,,
560,280.0,10,1,1,False,,,,,
560,280.0,11,1,1,False,,,,,
560,280.0,12,1,1,False,,,,,
560,280.0,13,1,1,False,,,,,
560,280.0,14,1,1,False,,,,,
560,280.0,15,1,1,False,,,,,
560,280.0,16,1,1,False,,,,,
560,280.0,17,1,1,False,,,,,
560,280.0,18,1,1,False,,,,,
560,280.0,19,1,1,False,,,,,
560,280.0,20,1,1,False,,,,,
560,280.0,21,1,1,False,,,,,
560,280.0,22,1,1,False,,,,,
560,280.0,23,1,1,False,,,,,
560,280.0,24,1,1,False,,,,,
560,280.0,25,1,1,False,,,,,
560,280.0,26,1,1,False,,,,,
560,280.0,27,1,1,False,,,,,
560,280.0,28,1,1,False,,,,,
560,280.0,29,1,1,False,,,,,
560,280.0,30,1,1,False,,,,,
560,280.0,31,1,1,False,,,,,
560,280.0,32,1,1,False,,,,,
560,280.0,33,1,1,False,,,,,
560,280.0,34,1,1,False,,,,,
560,280.0,35,1,1,False,,,,,
560,280.0,36,1,1,False,,,,,
560,280.0,37,1,1,False,,,,,
560,280.0,38,1,1,False,,,,,
560,280.0,39,1,1,False,,,,,
561,280.5,0,1,1,False,,,,,
561,280.5,1,1,1,False,,,,,
561,280.5,2,1,1,False,,,,,
561,280.5,3,1,1,False,,,,,
561,280.5,4,1,1,False,,,,,
561,280.5,5,1,1,False,,,,,
561,280.5,6,1,1,False,,,,,
561,280.5,7,1,1,False,,,,,
561,280.5,8,1,1,False,,,,,
561,280.5,9,1,1,False,,,,,
561,280.5,10,1,1,False,,,,,
561,280.5,11,1,1,False,,,,,
561,280.5,12,1,1,False,,,,,
561,280.5,13,1,1,False,,,,,
561,280.5,14,1,1,False,,,,,
561,280.5,15,1,1,False,,,,,
561,280.5,16,1,1,False,,,,,
561,280.5,17,1,1,False,,,,,
561,280.5,18,1,1,False,,,,,
561,280.5,19,1,1,False,,,,,
561,280.5,20,1,1,False,,,,,
561,280.5,21,1,1,False,,,,,
561,280.5,22,1,1,False,,,,,
561,280.5,23,1,1,False,,,,,
561,280.5,24,1,1,False,,,,,
561,280.5,25,1,1,False,,,,,
561,280.5,26,1,1,False,,,,,
561,280.5,27,1,1,False,,,,,
561,280.5,28,1,1,False,,,,,
561,280.5,29,1,1,False,,,,,
561,280.5,30,1,1,False,,,,,
561,280.5,31,1,1,False,,,,,
561,280.5,32,1,1,False,,,,,
561,280.5,33,1,1,False,,,,,
561,280.5,34,1,1,False,,,,,
561,280.5,35,1,1,False,,,,,
561,280.5,36,1,1,False,,,,,
561,280.5,37,1,1,False,,,,,
561,280.5,38,1,1,False,,,,,
561,280.5,39,1,1,False,,,,,
562,281.0,0,1,1,False,,,,,
562,281.0,1,1,1,False,,,,,
562,281.0,2,1,1,False,,,,,
562,281.0,3,1,1,False,,,,,
562,281.0,4,1,1,False,,,,,
562,281.0,5,1,1,False,,,,,
562,281.0,6,1,1,False,,,,,
562,281.0,7,1,1,False,,,,,
562,281.0,8,1,1,False,,,,,
562,281.0,9,1,1,False,,,,,
562,281.0,10,1,1,False,,,,,
562,281.0,11,1,1,False,,,,,
562,281.0,12,1,1,False,,,,,
562,281.0,13,1,1,False,,,,,
562,281.0,14,1,1,False,,,,,
562,281.0,15,1,1,False,,,,,
562,281.0,16,1,1,False,,,,,
562,281.0,17,1,1,False,,,,,
562,281.0,18,1,1,False,,,,,
562,281.0,19,1,1,False,,,,,
562,281.0,20,1,1,False,,,,,
562,281.0,21,1,1,False,,,,,
562,281.0,22,1,1,False,,,,,
562,281.0,23,1,1,False,,,,,
562,281.0,24,1,1,False,,,,,
562,281.0,25,1,1,False,,,,,
562,281.0,26,1,1,False,,,,,
562,281.0,27,1,1,False,,,,,
562,281.0,28,1,1,False,,,,,
562,281.0,29,1,1,False,,,,,
562,281.0,30,1,1,False,,,,,
562,281.0,31,1,1,False,,,,,
562,281.0,32,1,1,False,,,,,
562,281.0,33,1,1,False,,,,,
562,281.0,34,1,1,False,,,,,
562,281.0,35,1,1,False,,,,,
562,281.0,36,1,1,False,,,,,
562,281.0,37,1,1,False,,,,,
562,281.0,38,1,1,False,,,,,
562,281.0,39,1,1,False,,,,,
563,281.5,0,1,1,False,,,,,
563,281.5,1,1,1,False,,,,,
563,281.5,2,1,1,False,,,,,
563,281.5,3,1,1,False,,,,,
563,281.5,4,1,1,False,,,,,
563,281.5,5,1,1,False,,,,,
563,281.5,6,1,1,False,,,,,
563,281.5,7,1,1,False,,,,,
563,281.5,8,1,1,False,,,,,
563,281.5,9,1,1,False,,,,,
563,281.5,10,1,1,False,,,,,
563,281.5,11,1,1,False,,,,,
563,281.5,12,1,1,False,,,,,
563,281.5,13,1,1,False,,,,,
563,281.5,14,1,1,False,,,,,
563,281.5,15,1,1,False,,,,,
563,281.5,16,1,1,False,,,,,
563,281.5,17,1,1,False,,,,,
563,281.5,18,1,1,False,,,,,
563,281.5,19,1,1,False,,,,,
563,281.5,20,1,1,False,,,,,
563,281.5,21,1,1,False,,,,,
563,281.5,22,1,1,False,,,,,
563,281.5,23,1,1,False,,,,,
563,281.5,24,1,1,False,,,,,
563,281.5,25,1,1,False,,,,,
563,281.5,26,1,1,False,,,,,
563,281.5,27,1,1,False,,,,,
563,281.5,28,1,1,False,,,,,
563,281.5,29,1,1,False,,,,,
563,281.5,30,1,1,False,,,,,
563,281.5,31,1,1,False,,,,,
563,281.5,32,1,1,False,,,,,
563,281.5,33,1,1,False,,,,,
563,281.5,34,1,1,False,,,,,
563,281.5,35,1,1,False,,,,,
563,281.5,36,1,1,False,,,,,
563,281.5,37,1,1,False,,,,,
563,281.5,38,1,1,False,,,,,
563,281.5,39,1,1,False,,,,,
564,282.0,0,1,1,False,,,,,
564,282.0,1,1,1,False,,,,,
564,282.0,2,1,1,False,,,,,
564,282.0,3,1,1,False,,,,,
564,282.0,4,1,1,False,,,,,
564,282.0,5,1,1,False,,,,,
564,282.0,6,1,1,False,,,,,
564,282.0,7,1,1,False,,,,,
564,282.0,8,1,1,False,,,,,
564,282.0,9,1,1,False,,,,,
564,282.0,10,1,1,False,,,,,
564,282.0,11,1,1,False,,,,,
564,282.0,12,1,1,False,,,,,
564,282.0,13,1,1,False,,,,,
564,282.0,14,1,1,False,,,,,
564,282.0,15,1,1,False,,,,,
564,282.0,16,1,1,False,,,,,
564,282.0,17,1,1,False,,,,,
564,282.0,18,1,1,False,,,,,
564,282.0,19,1,1,False,,,,,
564,282.0,20,1,1,False,,,,,
564,282.0,21,1,1,False,,,,,
564,282.0,22,1,1,False,,,,,
564,282.0,23,1,1,False,,,,,
564,282.0,24,1,1,False,,,,,
564,282.0,25,1,1,False,,,,,
564,282.0,26,1,1,False,,,,,
564,282.0,27,1,1,False,,,,,
564,282.0,28,1,1,False,,,,,
564,282.0,29,1,1,False,,,,,
564,282.0,30,1,1,False,,,,,
564,282.0,31,1,1,False,,,,,
564,282.0,32,1,1,False,,,,,
564,282.0,33,1,1,False,,,,,
564,282.0,34,1,1,False,,,,,
564,282.0,35,1,1,False,,,,,
564,282.0,36,1,1,False,,,,,
564,282.0,37,1,1,False,,,,,
564,282.0,38,1,1,False,,,,,
564,282.0,39,1,1,False,,,,,
565,282.5,0,1,1,False,,,,,
565,282.5,1,1,1,False,,,,,
565,282.5,2,1,1,False,,,,,
565,282.5,3,1,1,False,,,,,
565,282.5,4,1,1,False,,,,,
565,282.5,5,1,1,False,,,,,
565,282.5,6,1,1,False,,,,,
565,282.5,7,1,1,False,,,,,
565,282.5,8,1,1,False,,,,,
565,282.5,9,1,1,False,,,,,
565,282.5,10,1,1,False,,,,,
565,282.5,11,1,1,False,,,,,
565,282.5,12,1,1,False,,,,,
565,282.5,13,1,1,False,,,,,
565,282.5,14,1,1,False,,,,,
565,282.5,15,1,1,False,,,,,
565,282.5,16,1,1,False,,,,,
565,282.5,17,1,1,False,,,,,
565,282.5,18,1,1,False,,,,,
565,282.5,19,1,1,False,,,,,
565,282.5,20,1,1,False,,,,,
565,282.5,21,1,1,False,,,,,
565,282.5,22,1,1,False,,,,,
565,282.5,23,1,1,False,,,,,
565,282.5,24,1,1,False,,,,,
565,282.5,25,1,1,False,,,,,
565,282.5,26,1,1,False,,,,,
565,282.5,27,1,1,False,,,,,
565,282.5,28,1,1,False,,,,,
565,282.5,29,1,1,False,,,,,
565,282.5,30,1,1,False,,,,,
565,282.5,31,1,1,False,,,,,
565,282.5,32,1,1,False,,,,,
565,282.5,33,1,1,False,,,,,
565,282.5,34,1,1,False,,,,,
565,282.5,35,1,1,False,,,,,
565,282.5,36,1,1,False,,,,,
565,282.5,37,1,1,False,,,,,
565,282.5,38,1,1,False,,,,,
565,282.5,39,1,1,False,,,,,
566,283.0,0,1,1,False,,,,,
566,283.0,1,1,1,False,,,,,
566,283.0,2,1,1,False,,,,,
566,283.0,3,1,1,False,,,,,
566,283.0,4,1,1,False,,,,,
566,283.0,5,1,1,False,,,,,
566,283.0,6,1,1,False,,,,,
566,283.0,7,1,1,False,,,,,
566,283.0,8,1,1,False,,,,,
566,283.0,9,1,1,False,,,,,
566,283.0,10,1,1,False,,,,,
566,283.0,11,1,1,False,,,,,
566,283.0,12,1,1,False,,,,,
566,283.0,13,1,1,False,,,,,
566,283.0,14,1,1,False,,,,,
566,283.0,15,1,1,False,,,,,
566,283.0,16,1,1,False,,,,,
566,283.0,17,1,1,False,,,,,
566,283.0,18,1,1,False,,,,,
566,283.0,19,1,1,False,,,,,
566,283.0,20,1,1,False,,,,,
566,283.0,21,1,1,False,,,,,
566,283.0,22,1,1,False,,,,,
566,283.0,23,1,1,False,,,,,
566,283.0,24,1,1,False,,,,,
566,283.0,25,1,1,False,,,,,
566,283.0,26,1,1,False,,,,,
566,283.0,27,1,1,False,,,,,
566,283.0,28,1,1,False,,,,,
566,283.0,29,1,1,False,,,,,
566,283.0,30,1,1,False,,,,,
566,283.0,31,1,1,False,,,,,
566,283.0,32,1,1,False,,,,,
566,283.0,33,1,1,False,,,,,
566,283.0,34,1,1,False,,,,,
566,283.0,35,1,1,False,,,,,
566,283.0,36,1,1,False,,,,,
566,283.0,37,1,1,False,,,,,
566,283.0,38,1,1,False,,,,,
566,283.0,39,1,1,False,,,,,
567,283.5,0,1,1,False,,,,,
567,283.5,1,1,1,False,,,,,
567,283.5,2,1,1,False,,,,,
567,283.5,3,1,1,False,,,,,
567,283.5,4,1,1,False,,,,,
567,283.5,5,1,1,False,,,,,
567,283.5,6,1,1,False,,,,,
567,283.5,7,1,1,False,,,,,
567,283.5,8,1,1,False,,,,,
567,283.5,9,1,1,False,,,,,
567,283.5,10,1,1,False,,,,,
567,283.5,11,1,1,False,,,,,
567,283.5,12,1,1,False,,,,,
567,283.5,13,1,1,False,,,,,
567,283.5,14,1,1,False,,,,,
567,283.5,15,1,1,False,,,,,
567,283.5,16,1,1,False,,,,,
567,283.5,17,1,1,False,,,,,
567,283.5,18,1,1,False,,,,,
567,283.5,19,1,1,False,,,,,
567,283.5,20,1,1,False,,,,,
567,283.5,21,1,1,False,,,,,
567,283.5,22,1,1,False,,,,,
567,283.5,23,1,1,False,,,,,
567,283.5,24,1,1,False,,,,,
567,283.5,25,1,1,False,,,,,
567,283.5,26,1,1,False,,,,,
567,283.5,27,1,1,False,,,,,
567,283.5,28,1,1,False,,,,,
567,283.5,29,1,1,False,,,,,
567,283.5,30,1,1,False,,,,,
567,283.5,31,1,1,False,,,,,
567,283.5,32,1,1,False,,,,,
567,283.5,33,1,1,False,,,,,
567,283.5,34,1,1,False,,,,,
567,283.5,35,1,1,False,,,,,
567,283.5,36,1,1,False,,,,,
567,283.5,37,1,1,False,,,,,
567,283.5,38,1,1,False,,,,,
567,283.5,39,1,1,False,,,,,
568,284.0,0,1,1,False,,,,,
568,284.0,1,1,1,False,,,,,
568,284.0,2,1,1,False,,,,,
568,284.0,3,1,1,False,,,,,
568,284.0,4,1,1,False,,,,,
568,284.0,5,1,1,False,,,,,
568,284.0,6,1,1,False,,,,,
568,284.0,7,1,1,False,,,,,
568,284.0,8,1,1,False,,,,,
568,284.0,9,1,1,False,,,,,
568,284.0,10,1,1,False,,,,,
568,284.0,11,1,1,False,,,,,
568,284.0,12,1,1,False,,,,,
568,284.0,13,1,1,False,,,,,
568,284.0,14,1,1,False,,,,,
568,284.0,15,1,1,False,,,,,
568,284.0,16,1,1,False,,,,,
568,284.0,17,1,1,False,,,,,
568,284.0,18,1,1,False,,,,,
568,284.0,19,1,1,False,,,,,
568,284.0,20,1,1,False,,,,,
568,284.0,21,1,1,False,,,,,
568,284.0,22,1,1,False,,,,,
568,284.0,23,1,1,False,,,,,
568,284.0,24,1,1,False,,,,,
568,284.0,25,1,1,False,,,,,
568,284.0,26,1,1,False,,,,,
568,284.0,27,1,1,False,,,,,
568,284.0,28,1,1,False,,,,,
568,284.0,29,1,1,False,,,,,
568,284.0,30,1,1,False,,,,,
568,284.0,31,1,1,False,,,,,
568,284.0,32,1,1,False,,,,,
568,284.0,33,1,1,False,,,,,
568,284.0,34,1,1,False,,,,,
568,284.0,35,1,1,False,,,,,
568,284.0,36,1,1,False,,,,,
568,284.0,37,1,1,False,,,,,
568,284.0,38,1,1,False,,,,,
568,284.0,39,1,1,False,,,,,
569,284.5,0,1,1,False,,,,,
569,284.5,1,1,1,False,,,,,
569,284.5,2,1,1,False,,,,,
569,284.5,3,1,1,False,,,,,
569,284.5,4,1,1,False,,,,,
569,284.5,5,1,1,False,,,,,
569,284.5,6,1,1,False,,,,,
569,284.5,7,1,1,False,,,,,
569,284.5,8,1,1,False,,,,,
569,284.5,9,1,1,False,,,,,
569,284.5,10,1,1,False,,,,,
569,284.5,11,1,1,False,,,,,
569,284.5,12,1,1,False,,,,,
569,284.5,13,1,1,False,,,,,
569,284.5,14,1,1,False,,,,,
569,284.5,15,1,1,False,,,,,
569,284.5,16,1,1,False,,,,,
569,284.5,17,1,1,False,,,,,
569,284.5,18,1,1,False,,,,,
569,284.5,19,1,1,False,,,,,
569,284.5,20,1,1,False,,,,,
569,284.5,21,1,1,False,,,,,
569,284.5,22,1,1,False,,,,,
569,284.5,23,1,1,False,,,,,
569,284.5,24,1,1,False,,,,,
569,284.5,25,1,1,False,,,,,
569,284.5,26,1,1,False,,,,,
569,284.5,27,1,1,False,,,,,
569,284.5,28,1,1,False,,,,,
569,284.5,29,1,1,False,,,,,
569,284.5,30,1,1,False,,,,,
569,284.5,31,1,1,False,,,,,
569,284.5,32,1,1,False,,,,,
569,284.5,33,1,1,False,,,,,
569,284.5,34,1,1,False,,,,,
569,284.5,35,1,1,False,,,,,
569,284.5,36,1,1,False,,,,,
569,284.5,37,1,1,False,,,,,
569,284.5,38,1,1,False,,,,,
569,284.5,39,1,1,False,,,,,
570,285.0,0,1,1,False,,,,,
570,285.0,1,1,1,False,,,,,
570,285.0,2,1,1,False,,,,,
570,285.0,3,1,1,False,,,,,
570,285.0,4,1,1,False,,,,,
570,285.0,5,1,1,False,,,,,
570,285.0,6,1,1,False,,,,,
570,285.0,7,1,1,False,,,,,
570,285.0,8,1,1,False,,,,,
570,285.0,9,1,1,False,,,,,
570,285.0,10,1,1,False,,,,,
570,285.0,11,1,1,False,,,,,
570,285.0,12,1,1,False,,,,,
570,285.0,13,1,1,False,,,,,
570,285.0,14,1,1,False,,,,,
570,285.0,15,1,1,False,,,,,
570,285.0,16,1,1,False,,,,,
570,285.0,17,1,1,False,,,,,
570,285.0,18,1,1,False,,,,,
570,285.0,19,1,1,False,,,,,
570,285.0,20,1,1,False,,,,,
570,285.0,21,1,1,False,,,,,
570,285.0,22,1,1,False,,,,,
570,285.0,23,1,1,False,,,,,
570,285.0,24,1,1,False,,,,,
570,285.0,25,1,1,False,,,,,
570,285.0,26,1,1,False,,,,,
570,285.0,27,1,1,False,,,,,
570,285.0,28,1,1,False,,,,,
570,285.0,29,1,1,False,,,,,
570,285.0,30,1,1,False,,,,,
570,285.0,31,1,1,False,,,,,
570,285.0,32,1,1,False,,,,,
570,285.0,33,1,1,False,,,,,
570,285.0,34,1,1,False,,,,,
570,285.0,35,1,1,False,,,,,
570,285.0,36,1,1,False,,,,,
570,285.0,37,1,1,False,,,,,
570,285.0,38,1,1,False,,,,,
570,285.0,39,1,1,False,,,,,
571,285.5,0,1,1,False,,,,,
571,285.5,1,1,1,False,,,,,
571,285.5,2,1,1,False,,,,,
571,285.5,3,1,1,False,,,,,
571,285.5,4,1,1,False,,,,,
571,285.5,5,1,1,False,,,,,
571,285.5,6,1,1,False,,,,,
571,285.5,7,1,1,False,,,,,
571,285.5,8,1,1,False,,,,,
571,285.5,9,1,1,False,,,,,
571,285.5,10,1,1,False,,,,,
571,285.5,11,1,1,False,,,,,
571,285.5,12,1,1,False,,,,,
571,285.5,13,1,1,False,,,,,
571,285.5,14,1,1,False,,,,,
571,285.5,15,1,1,False,,,,,
571,285.5,16,1,1,False,,,,,
571,285.5,17,1,1,False,,,,,
571,285.5,18,1,1,False,,,,,
571,285.5,19,1,1,False,,,,,
571,285.5,20,1,1,False,,,,,
571,285.5,21,1,1,False,,,,,
571,285.5,22,1,1,False,,,,,
571,285.5,23,1,1,False,,,,,
571,285.5,24,1,1,False,,,,,
571,285.5,25,1,1,False,,,,,
571,285.5,26,1,1,False,,,,,
571,285.5,27,1,1,False,,,,,
571,285.5,28,1,1,False,,,,,
571,285.5,29,1,1,False,,,,,
571,285.5,30,1,1,False,,,,,
571,285.5,31,1,1,False,,,,,
571,285.5,32,1,1,False,,,,,
571,285.5,33,1,1,False,,,,,
571,285.5,34,1,1,False,,,,,
571,285.5,35,1,1,False,,,,,
571,285.5,36,1,1,False,,,,,
571,285.5,37,1,1,False,,,,,
571,285.5,38,1,1,False,,,,,
571,285.5,39,1,1,False,,,,,
572,286.0,0,1,1,False,,,,,
572,286.0,1,1,1,False,,,,,
572,286.0,2,1,1,False,,,,,
572,286.0,3,1,1,False,,,,,
572,286.0,4,1,1,False,,,,,
572,286.0,5,1,1,False,,,,,
572,286.0,6,1,1,False,,,,,
572,286.0,7,1,1,False,,,,,
572,286.0,8,1,1,False,,,,,
572,286.0,9,1,1,False,,,,,
572,286.0,10,1,1,False,,,,,
572,286.0,11,1,1,False,,,,,
572,286.0,12,1,1,False,,,,,
572,286.0,13,1,1,False,,,,,
572,286.0,14,1,1,False,,,,,
572,286.0,15,1,1,False,,,,,
572,286.0,16,1,1,False,,,,,
572,286.0,17,1,1,False,,,,,
572,286.0,18,1,1,False,,,,,
572,286.0,19,1,1,False,,,,,
572,286.0,20,1,1,False,,,,,
572,286.0,21,1,1,False,,,,,
572,286.0,22,1,1,False,,,,,
572,286.0,23,1,1,False,,,,,
572,286.0,24,1,1,False,,,,,
572,286.0,25,1,1,False,,,,,
572,286.0,26,1,1,False,,,,,
572,286.0,27,1,1,False,,,,,
572,286.0,28,1,1,False,,,,,
572,286.0,29,1,1,False,,,,,
572,286.0,30,1,1,False,,,,,
572,286.0,31,1,1,False,,,,,
572,286.0,32,1,1,False,,,,,
572,286.0,33,1,1,False,,,,,
572,286.0,34,1,1,False,,,,,
572,286.0,35,1,1,False,,,,,
572,286.0,36,1,1,False,,,,,
572,286.0,37,1,1,False,,,,,
572,286.0,38,1,1,False,,,,,
572,286.0,39,1,1,False,,,,,
573,286.5,0,1,1,False,,,,,
573,286.5,1,1,1,False,,,,,
573,286.5,2,1,1,False,,,,,
573,286.5,3,1,1,False,,,,,
573,286.5,4,1,1,False,,,,,
573,286.5,5,1,1,False,,,,,
573,286.5,6,1,1,False,,,,,
573,286.5,7,1,1,False,,,,,
573,286.5,8,1,1,False,,,,,
573,286.5,9,1,1,False,,,,,
573,286.5,10,1,1,False,,,,,
573,286.5,11,1,1,False,,,,,
573,286.5,12,1,1,False,,,,,
573,286.5,13,1,1,False,,,,,
573,286.5,14,1,1,False,,,,,
573,286.5,15,1,1,False,,,,,
573,286.5,16,1,1,False,,,,,
573,286.5,17,1,1,False,,,,,
573,286.5,18,1,1,False,,,,,
573,286.5,19,1,1,False,,,,,
573,286.5,20,1,1,False,,,,,
573,286.5,21,1,1,False,,,,,
573,286.5,22,1,1,False,,,,,
573,286.5,23,1,1,False,,,,,
573,286.5,24,1,1,False,,,,,
573,286.5,25,1,1,False,,,,,
573,286.5,26,1,1,False,,,,,
573,286.5,27,1,1,False,,,,,
573,286.5,28,1,1,False,,,,,
573,286.5,29,1,1,False,,,,,
573,286.5,30,1,1,False,,,,,
573,286.5,31,1,1,False,,,,,
573,286.5,32,1,1,False,,,,,
573,286.5,33,1,1,False,,,,,
573,286.5,34,1,1,False,,,,,
573,286.5,35,1,1,False,,,,,
573,286.5,36,1,1,False,,,,,
573,286.5,37,1,1,False,,,,,
573,286.5,38,1,1,False,,,,,
573,286.5,39,1,1,False,,,,,
574,287.0,0,1,1,False,,,,,
574,287.0,1,1,1,False,,,,,
574,287.0,2,1,1,False,,,,,
574,287.0,3,1,1,False,,,,,
574,287.0,4,1,1,False,,,,,
574,287.0,5,1,1,False,,,,,
574,287.0,6,1,1,False,,,,,
574,287.0,7,1,1,False,,,,,
574,287.0,8,1,1,False,,,,,
574,287.0,9,1,1,False,,,,,
574,287.0,10,1,1,False,,,,,
574,287.0,11,1,1,False,,,,,
574,287.0,12,1,1,False,,,,,
574,287.0,13,1,1,False,,,,,
574,287.0,14,1,1,False,,,,,
574,287.0,15,1,1,False,,,,,
574,287.0,16,1,1,False,,,,,
574,287.0,17,1,1,False,,,,,
574,287.0,18,1,1,False,,,,,
574,287.0,19,1,1,False,,,,,
574,287.0,20,1,1,False,,,,,
574,287.0,21,1,1,False,,,,,
574,287.0,22,1,1,False,,,,,
574,287.0,23,1,1,False,,,,,
574,287.0,24,1,1,False,,,,,
574,287.0,25,1,1,False,,,,,
574,287.0,26,1,1,False,,,,,
574,287.0,27,1,1,False,,,,,
574,287.0,28,1,1,False,,,,,
574,287.0,29,1,1,False,,,,,
574,287.0,30,1,1,False,,,,,
574,287.0,31,1,1,False,,,,,
574,287.0,32,1,1,False,,,,,
574,287.0,33,1,1,False,,,,,
574,287.0,34,1,1,False,,,,,
574,287.0,35,1,1,False,,,,,
574,287.0,36,1,1,False,,,,,
574,287.0,37,1,1,False,,,,,
574,287.0,38,1,1,False,,,,,
574,287.0,39,1,1,False,,,,,
575,287.5,0,1,1,False,,,,,
575,287.5,1,1,1,False,,,,,
575,287.5,2,1,1,False,,,,,
575,287.5,3,1,1,False,,,,,
575,287.5,4,1,1,False,,,,,
575,287.5,5,1,1,False,,,,,
575,287.5,6,1,1,False,,,,,
575,287.5,7,1,1,False,,,,,
575,287.5,8,1,1,False,,,,,
575,287.5,9,1,1,False,,,,,
575,287.5,10,1,1,False,,,,,
575,287.5,11,1,1,False,,,,,
575,287.5,12,1,1,False,,,,,
575,287.5,13,1,1,False,,,,,
575,287.5,14,1,1,False,,,,,
575,287.5,15,1,1,False,,,,,
575,287.5,16,1,1,False,,,,,
575,287.5,17,1,1,False,,,,,
575,287.5,18,1,1,False,,,,,
575,287.5,19,1,1,False,,,,,
575,287.5,20,1,1,False,,,,,
575,287.5,21,1,1,False,,,,,
575,287.5,22,1,1,False,,,,,
575,287.5,23,1,1,False,,,,,
575,287.5,24,1,1,False,,,,,
575,287.5,25,1,1,False,,,,,
575,287.5,26,1,1,False,,,,,
575,287.5,27,1,1,False,,,,,
575,287.5,28,1,1,False,,,,,
575,287.5,29,1,1,False,,,,,
575,287.5,30,1,1,False,,,,,
575,287.5,31,1,1,False,,,,,
575,287.5,32,1,1,False,,,,,
575,287.5,33,1,1,False,,,,,
575,287.5,34,1,1,False,,,,,
575,287.5,35,1,1,False,,,,,
575,287.5,36,1,1,False,,,,,
575,287.5,37,1,1,False,,,,,
575,287.5,38,1,1,False,,,,,
575,287.5,39,1,1,False,,,,,
576,288.0,0,1,1,False,,,,,
576,288.0,1,1,1,False,,,,,
576,288.0,2,1,1,False,,,,,
576,288.0,3,1,1,False,,,,,
576,288.0,4,1,1,False,,,,,
576,288.0,5,1,1,False,,,,,
576,288.0,6,1,1,False,,,,,
576,288.0,7,1,1,False,,,,,
576,288.0,8,1,1,False,,,,,
576,288.0,9,1,1,False,,,,,
576,288.0,10,1,1,False,,,,,
576,288.0,11,1,1,False,,,,,
576,288.0,12,1,1,False,,,,,
576,288.0,13,1,1,False,,,,,
576,288.0,14,1,1,False,,,,,
576,288.0,15,1,1,False,,,,,
576,288.0,16,1,1,False,,,,,
576,288.0,17,1,1,False,,,,,
576,288.0,18,1,1,False,,,,,
576,288.0,19,1,1,False,,,,,
576,288.0,20,1,1,False,,,,,
576,288.0,21,1,1,False,,,,,
576,288.0,22,1,1,False,,,,,
576,288.0,23,1,1,False,,,,,
576,288.0,24,1,1,False,,,,,
576,288.0,25,1,1,False,,,,,
576,288.0,26,1,1,False,,,,,
576,288.0,27,1,1,False,,,,,
576,288.0,28,1,1,False,,,,,
576,288.0,29,1,1,False,,,,,
576,288.0,30,1,1,False,,,,,
576,288.0,31,1,1,False,,,,,
576,288.0,32,1,1,False,,,,,
576,288.0,33,1,1,False,,,,,
576,288.0,34,1,1,False,,,,,
576,288.0,35,1,1,False,,,,,
576,288.0,36,1,1,False,,,,,
576,288.0,37,1,1,False,,,,,
576,288.0,38,1,1,False,,,,,
576,288.0,39,1,1,False,,,,,
577,288.5,0,1,1,False,,,,,
577,288.5,1,1,1,False,,,,,
577,288.5,2,1,1,False,,,,,
577,288.5,3,1,1,False,,,,,
577,288.5,4,1,1,False,,,,,
577,288.5,5,1,1,False,,,,,
577,288.5,6,1,1,False,,,,,
577,288.5,7,1,1,False,,,,,
577,288.5,8,1,1,False,,,,,
577,288.5,9,1,1,False,,,,,
577,288.5,10,1,1,False,,,,,
577,288.5,11,1,1,False,,,,,
577,288.5,12,1,1,False,,,,,
577,288.5,13,1,1,False,,,,,
577,288.5,14,1,1,False,,,,,
577,288.5,15,1,1,False,,,,,
577,288.5,16,1,1,False,,,,,
577,288.5,17,1,1,False,,,,,
577,288.5,18,1,1,False,,,,,
577,288.5,19,1,1,False,,,,,
577,288.5,20,1,1,False,,,,,
577,288.5,21,1,1,False,,,,,
577,288.5,22,1,1,False,,,,,
577,288.5,23,1,1,False,,,,,
577,288.5,24,1,1,False,,,,,
577,288.5,25,1,1,False,,,,,
577,288.5,26,1,1,False,,,,,
577,288.5,27,1,1,False,,,,,
577,288.5,28,1,1,False,,,,,
577,288.5,29,1,1,False,,,,,
577,288.5,30,1,1,False,,,,,
577,288.5,31,1,1,False,,,,,
577,288.5,32,1,1,False,,,,,
577,288.5,33,1,1,False,,,,,
577,288.5,34,1,1,False,,,,,
577,288.5,35,1,1,False,,,,,
577,288.5,36,1,1,False,,,,,
577,288.5,37,1,1,False,,,,,
577,288.5,38,1,1,False,,,,,
577,288.5,39,1,1,False,,,,,
578,289.0,0,1,1,False,,,,,
578,289.0,1,1,1,False,,,,,
578,289.0,2,1,1,False,,,,,
578,289.0,3,1,1,False,,,,,
578,289.0,4,1,1,False,,,,,
578,289.0,5,1,1,False,,,,,
578,289.0,6,1,1,False,,,,,
578,289.0,7,1,1,False,,,,,
578,289.0,8,1,1,False,,,,,
578,289.0,9,1,1,False,,,,,
578,289.0,10,1,1,False,,,,,
578,289.0,11,1,1,False,,,,,
578,289.0,12,1,1,False,,,,,
578,289.0,13,1,1,False,,,,,
578,289.0,14,1,1,False,,,,,
578,289.0,15,1,1,False,,,,,
578,289.0,16,1,1,False,,,,,
578,289.0,17,1,1,False,,,,,
578,289.0,18,1,1,False,,,,,
578,289.0,19,1,1,False,,,,,
578,289.0,20,1,1,False,,,,,
578,289.0,21,1,1,False,,,,,
578,289.0,22,1,1,False,,,,,
578,289.0,23,1,1,False,,,,,
578,289.0,24,1,1,False,,,,,
578,289.0,25,1,1,False,,,,,
578,289.0,26,1,1,False,,,,,
578,289.0,27,1,1,False,,,,,
578,289.0,28,1,1,False,,,,,
578,289.0,29,1,1,False,,,,,
578,289.0,30,1,1,False,,,,,
578,289.0,31,1,1,False,,,,,
578,289.0,32,1,1,False,,,,,
578,289.0,33,1,1,False,,,,,
578,289.0,34,1,1,False,,,,,
578,289.0,35,1,1,False,,,,,
578,289.0,36,1,1,False,,,,,
578,289.0,37,1,1,False,,,,,
578,289.0,38,1,1,False,,,,,
578,289.0,39,1,1,False,,,,,
579,289.5,0,1,1,False,,,,,
579,289.5,1,1,1,False,,,,,
579,289.5,2,1,1,False,,,,,
579,289.5,3,1,1,False,,,,,
579,289.5,4,1,1,False,,,,,
579,289.5,5,1,1,False,,,,,
579,289.5,6,1,1,False,,,,,
579,289.5,7,1,1,False,,,,,
579,289.5,8,1,1,False,,,,,
579,289.5,9,1,1,False,,,,,
579,289.5,10,1,1,False,,,,,
579,289.5,11,1,1,False,,,,,
579,289.5,12,1,1,False,,,,,
579,289.5,13,1,1,False,,,,,
579,289.5,14,1,1,False,,,,,
579,289.5,15,1,1,False,,,,,
579,289.5,16,1,1,False,,,,,
579,289.5,17,1,1,False,,,,,
579,289.5,18,1,1,False,,,,,
579,289.5,19,1,1,False,,,,,
579,289.5,20,1,1,False,,,,,
579,289.5,21,1,1,False,,,,,
579,289.5,22,1,1,False,,,,,
579,289.5,23,1,1,False,,,,,
579,289.5,24,1,1,False,,,,,
579,289.5,25,1,1,False,,,,,
579,289.5,26,1,1,False,,,,,
579,289.5,27,1,1,False,,,,,
579,289.5,28,1,1,False,,,,,
579,289.5,29,1,1,False,,,,,
579,289.5,30,1,1,False,,,,,
579,289.5,31,1,1,False,,,,,
579,289.5,32,1,1,False,,,,,
579,289.5,33,1,1,False,,,,,
579,289.5,34,1,1,False,,,,,
579,289.5,35,1,1,False,,,,,
579,289.5,36,1,1,False,,,,,
579,289.5,37,1,1,False,,,,,
579,289.5,38,1,1,False,,,,,
579,289.5,39,1,1,False,,,,,
580,290.0,0,1,1,False,,,,,
580,290.0,1,1,1,False,,,,,
580,290.0,2,1,1,False,,,,,
580,290.0,3,1,1,False,,,,,
580,290.0,4,1,1,False,,,,,
580,290.0,5,1,1,False,,,,,
580,290.0,6,1,1,False,,,,,
580,290.0,7,1,1,False,,,,,
580,290.0,8,1,1,False,,,,,
580,290.0,9,1,1,False,,,,,
580,290.0,10,1,1,False,,,,,
580,290.0,11,1,1,False,,,,,
580,290.0,12,1,1,False,,,,,
580,290.0,13,1,1,False,,,,,
580,290.0,14,1,1,False,,,,,
580,290.0,15,1,1,False,,,,,
580,290.0,16,1,1,False,,,,,
580,290.0,17,1,1,False,,,,,
580,290.0,18,1,1,False,,,,,
580,290.0,19,1,1,False,,,,,
580,290.0,20,1,1,False,,,,,
580,290.0,21,1,1,False,,,,,
580,290.0,22,1,1,False,,,,,
580,290.0,23,1,1,False,,,,,
580,290.0,24,1,1,False,,,,,
580,290.0,25,1,1,False,,,,,
580,290.0,26,1,1,False,,,,,
580,290.0,27,1,1,False,,,,,
580,290.0,28,1,1,False,,,,,
580,290.0,29,1,1,False,,,,,
580,290.0,30,1,1,False,,,,,
580,290.0,31,1,1,False,,,,,
580,290.0,32,1,1,False,,,,,
580,290.0,33,1,1,False,,,,,
580,290.0,34,1,1,False,,,,,
580,290.0,35,1,1,False,,,,,
580,290.0,36,1,1,False,,,,,
580,290.0,37,1,1,False,,,,,
580,290.0,38,1,1,False,,,,,
580,290.0,39,1,1,False,,,,,
581,290.5,0,1,1,False,,,,,
581,290.5,1,1,1,False,,,,,
581,290.5,2,1,1,False,,,,,
581,290.5,3,1,1,False,,,,,
581,290.5,4,1,1,False,,,,,
581,290.5,5,1,1,False,,,,,
581,290.5,6,1,1,False,,,,,
581,290.5,7,1,1,False,,,,,
581,290.5,8,1,1,False,,,,,
581,290.5,9,1,1,False,,,,,
581,290.5,10,1,1,False,,,,,
581,290.5,11,1,1,False,,,,,
581,290.5,12,1,1,False,,,,,
581,290.5,13,1,1,False,,,,,
581,290.5,14,1,1,False,,,,,
581,290.5,15,1,1,False,,,,,
581,290.5,16,1,1,False,,,,,
581,290.5,17,1,1,False,,,,,
581,290.5,18,1,1,False,,,,,
581,290.5,19,1,1,False,,,,,
581,290.5,20,1,1,False,,,,,
581,290.5,21,1,1,False,,,,,
581,290.5,22,1,1,False,,,,,
581,290.5,23,1,1,False,,,,,
581,290.5,24,1,1,False,,,,,
581,290.5,25,1,1,False,,,,,
581,290.5,26,1,1,False,,,,,
581,290.5,27,1,1,False,,,,,
581,290.5,28,1,1,False,,,,,
581,290.5,29,1,1,False,,,,,
581,290.5,30,1,1,False,,,,,
581,290.5,31,1,1,False,,,,,
581,290.5,32,1,1,False,,,,,
581,290.5,33,1,1,False,,,,,
581,290.5,34,1,1,False,,,,,
581,290.5,35,1,1,False,,,,,
581,290.5,36,1,1,False,,,,,
581,290.5,37,1,1,False,,,,,
581,290.5,38,1,1,False,,,,,
581,290.5,39,1,1,False,,,,,
582,291.0,0,1,1,False,,,,,
582,291.0,1,1,1,False,,,,,
582,291.0,2,1,1,False,,,,,
582,291.0,3,1,1,False,,,,,
582,291.0,4,1,1,False,,,,,
582,291.0,5,1,1,False,,,,,
582,291.0,6,1,1,False,,,,,
582,291.0,7,1,1,False,,,,,
582,291.0,8,1,1,False,,,,,
582,291.0,9,1,1,False,,,,,
582,291.0,10,1,1,False,,,,,
582,291.0,11,1,1,False,,,,,
582,291.0,12,1,1,False,,,,,
582,291.0,13,1,1,False,,,,,
582,291.0,14,1,1,False,,,,,
582,291.0,15,1,1,False,,,,,
582,291.0,16,1,1,False,,,,,
582,291.0,17,1,1,False,,,,,
582,291.0,18,1,1,False,,,,,
582,291.0,19,1,1,False,,,,,
582,291.0,20,1,1,False,,,,,
582,291.0,21,1,1,False,,,,,
582,291.0,22,1,1,False,,,,,
582,291.0,23,1,1,False,,,,,
582,291.0,24,1,1,False,,,,,
582,291.0,25,1,1,False,,,,,
582,291.0,26,1,1,False,,,,,
582,291.0,27,1,1,False,,,,,
582,291.0,28,1,1,False,,,,,
582,291.0,29,1,1,False,,,,,
582,291.0,30,1,1,False,,,,,
582,291.0,31,1,1,False,,,,,
582,291.0,32,1,1,False,,,,,
582,291.0,33,1,1,False,,,,,
582,291.0,34,1,1,False,,,,,
582,291.0,35,1,1,False,,,,,
582,291.0,36,1,1,False,,,,,
582,291.0,37,1,1,False,,,,,
582,291.0,38,1,1,False,,,,,
582,291.0,39,1,1,False,,,,,
583,291.5,0,1,1,False,,,,,
583,291.5,1,1,1,False,,,,,
583,291.5,2,1,1,False,,,,,
583,291.5,3,1,1,False,,,,,
583,291.5,4,1,1,False,,,,,
583,291.5,5,1,1,False,,,,,
583,291.5,6,1,1,False,,,,,
583,291.5,7,1,1,False,,,,,
583,291.5,8,1,1,False,,,,,
583,291.5,9,1,1,False,,,,,
583,291.5,10,1,1,False,,,,,
583,291.5,11,1,1,False,,,,,
583,291.5,12,1,1,False,,,,,
583,291.5,13,1,1,False,,,,,
583,291.5,14,1,1,False,,,,,
583,291.5,15,1,1,False,,,,,
583,291.5,16,1,1,False,,,,,
583,291.5,17,1,1,False,,,,,
583,291.5,18,1,1,False,,,,,
583,291.5,19,1,1,False,,,,,
583,291.5,20,1,1,False,,,,,
583,291.5,21,1,1,False,,,,,
583,291.5,22,1,1,False,,,,,
583,291.5,23,1,1,False,,,,,
583,291.5,24,1,1,False,,,,,
583,291.5,25,1,1,False,,,,,
583,291.5,26,1,1,False,,,,,
583,291.5,27,1,1,False,,,,,
583,291.5,28,1,1,False,,,,,
583,291.5,29,1,1,False,,,,,
583,291.5,30,1,1,False,,,,,
583,291.5,31,1,1,False,,,,,
583,291.5,32,1,1,False,,,,,
583,291.5,33,1,1,False,,,,,
583,291.5,34,1,1,False,,,,,
583,291.5,35,1,1,False,,,,,
583,291.5,36,1,1,False,,,,,
583,291.5,37,1,1,False,,,,,
583,291.5,38,1,1,False,,,,,
583,291.5,39,1,1,False,,,,,
584,292.0,0,1,1,False,,,,,
584,292.0,1,1,1,False,,,,,
584,292.0,2,1,1,False,,,,,
584,292.0,3,1,1,False,,,,,
584,292.0,4,1,1,False,,,,,
584,292.0,5,1,1,False,,,,,
584,292.0,6,1,1,False,,,,,
584,292.0,7,1,1,False,,,,,
584,292.0,8,1,1,False,,,,,
584,292.0,9,1,1,False,,,,,
584,292.0,10,1,1,False,,,,,
584,292.0,11,1,1,False,,,,,
584,292.0,12,1,1,False,,,,,
584,292.0,13,1,1,False,,,,,
584,292.0,14,1,1,False,,,,,
584,292.0,15,1,1,False,,,,,
584,292.0,16,1,1,False,,,,,
584,292.0,17,1,1,False,,,,,
584,292.0,18,1,1,False,,,,,
584,292.0,19,1,1,False,,,,,
584,292.0,20,1,1,False,,,,,
584,292.0,21,1,1,False,,,,,
584,292.0,22,1,1,False,,,,,
584,292.0,23,1,1,False,,,,,
584,292.0,24,1,1,False,,,,,
584,292.0,25,1,1,False,,,,,
584,292.0,26,1,1,False,,,,,
584,292.0,27,1,1,False,,,,,
584,292.0,28,1,1,False,,,,,
584,292.0,29,1,1,False,,,,,
584,292.0,30,1,1,False,,,,,
584,292.0,31,1,1,False,,,,,
584,292.0,32,1,1,False,,,,,
584,292.0,33,1,1,False,,,,,
584,292.0,34,1,1,False,,,,,
584,292.0,35,1,1,False,,,,,
584,292.0,36,1,1,False,,,,,
584,292.0,37,1,1,False,,,,,
584,292.0,38,1,1,False,,,,,
584,292.0,39,1,1,False,,,,,
585,292.5,0,1,1,False,,,,,
585,292.5,1,1,1,False,,,,,
585,292.5,2,1,1,False,,,,,
585,292.5,3,1,1,False,,,,,
585,292.5,4,1,1,False,,,,,
585,292.5,5,1,1,False,,,,,
585,292.5,6,1,1,False,,,,,
585,292.5,7,1,1,False,,,,,
585,292.5,8,1,1,False,,,,,
585,292.5,9,1,1,False,,,,,
585,292.5,10,1,1,False,,,,,
585,292.5,11,1,1,False,,,,,
585,292.5,12,1,1,False,,,,,
585,292.5,13,1,1,False,,,,,
585,292.5,14,1,1,False,,,,,
585,292.5,15,1,1,False,,,,,
585,292.5,16,1,1,False,,,,,
585,292.5,17,1,1,False,,,,,
585,292.5,18,1,1,False,,,,,
585,292.5,19,1,1,False,,,,,
585,292.5,20,1,1,False,,,,,
585,292.5,21,1,1,False,,,,,
585,292.5,22,1,1,False,,,,,
585,292.5,23,1,1,False,,,,,
585,292.5,24,1,1,False,,,,,
585,292.5,25,1,1,False,,,,,
585,292.5,26,1,1,False,,,,,
585,292.5,27,1,1,False,,,,,
585,292.5,28,1,1,False,,,,,
585,292.5,29,1,1,False,,,,,
585,292.5,30,1,1,False,,,,,
585,292.5,31,1,1,False,,,,,
585,292.5,32,1,1,False,,,,,
585,292.5,33,1,1,False,,,,,
585,292.5,34,1,1,False,,,,,
585,292.5,35,1,1,False,,,,,
585,292.5,36,1,1,False,,,,,
585,292.5,37,1,1,False,,,,,
585,292.5,38,1,1,False,,,,,
585,292.5,39,1,1,False,,,,,
586,293.0,0,1,1,False,,,,,
586,293.0,1,1,1,False,,,,,
586,293.0,2,1,1,False,,,,,
586,293.0,3,1,1,False,,,,,
586,293.0,4,1,1,False,,,,,
586,293.0,5,1,1,False,,,,,
586,293.0,6,1,1,False,,,,,
586,293.0,7,1,1,False,,,,,
586,293.0,8,1,1,False,,,,,
586,293.0,9,1,1,False,,,,,
586,293.0,10,1,1,False,,,,,
586,293.0,11,1,1,False,,,,,
586,293.0,12,1,1,False,,,,,
586,293.0,13,1,1,False,,,,,
586,293.0,14,1,1,False,,,,,
586,293.0,15,1,1,False,,,,,
586,293.0,16,1,1,False,,,,,
586,293.0,17,1,1,False,,,,,
586,293.0,18,1,1,False,,,,,
586,293.0,19,1,1,False,,,,,
586,293.0,20,1,1,False,,,,,
586,293.0,21,1,1,False,,,,,
586,293.0,22,1,1,False,,,,,
586,293.0,23,1,1,False,,,,,
586,293.0,24,1,1,False,,,,,
586,293.0,25,1,1,False,,,,,
586,293.0,26,1,1,False,,,,,
586,293.0,27,1,1,False,,,,,
586,293.0,28,1,1,False,,,,,
586,293.0,29,1,1,False,,,,,
586,293.0,30,1,1,False,,,,,
586,293.0,31,1,1,False,,,,,
586,293.0,32,1,1,False,,,,,
586,293.0,33,1,1,False,,,,,
586,293.0,34,1,1,False,,,,,
586,293.0,35,1,1,False,,,,,
586,293.0,36,1,1,False,,,,,
586,293.0,37,1,1,False,,,,,
586,293.0,38,1,1,False,,,,,
586,293.0,39,1,1,False,,,,,
587,293.5,0,1,1,False,,,,,
587,293.5,1,1,1,False,,,,,
587,293.5,2,1,1,False,,,,,
587,293.5,3,1,1,False,,,,,
587,293.5,4,1,1,False,,,,,
587,293.5,5,1,1,False,,,,,
587,293.5,6,1,1,False,,,,,
587,293.5,7,1,1,False,,,,,
587,293.5,8,1,1,False,,,,,
587,293.5,9,1,1,False,,,,,
587,293.5,10,1,1,False,,,,,
587,293.5,11,1,1,False,,,,,
587,293.5,12,1,1,False,,,,,
587,293.5,13,1,1,False,,,,,
587,293.5,14,1,1,False,,,,,
587,293.5,15,1,1,False,,,,,
587,293.5,16,1,1,False,,,,,
587,293.5,17,1,1,False,,,,,
587,293.5,18,1,1,False,,,,,
587,293.5,19,1,1,False,,,,,
587,293.5,20,1,1,False,,,,,
587,293.5,21,1,1,False,,,,,
587,293.5,22,1,1,False,,,,,
587,293.5,23,1,1,False,,,,,
587,293.5,24,1,1,False,,,,,
587,293.5,25,1,1,False,,,,,
587,293.5,26,1,1,False,,,,,
587,293.5,27,1,1,False,,,,,
587,293.5,28,1,1,False,,,,,
587,293.5,29,1,1,False,,,,,
587,293.5,30,1,1,False,,,,,
587,293.5,31,1,1,False,,,,,
587,293.5,32,1,1,False,,,,,
587,293.5,33,1,1,False,,,,,
587,293.5,34,1,1,False,,,,,
587,293.5,35,1,1,False,,,,,
587,293.5,36,1,1,False,,,,,
587,293.5,37,1,1,False,,,,,
587,293.5,38,1,1,False,,,,,
587,293.5,39,1,1,False,,,,,
588,294.0,0,1,1,False,,,,,
588,294.0,1,1,1,False,,,,,
588,294.0,2,1,1,False,,,,,
588,294.0,3,1,1,False,,,,,
588,294.0,4,1,1,False,,,,,
588,294.0,5,1,1,False,,,,,
588,294.0,6,1,1,False,,,,,
588,294.0,7,1,1,False,,,,,
588,294.0,8,1,1,False,,,,,
588,294.0,9,1,1,False,,,,,
588,294.0,10,1,1,False,,,,,
588,294.0,11,1,1,False,,,,,
588,294.0,12,1,1,False,,,,,
588,294.0,13,1,1,False,,,,,
588,294.0,14,1,1,False,,,,,
588,294.0,15,1,1,False,,,,,
588,294.0,16,1,1,False,,,,,
588,294.0,17,1,1,False,,,,,
588,294.0,18,1,1,False,,,,,
588,294.0,19,1,1,False,,,,,
588,294.0,20,1,1,False,,,,,
588,294.0,21,1,1,False,,,,,
588,294.0,22,1,1,False,,,,,
588,294.0,23,1,1,False,,,,,
588,294.0,24,1,1,False,,,,,
588,294.0,25,1,1,False,,,,,
588,294.0,26,1,1,False,,,,,
588,294.0,27,1,1,False,,,,,
588,294.0,28,1,1,False,,,,,
588,294.0,29,1,1,False,,,,,
588,294.0,30,1,1,False,,,,,
588,294.0,31,1,1,False,,,,,
588,294.0,32,1,1,False,,,,,
588,294.0,33,1,1,False,,,,,
588,294.0,34,1,1,False,,,,,
588,294.0,35,1,1,False,,,,,
588,294.0,36,1,1,False,,,,,
588,294.0,37,1,1,False,,,,,
588,294.0,38,1,1,False,,,,,
588,294.0,39,1,1,False,,,,,
589,294.5,0,1,1,False,,,,,
589,294.5,1,1,1,False,,,,,
589,294.5,2,1,1,False,,,,,
589,294.5,3,1,1,False,,,,,
589,294.5,4,1,1,False,,,,,
589,294.5,5,1,1,False,,,,,
589,294.5,6,1,1,False,,,,,
589,294.5,7,1,1,False,,,,,
589,294.5,8,1,1,False,,,,,
589,294.5,9,1,1,False,,,,,
589,294.5,10,1,1,False,,,,,
589,294.5,11,1,1,False,,,,,
589,294.5,12,1,1,False,,,,,
589,294.5,13,1,1,False,,,,,
589,294.5,14,1,1,False,,,,,
589,294.5,15,1,1,False,,,,,
589,294.5,16,1,1,False,,,,,
589,294.5,17,1,1,False,,,,,
589,294.5,18,1,1,False,,,,,
589,294.5,19,1,1,False,,,,,
589,294.5,20,1,1,False,,,,,
589,294.5,21,1,1,False,,,,,
589,294.5,22,1,1,False,,,,,
589,294.5,23,1,1,False,,,,,
589,294.5,24,1,1,False,,,,,
589,294.5,25,1,1,False,,,,,
589,294.5,26,1,1,False,,,,,
589,294.5,27,1,1,False,,,,,
589,294.5,28,1,1,False,,,,,
589,294.5,29,1,1,False,,,,,
589,294.5,30,1,1,False,,,,,
589,294.5,31,1,1,False,,,,,
589,294.5,32,1,1,False,,,,,
589,294.5,33,1,1,False,,,,,
589,294.5,34,1,1,False,,,,,
589,294.5,35,1,1,False,,,,,
589,294.5,36,1,1,False,,,,,
589,294.5,37,1,1,False,,,,,
589,294.5,38,1,1,False,,,,,
589,294.5,39,1,1,False,,,,,
590,295.0,0,1,1,False,,,,,
590,295.0,1,1,1,False,,,,,
590,295.0,2,1,1,False,,,,,
590,295.0,3,1,1,False,,,,,
590,295.0,4,1,1,False,,,,,
590,295.0,5,1,1,False,,,,,
590,295.0,6,1,1,False,,,,,
590,295.0,7,1,1,False,,,,,
590,295.0,8,1,1,False,,,,,
590,295.0,9,1,1,False,,,,,
590,295.0,10,1,1,False,,,,,
590,295.0,11,1,1,False,,,,,
590,295.0,12,1,1,False,,,,,
590,295.0,13,1,1,False,,,,,
590,295.0,14,1,1,False,,,,,
590,295.0,15,1,1,False,,,,,
590,295.0,16,1,1,False,,,,,
590,295.0,17,1,1,False,,,,,
590,295.0,18,1,1,False,,,,,
590,295.0,19,1,1,False,,,,,
590,295.0,20,1,1,False,,,,,
590,295.0,21,1,1,False,,,,,
590,295.0,22,1,1,False,,,,,
590,295.0,23,1,1,False,,,,,
590,295.0,24,1,1,False,,,,,
590,295.0,25,1,1,False,,,,,
590,295.0,26,1,1,False,,,,,
590,295.0,27,1,1,False,,,,,
590,295.0,28,1,1,False,,,,,
590,295.0,29,1,1,False,,,,,
590,295.0,30,1,1,False,,,,,
590,295.0,31,1,1,False,,,,,
590,295.0,32,1,1,False,,,,,
590,295.0,33,1,1,False,,,,,
590,295.0,34,1,1,False,,,,,
590,295.0,35,1,1,False,,,,,
590,295.0,36,1,1,False,,,,,
590,295.0,37,1,1,False,,,,,
590,295.0,38,1,1,False,,,,,
590,295.0,39,1,1,False,,,,,
591,295.5,0,1,1,False,,,,,
591,295.5,1,1,1,False,,,,,
591,295.5,2,1,1,False,,,,,
591,295.5,3,1,1,False,,,,,
591,295.5,4,1,1,False,,,,,
591,295.5,5,1,1,False,,,,,
591,295.5,6,1,1,False,,,,,
591,295.5,7,1,1,False,,,,,
591,295.5,8,1,1,False,,,,,
591,295.5,9,1,1,False,,,,,
591,295.5,10,1,1,False,,,,,
591,295.5,11,1,1,False,,,,,
591,295.5,12,1,1,False,,,,,
591,295.5,13,1,1,False,,,,,
591,295.5,14,1,1,False,,,,,
591,295.5,15,1,1,False,,,,,
591,295.5,16,1,1,False,,,,,
591,295.5,17,1,1,False,,,,,
591,295.5,18,1,1,False,,,,,
591,295.5,19,1,1,False,,,,,
591,295.5,20,1,1,False,,,,,
591,295.5,21,1,1,False,,,,,
591,295.5,22,1,1,False,,,,,
591,295.5,23,1,1,False,,,,,
591,295.5,24,1,1,False,,,,,
591,295.5,25,1,1,False,,,,,
591,295.5,26,1,1,False,,,,,
591,295.5,27,1,1,False,,,,,
591,295.5,28,1,1,False,,,,,
591,295.5,29,1,1,False,,,,,
591,295.5,30,1,1,False,,,,,
591,295.5,31,1,1,False,,,,,
591,295.5,32,1,1,False,,,,,
591,295.5,33,1,1,False,,,,,
591,295.5,34,1,1,False,,,,,
591,295.5,35,1,1,False,,,,,
591,295.5,36,1,1,False,,,,,
591,295.5,37,1,1,False,,,,,
591,295.5,38,1,1,False,,,,,
591,295.5,39,1,1,False,,,,,
592,296.0,0,1,1,False,,,,,
592,296.0,1,1,1,False,,,,,
592,296.0,2,1,1,False,,,,,
592,296.0,3,1,1,False,,,,,
592,296.0,4,1,1,False,,,,,
592,296.0,5,1,1,False,,,,,
592,296.0,6,1,1,False,,,,,
592,296.0,7,1,1,False,,,,,
592,296.0,8,1,1,False,,,,,
592,296.0,9,1,1,False,,,,,
592,296.0,10,1,1,False,,,,,
592,296.0,11,1,1,False,,,,,
592,296.0,12,1,1,False,,,,,
592,296.0,13,1,1,False,,,,,
592,296.0,14,1,1,False,,,,,
592,296.0,15,1,1,False,,,,,
592,296.0,16,1,1,False,,,,,
592,296.0,17,1,1,False,,,,,
592,296.0,18,1,1,False,,,,,
592,296.0,19,1,1,False,,,,,
592,296.0,20,1,1,False,,,,,
592,296.0,21,1,1,False,,,,,
592,296.0,22,1,1,False,,,,,
592,296.0,23,1,1,False,,,,,
592,296.0,24,1,1,False,,,,,
592,296.0,25,1,1,False,,,,,
592,296.0,26,1,1,False,,,,,
592,296.0,27,1,1,False,,,,,
592,296.0,28,1,1,False,,,,,
592,296.0,29,1,1,False,,,,,
592,296.0,30,1,1,False,,,,,
592,296.0,31,1,1,False,,,,,
592,296.0,32,1,1,False,,,,,
592,296.0,33,1,1,False,,,,,
592,296.0,34,1,1,False,,,,,
592,296.0,35,1,1,False,,,,,
592,296.0,36,1,1,False,,,,,
592,296.0,37,1,1,False,,,,,
592,296.0,38,1,1,False,,,,,
592,296.0,39,1,1,False,,,,,
593,296.5,0,1,1,False,,,,,
593,296.5,1,1,1,False,,,,,
593,296.5,2,1,1,False,,,,,
593,296.5,3,1,1,False,,,,,
593,296.5,4,1,1,False,,,,,
593,296.5,5,1,1,False,,,,,
593,296.5,6,1,1,False,,,,,
593,296.5,7,1,1,False,,,,,
593,296.5,8,1,1,False,,,,,
593,296.5,9,1,1,False,,,,,
593,296.5,10,1,1,False,,,,,
593,296.5,11,1,1,False,,,,,
593,296.5,12,1,1,False,,,,,
593,296.5,13,1,1,False,,,,,
593,296.5,14,1,1,False,,,,,
593,296.5,15,1,1,False,,,,,
593,296.5,16,1,1,False,,,,,
593,296.5,17,1,1,False,,,,,
593,296.5,18,1,1,False,,,,,
593,296.5,19,1,1,False,,,,,
593,296.5,20,1,1,False,,,,,
593,296.5,21,1,1,False,,,,,
593,296.5,22,1,1,False,,,,,
593,296.5,23,1,1,False,,,,,
593,296.5,24,1,1,False,,,,,
593,296.5,25,1,1,False,,,,,
593,296.5,26,1,1,False,,,,,
593,296.5,27,1,1,False,,,,,
593,296.5,28,1,1,False,,,,,
593,296.5,29,1,1,False,,,,,
593,296.5,30,1,1,False,,,,,
593,296.5,31,1,1,False,,,,,
593,296.5,32,1,1,False,,,,,
593,296.5,33,1,1,False,,,,,
593,296.5,34,1,1,False,,,,,
593,296.5,35,1,1,False,,,,,
593,296.5,36,1,1,False,,,,,
593,296.5,37,1,1,False,,,,,
593,296.5,38,1,1,False,,,,,
593,296.5,39,1,1,False,,,,,
594,297.0,0,1,1,False,,,,,
594,297.0,1,1,1,False,,,,,
594,297.0,2,1,1,False,,,,,
594,297.0,3,1,1,False,,,,,
594,297.0,4,1,1,False,,,,,
594,297.0,5,1,1,False,,,,,
594,297.0,6,1,1,False,,,,,
594,297.0,7,1,1,False,,,,,
594,297.0,8,1,1,False,,,,,
594,297.0,9,1,1,False,,,,,
594,297.0,10,1,1,False,,,,,
594,297.0,11,1,1,False,,,,,
594,297.0,12,1,1,False,,,,,
594,297.0,13,1,1,False,,,,,
594,297.0,14,1,1,False,,,,,
594,297.0,15,1,1,False,,,,,
594,297.0,16,1,1,False,,,,,
594,297.0,17,1,1,False,,,,,
594,297.0,18,1,1,False,,,,,
594,297.0,19,1,1,False,,,,,
594,297.0,20,1,1,False,,,,,
594,297.0,21,1,1,False,,,,,
594,297.0,22,1,1,False,,,,,
594,297.0,23,1,1,False,,,,,
594,297.0,24,1,1,False,,,,,
594,297.0,25,1,1,False,,,,,
594,297.0,26,1,1,False,,,,,
594,297.0,27,1,1,False,,,,,
594,297.0,28,1,1,False,,,,,
594,297.0,29,1,1,False,,,,,
594,297.0,30,1,1,False,,,,,
594,297.0,31,1,1,False,,,,,
594,297.0,32,1,1,False,,,,,
594,297.0,33,1,1,False,,,,,
594,297.0,34,1,1,False,,,,,
594,297.0,35,1,1,False,,,,,
594,297.0,36,1,1,False,,,,,
594,297.0,37,1,1,False,,,,,
594,297.0,38,1,1,False,,,,,
594,297.0,39,1,1,False,,,,,
595,297.5,0,1,1,False,,,,,
595,297.5,1,1,1,False,,,,,
595,297.5,2,1,1,False,,,,,
595,297.5,3,1,1,False,,,,,
595,297.5,4,1,1,False,,,,,
595,297.5,5,1,1,False,,,,,
595,297.5,6,1,1,False,,,,,
595,297.5,7,1,1,False,,,,,
595,297.5,8,1,1,False,,,,,
595,297.5,9,1,1,False,,,,,
595,297.5,10,1,1,False,,,,,
595,297.5,11,1,1,False,,,,,
595,297.5,12,1,1,False,,,,,
595,297.5,13,1,1,False,,,,,
595,297.5,14,1,1,False,,,,,
595,297.5,15,1,1,False,,,,,
595,297.5,16,1,1,False,,,,,
595,297.5,17,1,1,False,,,,,
595,297.5,18,1,1,False,,,,,
595,297.5,19,1,1,False,,,,,
595,297.5,20,1,1,False,,,,,
595,297.5,21,1,1,False,,,,,
595,297.5,22,1,1,False,,,,,
595,297.5,23,1,1,False,,,,,
595,297.5,24,1,1,False,,,,,
595,297.5,25,1,1,False,,,,,
595,297.5,26,1,1,False,,,,,
595,297.5,27,1,1,False,,,,,
595,297.5,28,1,1,False,,,,,
595,297.5,29,1,1,False,,,,,
595,297.5,30,1,1,False,,,,,
595,297.5,31,1,1,False,,,,,
595,297.5,32,1,1,False,,,,,
595,297.5,33,1,1,False,,,,,
595,297.5,34,1,1,False,,,,,
595,297.5,35,1,1,False,,,,,
595,297.5,36,1,1,False,,,,,
595,297.5,37,1,1,False,,,,,
595,297.5,38,1,1,False,,,,,
595,297.5,39,1,1,False,,,,,
596,298.0,0,1,1,False,,,,,
596,298.0,1,1,1,False,,,,,
596,298.0,2,1,1,False,,,,,
596,298.0,3,1,1,False,,,,,
596,298.0,4,1,1,False,,,,,
596,298.0,5,1,1,False,,,,,
596,298.0,6,1,1,False,,,,,
596,298.0,7,1,1,False,,,,,
596,298.0,8,1,1,False,,,,,
596,298.0,9,1,1,False,,,,,
596,298.0,10,1,1,False,,,,,
596,298.0,11,1,1,False,,,,,
596,298.0,12,1,1,False,,,,,
596,298.0,13,1,1,False,,,,,
596,298.0,14,1,1,False,,,,,
596,298.0,15,1,1,False,,,,,
596,298.0,16,1,1,False,,,,,
596,298.0,17,1,1,False,,,,,
596,298.0,18,1,1,False,,,,,
596,298.0,19,1,1,False,,,,,
596,298.0,20,1,1,False,,,,,
596,298.0,21,1,1,False,,,,,
596,298.0,22,1,1,False,,,,,
596,298.0,23,1,1,False,,,,,
596,298.0,24,1,1,False,,,,,
596,298.0,25,1,1,False,,,,,
596,298.0,26,1,1,False,,,,,
596,298.0,27,1,1,False,,,,,
596,298.0,28,1,1,False,,,,,
596,298.0,29,1,1,False,,,,,
596,298.0,30,1,1,False,,,,,
596,298.0,31,1,1,False,,,,,
596,298.0,32,1,1,False,,,,,
596,298.0,33,1,1,False,,,,,
596,298.0,34,1,1,False,,,,,
596,298.0,35,1,1,False,,,,,
596,298.0,36,1,1,False,,,,,
596,298.0,37,1,1,False,,,,,
596,298.0,38,1,1,False,,,,,
596,298.0,39,1,1,False,,,,,
597,298.5,0,1,1,False,,,,,
597,298.5,1,1,1,False,,,,,
597,298.5,2,1,1,False,,,,,
597,298.5,3,1,1,False,,,,,
597,298.5,4,1,1,False,,,,,
597,298.5,5,1,1,False,,,,,
597,298.5,6,1,1,False,,,,,
597,298.5,7,1,1,False,,,,,
597,298.5,8,1,1,False,,,,,
597,298.5,9,1,1,False,,,,,
597,298.5,10,1,1,False,,,,,
597,298.5,11,1,1,False,,,,,
597,298.5,12,1,1,False,,,,,
597,298.5,13,1,1,False,,,,,
597,298.5,14,1,1,False,,,,,
597,298.5,15,1,1,False,,,,,
597,298.5,16,1,1,False,,,,,
597,298.5,17,1,1,False,,,,,
597,298.5,18,1,1,False,,,,,
597,298.5,19,1,1,False,,,,,
597,298.5,20,1,1,False,,,,,
597,298.5,21,1,1,False,,,,,
597,298.5,22,1,1,False,,,,,
597,298.5,23,1,1,False,,,,,
597,298.5,24,1,1,False,,,,,
597,298.5,25,1,1,False,,,,,
597,298.5,26,1,1,False,,,,,
597,298.5,27,1,1,False,,,,,
597,298.5,28,1,1,False,,,,,
597,298.5,29,1,1,False,,,,,
597,298.5,30,1,1,False,,,,,
597,298.5,31,1,1,False,,,,,
597,298.5,32,1,1,False,,,,,
597,298.5,33,1,1,False,,,,,
597,298.5,34,1,1,False,,,,,
597,298.5,35,1,1,False,,,,,
597,298.5,36,1,1,False,,,,,
597,298.5,37,1,1,False,,,,,
597,298.5,38,1,1,False,,,,,
597,298.5,39,1,1,False,,,,,
598,299.0,0,1,1,False,,,,,
598,299.0,1,1,1,False,,,,,
598,299.0,2,1,1,False,,,,,
598,299.0,3,1,1,False,,,,,
598,299.0,4,1,1,False,,,,,
598,299.0,5,1,1,False,,,,,
598,299.0,6,1,1,False,,,,,
598,299.0,7,1,1,False,,,,,
598,299.0,8,1,1,False,,,,,
598,299.0,9,1,1,False,,,,,
598,299.0,10,1,1,False,,,,,
598,299.0,11,1,1,False,,,,,
598,299.0,12,1,1,False,,,,,
598,299.0,13,1,1,False,,,,,
598,299.0,14,1,1,False,,,,,
598,299.0,15,1,1,False,,,,,
598,299.0,16,1,1,False,,,,,
598,299.0,17,1,1,False,,,,,
598,299.0,18,1,1,False,,,,,
598,299.0,19,1,1,False,,,,,
598,299.0,20,1,1,False,,,,,
598,299.0,21,1,1,False,,,,,
598,299.0,22,1,1,False,,,,,
598,299.0,23,1,1,False,,,,,
598,299.0,24,1,1,False,,,,,
598,299.0,25,1,1,False,,,,,
598,299.0,26,1,1,False,,,,,
598,299.0,27,1,1,False,,,,,
598,299.0,28,1,1,False,,,,,
598,299.0,29,1,1,False,,,,,
598,299.0,30,1,1,False,,,,,
598,299.0,31,1,1,False,,,,,
598,299.0,32,1,1,False,,,,,
598,299.0,33,1,1,False,,,,,
598,299.0,34,1,1,False,,,,,
598,299.0,35,1,1,False,,,,,
598,299.0,36,1,1,False,,,,,
598,299.0,37,1,1,False,,,,,
598,299.0,38,1,1,False,,,,,
598,299.0,39,1,1,False,,,,,
599,299.5,0,1,1,False,,,,,
599,299.5,1,1,1,False,,,,,
599,299.5,2,1,1,False,,,,,
599,299.5,3,1,1,False,,,,,
599,299.5,4,1,1,False,,,,,
599,299.5,5,1,1,False,,,,,
599,299.5,6,1,1,False,,,,,
599,299.5,7,1,1,False,,,,,
599,299.5,8,1,1,False,,,,,
599,299.5,9,1,1,False,,,,,
599,299.5,10,1,1,False,,,,,
599,299.5,11,1,1,False,,,,,
599,299.5,12,1,1,False,,,,,
599,299.5,13,1,1,False,,,,,
599,299.5,14,1,1,False,,,,,
599,299.5,15,1,1,False,,,,,
599,299.5,16,1,1,False,,,,,
599,299.5,17,1,1,False,,,,,
599,299.5,18,1,1,False,,,,,
599,299.5,19,1,1,False,,,,,
599,299.5,20,1,1,False,,,,,
599,299.5,21,1,1,False,,,,,
599,299.5,22,1,1,False,,,,,
599,299.5,23,1,1,False,,,,,
599,299.5,24,1,1,False,,,,,
599,299.5,25,1,1,False,,,,,
599,299.5,26,1,1,False,,,,,
599,299.5,27,1,1,False,,,,,
599,299.5,28,1,1,False,,,,,
599,299.5,29,1,1,False,,,,,
599,299.5,30,1,1,False,,,,,
599,299.5,31,1,1,False,,,,,
599,299.5,32,1,1,False,,,,,
599,299.5,33,1,1,False,,,,,
599,299.5,34,1,1,False,,,,,
599,299.5,35,1,1,False,,,,,
599,299.5,36,1,1,False,,,,,
599,299.5,37,1,1,False,,,,,
599,299.5,38,1,1,False,,,,,
599,299.5,39,1,1,False,,,,,
